sym,result_date,quarter,sales_yoy,np_yoy,np_yoy_prev,opm_now,opm_ago,margin_up,two_strong,n_signals,price_ok,trend,ret6,from_high,above50,rs,close,value_cr,industry,notes
CUPID,2026-08-07,2026-06-30,158.7290969899666,194.18838358938822,215.04728153747354,38.81,27.54,True,True,2,True,True,2.7034498514964582,-0.2308047391906487,True,99.0,324.2,615.0382658359999,Personal Care,
KMEW,2026-08-14,2026-06-30,138.10604497627398,465.81405880069997,123.85463113266346,63.61,41.14,True,True,2,True,True,1.0192319818399649,-1.2245527452189986,True,95.81558255897069,3202.3,22.4836007,Dredging,
SOTL,2026-08-05,2026-06-30,49.60469912649628,414.6295922248909,61.86760327731711,24.59,6.05,True,True,2,True,True,1.465034965034965,-9.867503486750351,True,94.04646175839885,775.5,17.422687675,Lubricants,
NRAIL,2026-08-14,2026-06-30,43.088423939487775,111.50502008541774,100.0,11.48,3.65,True,True,2,True,True,0.6102005870841487,-6.816251415628538,True,93.97569692637599,658.25,0.70551619,Paper & Paper Products,thin trading (Rs 0.7 Cr/day)
ANTELOPUS,2026-08-14,2026-06-30,158.81888208571988,450.69089757859626,157.6139058878605,70.18,52.99,True,True,2,True,True,0.8622673434856174,-14.741653110233187,True,93.83416726233023,1100.6,20.926062825,Oil Exploration & Production,
MARKSANS,2026-08-04,2026-06-30,35.61509056597687,173.82983143034303,64.2343048262283,25.34,16.15,True,True,2,True,True,0.9292298542967588,-7.565180225103296,True,91.28663330950678,324.4,60.56399035999999,Pharmaceuticals,
NGLFINE,2026-08-03,2026-06-30,33.5636817352913,99.06560006094152,2392.087436660515,16.74,10.54,True,True,2,True,True,0.46398762074463096,-13.323153803442533,True,90.7205146533238,3122.1,2.33639305,Pharmaceuticals,thin trading (Rs 2.3 Cr/day)
BALAMINES,2026-07-27,2026-06-30,27.233911927219978,113.88782250375642,60.26832887471738,25.42,15.26,True,True,2,True,True,1.1471678633441265,-13.008593809415181,True,88.24374553252323,2287.7,38.058646505,Specialty Chemicals,
PTCIL,2026-08-14,2026-06-30,97.42665980442615,465.88206444884486,140.0421580714111,25.49,9.04,True,True,2,True,True,0.5703517587939699,-4.145077720207258,True,87.04074338813439,23125.0,43.090151,Castings & Forgings,
PASUPTAC,2026-08-14,2026-06-30,10.280027771349221,1465.704097988291,132.9718624084899,16.38,2.79,True,True,2,True,True,0.5955435516542877,-12.793701562307792,True,84.42244460328806,70.89,0.5830826315,Petrochemicals,thin trading (Rs 0.6 Cr/day)
HONASA,2026-08-13,2026-06-30,26.997060058798827,119.04247966913869,178.14042813855394,14.58,7.69,True,True,2,True,True,0.5733552631578949,-6.17889368379757,True,83.0071479628306,478.3,35.802429110000006,Personal Care,
MUFIN,2026-08-11,2026-06-30,57.134096484055604,346.1923020100209,222.55023526944507,78.6,62.24,True,True,2,True,True,0.35251150690414246,-4.473498233215556,True,80.45961401000714,135.17,10.881810726,Non Banking Financial Company (NBFC),
GNFC,2026-08-05,2026-06-30,39.78763272954404,276.1852510134833,87.58455994712118,17.56,1.94,True,True,2,True,True,0.578881364434412,-1.0220125786163492,True,78.76125804145818,629.5,29.98041815,Commodity Chemicals,
JASH,2026-08-11,2026-06-30,17.451610375362424,100.0,58.497555757105445,5.39,-3.21,True,True,2,True,True,0.6153950583763237,-3.9473684210526216,True,76.5675482487491,594.95,5.42110779,Industrial Products,turnaround (loss a year ago)
ALGOQUANT,2026-08-14,2026-06-30,42.88073394495413,270.96396690493617,2652.28643602992,33.63,17.19,True,True,2,True,False,0.3434881949733435,-7.401574803149602,True,,70.56,8.248230598,Other Financial Services,new on NSE (185 days of data)
IBULLSLTD,2026-07-23,2026-06-30,292.3270028378083,100.0,100.0,42.82,14.76,True,True,2,True,True,1.9392212725546059,-4.76923076923077,True,,30.95,25.022644532999998,Diversified Commercial Services,turnaround (loss a year ago)
KMCSHIL,2026-08-14,2026-06-30,37.91134485349361,119.70871797048193,223.65086443150042,31.03,24.72,True,True,2,True,False,,-4.613661814109726,True,,170.36,1.814245125,Hospital,thin trading (Rs 1.8 Cr/day); new on NSE (35 days of data)
MOREPENLAB,2026-08-04,2026-06-30,34.072523751293396,394.26736368014144,-22.677949846044466,14.48,5.68,True,False,1,True,True,2.807458344353346,-0.8881239242685024,True,98.92923516797713,143.96,210.338235153,Pharmaceuticals,
INDSWFTLAB,2026-08-10,2026-06-30,25.351928239376686,183.6797121654186,9.34679046209217,17.47,2.36,True,False,1,True,True,1.8840475333093267,-5.721012360211897,True,98.85847033595425,400.45,21.2062982275,Pharmaceuticals,
BHAGYANGR,2026-07-27,2026-06-30,45.19769357495882,167.12652600008454,303.7648629370538,5.43,3.33,False,True,1,True,True,1.8446123521682,-7.469544774524472,True,98.64617583988563,432.95,4.269642985,Copper,thin trading (Rs 4.3 Cr/day)
SHILPAMED,2026-08-05,2026-06-30,44.89516580601007,115.10824478123224,147.70603169394354,29.26,28.28,False,True,1,True,True,1.760863975314991,-1.9452054794520501,True,98.5046461758399,1073.7,79.10627372,Pharmaceuticals,
SALSTEEL,2026-08-14,2026-06-30,-31.571115288220554,100.0,,15.51,-4.16,True,False,1,True,True,1.2310756972111556,-12.50000000000001,True,97.9385275196569,89.6,4.8284139255000005,Sponge Iron,turnaround (loss a year ago); thin trading (Rs 4.8 Cr/day)
SKYGOLD,2026-08-09,2026-06-30,77.92776068738729,140.78016446267213,137.6881537788924,7.79,6.31,False,True,1,True,True,1.5221290986619613,-2.2063854047890574,True,97.58470335954253,857.65,64.496053625,"Gems, Jewellery And Watches",
RATNAVEER,2026-07-24,2026-06-30,54.911131898970986,70.49042979393391,50.66505852175241,10.23,8.25,False,True,1,True,True,1.4077133007756388,-6.276209113782494,True,97.44317369549678,335.25,196.6256149175,Iron & Steel Products,
FCL,2026-07-23,2026-06-30,174.77201429926316,92.61126960736958,117.62642163468611,15.7,18.38,False,True,1,True,True,1.7937706465313825,-5.128205128205121,True,97.30164403145103,59.2,81.497260011,Specialty Chemicals,
RPTECH,2026-08-04,2026-06-30,61.85353442423245,69.28558447432474,70.42285011054122,3.04,3.28,False,True,1,True,True,1.627502056484782,-4.623270628048182,True,97.16011436740528,958.25,26.256968614999998,Computers Hardware & Equipments,
AEROFLEX,2026-07-27,2026-06-30,72.39416577730344,162.03913198150124,57.07557630970375,23.04,18.36,False,True,1,True,True,1.2182443925788204,-4.005820422836592,True,97.08934953538241,560.75,56.6039211825,Iron & Steel Products,
MANINDS,2026-08-11,2026-06-30,41.90640453828847,122.39632754253269,-25.410671711611865,13.62,6.62,True,False,1,True,True,1.6306704707560624,-11.315764162739262,True,97.01858470335955,922.05,54.5532826725,Iron & Steel Products,
SBC,2026-08-12,2026-06-30,67.09908915263595,268.08216027233425,51.63551401869157,10.83,7.48,False,True,1,True,True,1.0176586003924135,-4.237156604066438,True,96.8770550393138,61.7,39.810228601999995,Garments & Apparels,
AVALON,2026-08-04,2026-06-30,49.828338127493744,145.17364420862611,69.45762695382834,11.97,9.24,False,True,1,True,True,1.5600170639364368,-8.311688311688304,True,96.38170121515368,2400.4,83.975011505,Other Electrical Equipment,
SANSERA,2026-08-12,2026-06-30,33.26982552752804,58.56190920428514,107.67375420407444,19.18,17.1,False,True,1,True,True,0.9811382570439013,-10.764203647096037,True,95.95711222301644,4232.9,82.01786844,Auto Components & Equipments,
SAKAR,2026-07-24,2026-06-30,38.35798255593477,120.2784151653244,91.411069796912,29.12,24.1,False,True,1,True,True,1.0347370463807493,-14.745700695206732,True,95.46175839885632,1048.5,10.372122735,Pharmaceuticals,
PREMIERPOL,2026-08-14,2026-06-30,35.07451221385773,51.336194269972935,53.53675934580484,15.38,14.83,False,True,1,True,True,0.5722833117723156,-8.316831683168314,True,95.39099356683346,97.23,2.3415571920000002,Plastic Products - Industrial,thin trading (Rs 2.3 Cr/day)
IOLCP,2026-08-08,2026-06-30,37.080606862549615,89.9067919461663,69.24804102549733,13.68,11.26,False,True,1,True,True,1.7804373140121617,-1.8900657414170907,True,95.32022873481057,214.9,65.46142578599999,Pharmaceuticals,
LAURUSLABS,2026-07-24,2026-06-30,29.09968972393713,123.98169469580162,21.183013121132245,31.5,24.35,True,False,1,True,True,0.9656726435899894,-0.2578698973385918,True,95.10793423874195,2050.0,309.42943404,Pharmaceuticals,
VALIANTORG,2026-08-12,2026-06-30,13.272344797221258,257.04798958525606,274.5091921230653,17.98,12.17,False,True,1,True,True,1.1381536475145255,-1.232604373757451,True,95.03716940671909,496.8,1.4886119,Specialty Chemicals,thin trading (Rs 1.5 Cr/day)
LOKESHMACH,2026-08-14,2026-06-30,15.421436004162349,118.81980575789113,1533.5213537469783,17.31,17.92,False,True,1,True,True,1.127153059795547,-3.289473684210531,True,94.82487491065046,455.7,0.8327766799999999,Industrial Products,thin trading (Rs 0.8 Cr/day)
OAL,2026-07-29,2026-06-30,15.204859879389844,407.94870037730976,180.83714703293222,7.62,8.01,False,True,1,True,True,1.0860359809080897,-10.289473684210526,True,93.19728377412437,511.35,1.4287856625,Specialty Chemicals,thin trading (Rs 1.4 Cr/day)
KRISHANA,2026-08-14,2026-06-30,34.57804520402485,54.07706339658729,152.86321441915996,16.71,16.57,False,True,1,True,True,0.7958086053412463,-6.167934492950233,True,93.1265189421015,193.66,11.538320884,Fertilizers,
SYRMA,2026-07-29,2026-06-30,68.28958240640691,111.5549570893395,68.12558314533568,10.17,9.18,False,True,1,True,True,1.1161622504081374,-7.544167672555691,True,92.91422444603288,1685.1,166.18436036,Industrial Products,
SHANTIGOLD,2026-08-13,2026-06-30,136.25750280324516,186.68079083698424,460.777195872316,9.97,9.28,False,True,1,True,True,0.9897748093858973,-0.6052553882491929,True,92.20657612580415,336.65,44.996863161,"Gems, Jewellery And Watches",
LLOYDSENGG,2026-08-04,2026-06-30,142.91507303810883,127.1185726237809,137.71011568444425,12.55,12.22,False,True,1,True,True,1.4031836540746019,-2.927063339731284,True,91.85275196568978,101.15,66.45094666,Industrial Products,
MCX,2026-08-04,2026-06-30,88.09785375525846,103.47322938367323,291.09345386324276,70.37,64.62,False,True,1,True,True,0.35489152681129754,-4.92330671568909,True,91.56969263759828,3310.0,637.36873812,Exchange and Data Platform,
MANALIPETC,2026-08-13,2026-06-30,17.066518941492337,348.91465446794854,11.727188649526688,30.14,9.73,True,False,1,True,True,1.154923005132991,-0.6881720430107485,True,91.14510364546105,92.36,9.008598344,Petrochemicals,
WSTCSTPAPR,2026-07-23,2026-06-30,10.119939244749387,135.42281781484456,16.89244979968958,19.34,11.57,True,False,1,True,True,0.7433730755874521,-3.082368082368092,True,90.29592566118656,753.05,14.597008325,Paper & Paper Products,
EBGNG,2026-07-30,2026-06-30,32.0801844498527,56.13526020125927,185.51872736329807,11.97,10.35,False,True,1,True,True,0.8618206521739129,-6.1438356164383645,True,89.65904217298069,685.15,37.2001665825,Computers Hardware & Equipments,
ARROWGREEN,2026-08-13,2026-06-30,111.15384615384616,151.21274725274728,-34.66631522421315,40.9,34.25,True,False,1,True,True,0.6874822594379788,-6.40251902387825,True,88.59756969263759,891.75,2.0941697075000003,Packaging,thin trading (Rs 2.1 Cr/day)
ARFIN,2026-08-11,2026-06-30,95.45287525261806,277.08585023484886,1170.7592283832748,4.77,6.06,False,True,1,True,False,0.26539724228496375,-9.265536723163848,True,88.10221586847749,96.36,9.948678569999998,Aluminium,
SAMBHV,2026-08-03,2026-06-30,31.06528471439056,66.96765643483415,237.05375316206587,13.0,13.01,False,True,1,True,True,0.6079111727966688,-5.538730343622589,True,87.81915654038599,162.19,22.400145444,Iron & Steel Products,
KRN,2026-08-12,2026-06-30,118.87578070784177,165.0083732990025,57.12261096711075,19.44,15.26,False,True,1,True,True,0.6849686005646136,-13.319502074688804,True,87.5360972122945,1462.3,24.80094111,Other Industrial Products,
GHCLTEXTIL,2026-08-14,2026-06-30,52.73202614379085,190.94694881252826,94.78555670296164,16.9,11.2,False,True,1,True,True,0.8034539473684215,-8.99785600663946,True,86.96997855611151,131.58,7.667841845,Other Textile Products,
ENGINERSIN,2026-08-13,2026-06-30,-5.804494691851647,141.5719616824151,-30.122850817365787,15.42,8.28,True,False,1,True,True,0.56220393916729,-2.5202240199128756,True,86.54538956397427,313.3,64.72964056900001,Civil Construction,
MUKANDLTD,2026-07-23,2026-06-30,20.68733332742689,97.7018184079639,5016.127508199567,0.53,4.19,False,True,1,True,True,0.48083197389885823,-4.397051079515535,True,85.76697641172267,181.55,1.120092771,Iron & Steel Products,thin trading (Rs 1.1 Cr/day)
QUADFUTURE,2026-08-14,2026-06-30,41.280891054646716,,-27.629110211631147,-8.25,-35.19,True,False,1,True,True,0.9109792284866469,-3.4908321579689816,True,84.28091493924232,547.4,18.6616120275,Cables - Electricals,
ORCHPHARMA,2026-08-14,2026-06-30,15.570500398951337,100.0,16.943939049045873,4.6,-2.15,True,False,1,True,True,0.921630393279878,-11.97638828159161,True,83.71479628305933,1006.55,6.2225252950000005,Pharmaceuticals,turnaround (loss a year ago)
AYMSYNTEX,2026-08-11,2026-06-30,7.519603038470946,100.0,347.37035225048925,8.95,5.11,False,True,1,True,True,0.5787893673926094,-12.348484848484853,True,83.57326661901358,289.25,1.5971605725,Other Textile Products,turnaround (loss a year ago); thin trading (Rs 1.6 Cr/day)
KRISHNADEF,2026-08-12,2026-06-30,-15.181858341923126,20.665350525029112,72.80791999055536,26.32,18.55,True,False,1,True,False,0.49124999999999996,-6.264285714285722,True,81.09649749821301,1312.3,8.447461344999999,Aerospace & Defense,
AVTNPL,2026-07-25,2026-06-30,82.15526355535421,156.6099833036629,53.25631310951451,16.56,12.01,False,True,1,True,True,0.5365479638780033,-11.588235294117643,True,80.53037884203002,90.18,1.6200609025,Other Agricultural Products,thin trading (Rs 1.6 Cr/day)
PCJEWELLER,2026-08-10,2026-06-30,20.986053441116837,37.01643473859697,61.23039174355267,27.54,17.56,True,False,1,True,False,0.5749086479902557,-12.987886944818305,True,79.11508220157255,12.93,344.9798632875,"Gems, Jewellery And Watches",
NYKAA,2026-08-03,2026-06-30,29.098722006181134,225.01169487521048,314.64494349276936,8.48,6.53,False,True,1,True,True,0.3749085291487113,-3.247031898154773,True,77.69978556111508,338.2,140.08047535,E-Retail/ E-Commerce,
COFORGE,2026-07-27,2026-06-30,49.219846668826264,79.41083890182135,132.16608963424378,19.14,15.58,False,True,1,True,False,0.5243942640514256,-8.485058381159705,True,77.6290207290922,1849.7,364.89015891500003,Computers - Software & Consulting,
LLOYDSENT,2026-08-11,2026-06-30,70.15110305228166,-55.781090584017825,188.57243306671947,15.69,6.77,True,False,1,True,True,0.7321467809272688,-6.930342384887844,True,75.43531093638313,78.83,22.125742293,Trading - Metals,
PVRINOX,2026-07-23,2026-06-30,11.906732891832238,100.0,100.0,32.58,27.84,False,True,1,True,True,0.32576400679117157,-7.983502724996305,True,73.1000714796283,1249.4,52.20951312,"Film Production, Distribution & Exhibition",turnaround (loss a year ago)
VENKEYS,2026-08-14,2026-06-30,29.168543478511943,215.510048824562,660.8004411974005,6.18,2.72,False,True,1,True,True,0.3855461085676912,-6.617444487299585,True,72.53395282344532,1694.8,8.3577738,Meat Products including Poultry,
JTLIND,2026-08-05,2026-06-30,32.68304343029455,113.86411605540903,125.43902770186706,8.14,4.3,False,True,1,True,True,0.6946672012830792,-10.07446808510638,True,72.25089349535382,84.53,20.9523986705,Iron & Steel Products,
SUDARSCHEM,2026-07-28,2026-06-30,5.39311500259283,88.16761628316807,167.66988116881407,9.8,7.67,False,True,1,True,True,0.6250327997900811,-11.918645996302102,True,71.96783416726234,1238.6,29.574054,Dyes And Pigments,
SOLARA,2026-07-23,2026-06-30,19.56760144132854,54.713229743779635,100.0,16.24,17.87,False,True,1,True,True,0.433837429111531,-11.802325581395356,True,71.89706933523945,682.65,19.3605197575,Pharmaceuticals,
GUFICBIO,2026-08-14,2026-06-30,16.583229036295364,70.68263840074067,183.44701830215433,17.87,14.88,False,True,1,True,True,0.48232848232848236,-8.550662676357412,True,71.2601858470336,427.8,3.057678135,Pharmaceuticals,thin trading (Rs 3.1 Cr/day)
NPST,2026-08-11,2026-06-30,67.99524092801903,53.622576556898174,134.50579365451864,24.52,29.24,False,True,1,True,True,0.6248395520736509,-10.811467444120504,True,64.6082916368835,1835.5,7.798579909999999,Financial Technology (Fintech),
GREENPLY,2026-07-24,2026-06-30,20.652119638488053,50.5251204143637,151.45088253541314,10.01,8.73,False,True,1,True,True,0.6188324690660778,-5.711722488038262,True,64.0421729807005,315.3,4.733255925,Plywood Boards/ Laminates,thin trading (Rs 4.7 Cr/day)
ASAHIINDIA,2026-08-05,2026-06-30,15.027589237755755,172.09440951980346,44.63994418301471,22.96,15.65,True,False,1,True,False,0.16473953261927954,-10.898510242085656,True,63.19299499642602,956.95,10.60670728,Auto Components & Equipments,
PETRONET,2026-08-12,2026-06-30,-53.21628369357888,35.006323784115125,25.219546509247092,27.62,9.76,True,False,1,True,False,0.16808669362754713,-8.854166666666663,True,62.62687634024303,297.5,43.52140173,LPG/CNG/PNG/LNG Supplier,
BEML,2026-08-07,2026-06-30,29.279641634726094,,-37.47802168336658,0.24,-7.77,True,False,1,True,True,0.3775379426644183,-10.262550807426118,True,60.07934238741959,2042.2,46.53679734000001,Construction Vehicles,
AEROPLANE,2026-08-03,2026-06-30,55.09522140436969,127.69298461492573,65.16607638493083,9.32,10.36,False,True,1,True,False,0.1624444444444444,-3.531581373905024,True,,209.24,11.861377305500001,Other Agricultural Products,new on NSE (127 days of data)
ELANTAS,2026-08-14,2026-06-30,34.992616586481205,80.27860121057853,-5.463125729311946,28.83,18.88,True,False,1,True,False,,-8.00660066006601,True,,13937.0,3.10283415,Specialty Chemicals,thin trading (Rs 3.1 Cr/day); new on NSE (117 days of data)
HALDYNGL,2026-08-03,2026-06-30,20.57902973395931,90.2526268723452,62.4243200307322,15.89,14.54,False,True,1,True,False,,-13.133471730370005,True,,142.27,0.6114981375,Packaging,thin trading (Rs 0.6 Cr/day); new on NSE (117 days of data)
KPL,2026-08-10,2026-06-30,45.63150340868316,114.97335114958096,74.75787702331871,25.27,21.68,False,True,1,True,False,,-5.165864775892626,True,,3745.0,10.984901869999998,Pharmaceuticals,new on NSE (117 days of data)
KSHINTL,2026-08-14,2026-06-30,108.38001825634049,86.31021336712217,86.75154890006027,6.39,7.21,False,True,1,True,False,1.3064570090331213,-13.681135225375629,True,,1034.1,22.990787605,Cables - Electricals,new on NSE (194 days of data)
ORIRAIL,2026-08-11,2026-06-30,16.692111959287548,83.00509927751717,121.21521187074289,15.23,12.37,False,True,1,True,False,,-13.408450704225361,True,,122.96,0.9829466779999999,Other Industrial Products,thin trading (Rs 1.0 Cr/day); new on NSE (35 days of data)
RSL,2026-08-14,2026-06-30,32.414686825054,80.665173121554,58.23752438650591,9.37,8.96,False,True,1,True,False,0.4713354504429217,-12.93640589457027,True,,176.06,6.8289476659999995,Iron & Steel Products,new on NSE (135 days of data)
SHADOWFAX,2026-07-31,2026-06-30,64.91245112562838,719.4618705417822,100.0,6.76,3.06,False,True,1,True,False,1.4606971975393028,-1.4373716632443467,True,,288.0,108.30736701600001,Logistics Solution Provider,new on NSE (171 days of data)
SHUKRAPHAR,2026-08-12,2026-06-30,336.36363636363643,1158.170401027544,-131.91496387753202,81.38,24.49,True,False,1,True,False,,-3.7400530503978846,True,,72.58,10.827937114000001,Pharmaceuticals,new on NSE (36 days of data)
TIMEX,2026-08-14,2026-06-30,29.572629335858892,70.62386558857916,212.2429740371427,16.09,12.81,False,True,1,True,False,,-3.6856653942345607,True,,731.7,19.936141105,"Gems, Jewellery And Watches",new on NSE (117 days of data)
ACUTAAS,2026-07-24,2026-06-30,59.076433121019114,70.3855392421462,114.11863261629178,34.3,24.57,True,True,2,False,False,0.4959245569140367,-15.596256684491983,False,89.58827734095783,3156.7,95.7152921,Pharmaceuticals,
PANAMAPET,2026-07-29,2026-06-30,150.3029341334641,624.45402074401,60.51818998675233,22.35,7.91,True,True,2,False,True,0.8817425062525666,-15.927284856571045,True,88.38527519656897,504.1,10.193282655,Lubricants,
KERNEX,2026-08-13,2026-06-30,800.3754693366709,1382.0519989609654,109.81387394585691,32.33,22.49,True,True,2,False,False,0.8255516719703688,-32.18217054263566,False,86.05003573981415,1749.7,34.83347501,Transport Related Services,
DIVGIITTS,2026-08-14,2026-06-30,91.3225446428571,182.53088454482906,189.24386842299054,26.99,19.53,True,True,2,False,False,0.7658567371410541,-15.83696796510753,False,85.69621157969978,1119.2,12.567392504999999,Auto Components & Equipments,
KIRIINDUS,2026-08-12,2026-06-30,54.54185632297646,2764.8735357402766,100.0,5.09,-8.02,True,True,2,False,False,0.5038656358304452,-27.58664955070603,True,83.36097212294496,564.1,34.204260614999995,Dyes And Pigments,
PRABHA,2026-07-30,2026-06-30,49.55752212389382,100.0,100.0,18.93,-23.89,True,True,2,False,True,0.43888961123391,-15.780060882800607,True,82.01644031451036,221.33,2.361978312,Oil Exploration & Production,turnaround (loss a year ago); thin trading (Rs 2.4 Cr/day)
HINDCOPPER,2026-08-10,2026-06-30,81.36220152216434,162.48690935688631,137.3739357399979,54.19,41.06,True,True,2,False,False,-0.019489043724123967,-36.122623511611074,False,81.45032165832737,485.5,378.05667596,Copper,
VEDL,2026-07-30,2026-06-30,53.64351910625873,151.88783829489344,68.24696247090219,35.12,27.14,True,True,2,False,False,0.03125606678314896,-26.222222222222214,False,77.06290207290922,265.6,236.30659065,Diversified Metals,
GAEL,2026-08-01,2026-06-30,23.46522308186767,171.67248491625244,322.2344438504376,14.55,7.46,True,True,2,False,False,0.1600285001781261,-11.98983728850208,False,76.92137240886348,162.81,14.681973007499998,Other Agricultural Products,
UJJIVANSFB,2026-08-14,2026-06-30,25.08462849941935,206.4377340824333,238.10807971594983,49.5,40.12,True,True,2,False,False,0.17629014796102482,-11.833919394103331,False,76.07219442458899,65.19,84.4009997805,Other Bank,
HINDZINC,2026-07-24,2026-06-30,76.90129970402779,144.7698679035209,67.58326927780156,58.56,49.66,True,True,2,False,False,0.08124091129423161,-23.922237380627564,False,70.62330235882773,557.65,259.53665258,Zinc,
CENTENKA,2026-07-28,2026-06-30,38.04447986451822,301.15797934519264,463.8604048127075,15.47,4.95,True,True,2,False,False,0.42397587333500897,-15.640586615052477,False,69.06647605432451,566.6,2.87753061,Other Textile Products,thin trading (Rs 2.9 Cr/day)
SCI,2026-08-06,2026-06-30,40.31184462478343,74.8814295323388,118.56773385902497,45.35,37.16,True,True,2,False,True,0.2644935462699627,-21.6271186440678,True,67.36812008577556,289.0,45.371928485000005,Shipping,
MOBIKWIK,2026-08-03,2026-06-30,3.729363207547176,100.0,100.0,2.88,-15.27,True,True,2,False,False,0.4238504057391508,-18.388945062352548,True,65.31593995711222,242.14,15.531142354000002,Financial Technology (Fintech),turnaround (loss a year ago)
ARMANFIN,2026-08-12,2026-06-30,33.62913907284768,100.0,221.47830448959115,60.4,27.48,True,True,2,False,False,0.18080855962619347,-19.220791253590285,False,62.9807005003574,1743.7,6.05505414,Non Banking Financial Company (NBFC),turnaround (loss a year ago)
OIL,2026-08-07,2026-06-30,57.69776986275108,96.80144003406481,62.01498513468731,46.33,29.65,True,True,2,False,False,-0.06727064459023213,-15.659133709981166,False,61.70693352394568,447.85,94.04334209000001,Oil Exploration & Production,
GUJALKALI,2026-07-23,2026-06-30,12.649305052844962,100.0,69.7116541446315,17.81,8.6,True,True,2,False,False,0.01599138288176305,-24.77300613496932,False,60.50393137955683,613.1,4.8148841775,Commodity Chemicals,turnaround (loss a year ago); thin trading (Rs 4.8 Cr/day)
EQUITASBNK,2026-08-14,2026-06-30,18.894266341593593,100.0,405.2777394432379,46.92,16.61,True,True,2,False,False,0.25271889400921643,-18.998808104886777,False,59.79628305932809,67.96,11.422229751499998,Other Bank,turnaround (loss a year ago)
CHEMCON,2026-08-14,2026-06-30,24.23393124065769,71.47195869732312,61.256604117325544,23.21,14.52,True,True,2,False,False,0.5523027490182078,-24.59243843218869,True,59.5132237312366,217.4,0.5178436439999999,Specialty Chemicals,thin trading (Rs 0.5 Cr/day)
WALCHANNAG,2026-08-14,2026-06-30,83.7548047744285,100.0,100.0,8.08,-4.79,True,True,2,False,False,0.41873393092905276,-35.348321722609256,False,59.01786990707649,204.17,11.026733832499998,Industrial Products,turnaround (loss a year ago)
SPLPETRO,2026-07-27,2026-06-30,22.29815038055223,189.75254090161607,59.72351273897652,19.39,8.3,True,True,2,False,True,0.1192898600204848,-16.281920326864142,True,58.31022158684775,819.6,10.8966010875,Petrochemicals,
GIPCL,2026-08-14,2026-06-30,34.38845822566752,174.77097179559559,368.84585120563383,48.4,30.33,True,True,2,False,False,0.33840830449826975,-17.783760804874593,False,57.17798427448177,174.06,7.195779800999999,Power Generation,
MANAPPURAM,2026-07-23,2026-06-30,34.11303974999888,341.01677064547414,100.0,70.14,45.48,True,True,2,False,False,0.21266614542611406,-18.70003931332722,False,56.96568977841315,310.2,146.77705551999998,Non Banking Financial Company (NBFC),
POLYPLEX,2026-08-11,2026-06-30,29.61746622418284,100.0,100.0,13.15,-0.04,True,True,2,False,False,0.3024807958695377,-18.172468354430382,False,53.71050750536097,1034.3,5.471214990000001,Packaging,turnaround (loss a year ago)
MUTHOOTMF,2026-08-14,2026-06-30,19.694962586373556,1211.2529234687408,100.0,54.18,40.47,True,True,2,False,False,0.15635221771555652,-32.732047037333025,False,50.455325232308795,176.76,5.366139786,Microfinance Institutions,
ARVSMART,2026-08-07,2026-06-30,212.13639937106916,714.4767663588918,103.0564382411161,49.24,21.1,True,True,2,False,False,0.1434523245904744,-14.699441972169257,False,48.47390993566833,603.8,4.201501915000001,"Residential, Commercial Projects",thin trading (Rs 4.2 Cr/day)
XPROINDIA,2026-07-31,2026-06-30,20.372670807453396,100.0,101.7888683867636,9.09,-1.74,True,True,2,False,False,0.09746908809891797,-27.85750571501143,False,42.74195854181558,1136.1,6.66074453,Packaging,turnaround (loss a year ago)
IRMENERGY,2026-08-06,2026-06-30,24.13333333333334,143.11396226415098,190.30800582029568,18.96,9.86,True,True,2,False,False,0.41821330014609615,-30.661375661375658,False,40.26518942101501,262.1,1.6688126025000003,LPG/CNG/PNG/LNG Supplier,thin trading (Rs 1.7 Cr/day)
PURVA,2026-08-14,2026-06-30,61.84591914569033,100.0,100.0,22.22,12.72,True,True,2,False,False,0.1920923129136265,-26.64462234597982,False,36.51465332380272,210.75,3.194248723,"Residential, Commercial Projects",turnaround (loss a year ago); thin trading (Rs 3.2 Cr/day)
FUSION,2026-08-14,2026-06-30,3.592746676313663,100.0,100.0,46.67,12.61,True,True,2,False,False,0.14514161810543413,-30.452674897119337,False,34.60400285918514,169.0,10.465440259000001,Microfinance Institutions,turnaround (loss a year ago)
CREDITACC,2026-07-24,2026-06-30,21.91552338179903,720.482573416195,618.4928356290939,68.71,39.49,True,True,2,False,False,0.07462433143730363,-22.533659730722157,False,34.46247319513938,1265.8,32.6010604,Microfinance Institutions,
SPANDANA,2026-07-23,2026-06-30,-5.508220728216717,100.0,100.0,46.81,-108.69,True,True,2,False,False,0.08490425267346424,-31.70945522855353,False,32.5518227305218,218.12,2.93032234,Microfinance Institutions,turnaround (loss a year ago); thin trading (Rs 2.9 Cr/day)
SINDHUTRAD,2026-08-13,2026-06-30,-21.851941453973623,106.23933056424919,100.0,16.5,8.01,True,True,2,False,False,0.0,-25.119128658951663,False,27.45675482487491,22.0,1.5317410399999998,Coal,thin trading (Rs 1.5 Cr/day)
IZMO,2026-08-14,2026-06-30,15.696336931516552,103.2856541565065,151.1114478255215,25.08,17.11,True,True,2,False,False,0.2729950659105971,-37.128100676511245,False,23.069335239456755,864.3,7.849960084999999,IT Enabled Services,
ATALREAL,2026-08-12,2026-06-30,3.490566037735854,51.49822829280113,529.8924238956284,17.59,10.47,True,True,2,False,False,-0.49344262295081964,-66.32152588555859,False,2.1937097927090776,12.36,28.071290112,"Residential, Commercial Projects",
AMAGI,2026-08-13,2026-06-30,32.36381264012604,763.1455345272084,100.0,6.83,-0.36,True,True,2,False,False,0.7476765799256504,-22.442947484190267,False,,564.15,21.593871540000002,IT Enabled Services,new on NSE (175 days of data)
AYE,2026-08-14,2026-06-30,17.735411631233667,143.74665458402615,111.04531308839256,46.43,40.24,True,True,2,False,False,0.8189408921116239,-16.082923614983013,False,,165.56,13.138780682,Non Banking Financial Company (NBFC),new on NSE (157 days of data)
GNRL,2026-08-14,2026-06-30,70.74626865671641,488.1128639047429,100.0,202.1,8.06,True,True,2,False,False,,-18.287841191067,False,,98.79,0.8355853625,Oil Exploration & Production,thin trading (Rs 0.8 Cr/day); new on NSE (117 days of data)
PNGSREVA,2026-08-14,2026-06-30,119.47906976744184,265.32338669082856,350.55200124916286,28.76,21.56,True,True,2,False,False,0.5708339313908426,-15.031055900621116,True,,547.2,8.4219368275,"Gems, Jewellery And Watches",new on NSE (146 days of data)
ATHERENERG,2026-08-03,2026-06-30,91.67112931170264,,,-2.73,-22.16,True,False,1,False,False,0.8972643180476285,-17.08715596330275,False,94.75411007862759,1446.0,544.8910082399999,2/3 Wheelers,
TAKE,2026-08-11,2026-06-30,-19.099627064464563,100.0,100.0,-0.89,29.3,False,True,1,False,False,-0.7197282213055083,-76.96449940167531,False,94.40028591851322,11.55,1.0984021955,"Healthcare Research, Analytics & Technology",turnaround (loss a year ago); thin trading (Rs 1.1 Cr/day)
SYNCOMF,2026-08-11,2026-06-30,7.382378100940978,58.079634676478165,42.323733257706905,20.87,13.52,True,False,1,False,True,1.0548672566371677,-15.53292106220444,True,93.33881343817012,23.22,14.725650342000002,Pharmaceuticals,
UNIPARTS,2026-08-04,2026-06-30,26.943175589256363,64.35057681532,124.04457451953404,23.6,19.11,False,True,1,False,False,0.7580473246642507,-9.962334188547405,False,91.4989278055754,824.7,11.45560523,Auto Components & Equipments,
THANGAMAYL,2026-08-14,2026-06-30,71.1565865995661,86.34454308962995,354.7372134851349,5.42,5.58,False,True,1,False,False,0.3427676505446131,-35.95558546433379,False,90.01286633309506,4758.5,45.942803075,"Gems, Jewellery And Watches",
SPORTKING,2026-08-14,2026-06-30,20.12290884260839,122.90849063576816,-7.381705748094136,18.79,11.86,True,False,1,False,False,0.5785786564956801,-16.02832180862075,False,89.9421015010722,202.8,6.561375915999999,Other Textile Products,
CHENNPETRO,2026-07-23,2026-06-30,84.77481108516409,100.0,202.8849186986657,5.68,0.67,False,True,1,False,True,0.3617825139258901,-16.2026825633383,True,89.72980700500358,1405.7,210.79940836,Refineries & Marketing,turnaround (loss a year ago)
ASIANENE,2026-08-13,2026-06-30,135.06110774031376,126.87250357722908,53.54619550279105,7.8,9.93,False,True,1,False,True,0.7967145790554413,-18.021919745448123,True,87.25303788420301,463.75,17.480078345,Oil Equipment & Services,
RAIN,2026-08-06,2026-06-30,17.39863406477058,309.96348403570676,100.0,18.66,14.3,False,True,1,False,False,0.8803501945525292,-15.623015873015877,False,85.83774124374553,212.63,75.9110047005,Petrochemicals,
SGFIN,2026-08-14,2026-06-30,101.37594318686199,118.91585444569554,77.68631449899368,92.45,87.01,False,True,1,False,False,0.46363837312113176,-8.976561963021524,False,84.70550393137957,662.15,13.969713330000001,Non Banking Financial Company (NBFC),
NATIONALUM,2026-07-31,2026-06-30,39.2819429778247,90.86223451948557,-16.67515480452957,51.06,38.82,True,False,1,False,False,-0.16065206570433055,-24.23902055486914,False,83.43173695496785,337.25,202.7375120825,Aluminium,
SILVERTUC,2026-07-30,2026-06-30,23.449367088607588,147.6715001683802,43.54372239610625,21.85,14.29,True,False,1,False,False,0.20318098400769036,-36.49446494464945,False,83.29020729092208,137.68,7.356208184000001,Computers - Software & Consulting,
JNKINDIA,2026-08-11,2026-06-30,81.59434914228055,752.219094658948,149.63262939590578,8.84,3.33,False,True,1,False,True,0.7801776342349618,-20.976702508960578,True,83.14867762687634,440.95,5.7234200175,Industrial Products,
CRAFTSMAN,2026-07-29,2026-06-30,36.29932735426009,98.98415951011081,56.48861221553971,15.79,14.85,False,True,1,False,False,0.5242303726616586,-13.759479956663057,False,81.87491065046461,10348.0,42.750803,Auto Components & Equipments,
POWERINDIA,2026-08-14,2026-06-30,68.61789167624586,123.56080019996641,79.76126779391022,14.58,10.47,False,True,1,False,False,0.24935834155972358,-18.422070388036616,False,80.88420300214439,31640.0,276.53472025,Heavy Electrical Equipment,
VADILALIND,2026-08-12,2026-06-30,34.24268145837856,95.47440378772973,149.3089863636363,24.44,19.83,False,True,1,False,False,0.7015060871994228,-13.466319403338467,False,79.04431736954969,7309.5,11.133420825,Dairy Products,
OMAXE,2026-08-12,2026-06-30,43.90943877551021,100.0,,1.8,-60.1,True,False,1,False,True,0.4726551818430407,-22.449420404636754,True,78.54896354538955,107.71,9.106496265,"Residential, Commercial Projects",turnaround (loss a year ago)
RSWM,2026-08-03,2026-06-30,-0.775008331125937,132.9031054449961,2165.036113631901,7.76,6.22,False,True,1,False,False,0.6048837209302325,-13.012605042016812,False,77.9120800571837,207.03,0.8858904530000001,Other Textile Products,thin trading (Rs 0.9 Cr/day)
LLOYDSME,2026-08-10,2026-06-30,208.5520574612338,170.26959565140757,657.882428270214,37.82,33.32,False,True,1,False,False,0.3384715119210546,-12.555294117647053,False,77.34596140100072,1858.2,71.66185909,Industrial Minerals,
CARTRADE,2026-07-29,2026-06-30,16.250577901063345,25.524980623317294,53.67658337005974,31.31,25.14,True,False,1,False,False,0.7172092474640246,-11.511928278377148,False,76.77984274481773,2911.7,81.80951324,E-Retail/ E-Commerce,
JAYNECOIND,2026-08-14,2026-06-30,27.720617212841425,108.56505044862939,87.73831622843278,18.78,19.07,False,True,1,False,True,0.1957209773389037,-19.273504273504273,True,75.85989992852036,94.45,26.8254026055,Iron & Steel Products,
PONNIERODE,2026-08-14,2026-06-30,52.17823422229586,,85.65290277042527,-1.94,-14.49,True,False,1,False,True,0.336962341602713,-17.68131868131868,True,75.506075768406,374.55,1.4462233825000002,Sugar,thin trading (Rs 1.4 Cr/day)
BSE,2026-07-30,2026-06-30,63.47617307792681,65.82727769710688,61.36234353278076,66.79,65.29,False,True,1,False,False,0.15907975029809918,-25.676891247638757,False,75.22301644031451,3305.0,1399.975719575,Exchange and Data Platform,
NETWEB,2026-08-14,2026-06-30,172.1323993227317,179.9306597776321,65.53607397547323,14.7,14.87,False,True,1,False,False,0.5043423137876386,-18.35196972303458,False,74.72766261615439,4746.2,677.918797305,IT Enabled Services,
DREDGECORP,2026-08-14,2026-06-30,46.726387054161165,100.0,261.37756120525745,17.41,19.37,False,True,1,False,False,0.07637655417406752,-29.315707620528777,False,73.24160114367406,909.0,9.268657619999999,Dredging,turnaround (loss a year ago)
CGCL,2026-07-27,2026-06-30,57.05433461515472,102.13307589390178,59.085355880751386,68.54,64.5,False,True,1,False,False,0.48427824204893866,-14.113758914593843,False,73.17083631165119,246.88,71.90312463949999,Non Banking Financial Company (NBFC),
SAIL,2026-07-24,2026-06-30,1.249567930572626,134.60265740010735,62.98942885204344,15.82,10.68,False,True,1,False,False,0.14784738334622327,-15.069146399618505,False,72.81701215153682,178.1,297.072081142,Iron & Steel,
TVSSRICHAK,2026-08-13,2026-06-30,30.29008676974896,2135.5035940493763,167.8434268966784,7.57,5.89,False,True,1,False,False,0.26337448559670795,-23.782986111111104,False,72.60471765546819,4390.1,3.80922705,Tyres & Rubber Products,thin trading (Rs 3.8 Cr/day)
KAMATHOTEL,2026-08-11,2026-06-30,9.54627949183302,141.67942073455944,50.86666486252438,27.19,21.89,False,True,1,False,False,0.613792243421873,-21.474514563106805,True,71.61401000714795,258.82,1.4030089005000002,Hotels & Resorts,thin trading (Rs 1.4 Cr/day)
APEX,2026-08-14,2026-06-30,-0.6313913851874964,138.54112011226292,298.61661414469035,11.79,5.99,False,True,1,False,False,-0.09759660071703624,-33.95529640427599,False,71.33095067905647,339.8,3.6003430525000004,Seafood,thin trading (Rs 3.6 Cr/day)
EXICOM,2026-08-10,2026-06-30,61.24586012078708,,,-6.61,-18.79,True,False,1,False,False,0.8392415498763395,-17.44462652640483,False,71.18942101501072,156.17,15.791856729500001,Heavy Electrical Equipment,
AUTOIND,2026-08-13,2026-06-30,74.67429924990134,12301.875246742993,119.7782698676781,7.22,8.94,False,True,1,False,False,0.5564018861080884,-17.480769230769234,False,69.84488920657613,85.82,1.1161542370000002,Auto Components & Equipments,thin trading (Rs 1.1 Cr/day)
ADANIGREEN,2026-08-14,2026-06-30,16.605263157894747,17.664348200200774,21.08718505733067,89.93,80.05,True,False,1,False,False,0.5338785046728971,-19.521912350597614,False,69.77412437455325,1313.0,165.37703154000002,Power Generation,
IDFCFIRSTB,2026-07-25,2026-06-30,14.612301198384191,153.366342436428,11.751828310503388,38.45,31.67,True,False,1,False,False,0.35436731982729985,-8.983372391474164,False,69.20800571837027,81.56,127.594204353,Private Sector Bank,
SAREGAMA,2026-08-04,2026-06-30,27.484644774387014,42.0666936104154,33.82504850042154,34.94,26.74,True,False,1,False,False,0.5716068642745709,-12.323759791122713,False,67.86347390993566,503.7,20.0328959225,Media & Entertainment,
PROZONER,2026-08-14,2026-06-30,105.66801619433197,,,-35.56,-43.72,True,False,1,False,False,0.13479013414106467,-27.92359488800329,True,65.88205861329521,52.45,0.995257043,"Residential, Commercial Projects",thin trading (Rs 1.0 Cr/day)
NAHARSPING,2026-08-14,2026-06-30,17.920613221365112,332.77463634033995,1.16488972545572,13.16,7.07,True,False,1,False,False,0.1318763466866013,-26.24641833810889,False,64.11293781272337,257.4,0.707291975,Other Textile Products,thin trading (Rs 0.7 Cr/day)
KRBL,2026-08-13,2026-06-30,-5.585255783128728,73.22620965263853,0.8249796783265095,20.56,12.16,True,False,1,False,False,0.2655284552845527,-14.056978798586584,False,63.82987848463188,389.15,15.593667060000003,Other Agricultural Products,
GOLDIAM,2026-08-07,2026-06-30,41.9187742132068,120.10505720421479,60.66469084286845,20.33,17.92,False,True,1,False,False,0.4481185860889396,-20.266197890507275,False,63.617583988563254,317.5,15.713097519999998,"Gems, Jewellery And Watches",
GLENMARK,2026-07-31,2026-06-30,23.098601904155068,85.03306744291646,51.95206200773499,20.03,17.78,False,True,1,False,False,0.1047901328998948,-8.92969735182849,False,62.41458184417441,2311.0,111.6293997,Pharmaceuticals,
63MOONS,2026-08-12,2026-06-30,350.4433497536946,,,-52.3,-180.23,True,False,1,False,False,0.5998184202562293,-17.224281016754528,False,62.131522516082924,792.95,23.1202552825,Computers - Software & Consulting,
MINDACORP,2026-07-31,2026-06-30,33.22293416457411,64.90227307419684,134.341753921864,11.46,11.28,False,True,1,False,False,0.3155165536497808,-14.226267880364107,False,61.6361686919228,659.6,16.6724277675,Auto Components & Equipments,
IFCI,2026-08-11,2026-06-30,-19.67680141460779,-4.983533380694583,-85.42703495203818,57.66,47.3,True,False,1,False,False,0.2492372234935165,-39.06046511627906,False,61.49463902787706,65.51,294.17579257,Financial Institution,
HCG,2026-08-06,2026-06-30,13.363559266749302,174.1547300634652,429.5248308155035,17.59,17.58,False,True,1,False,False,0.2896532120523023,-14.900401395505881,False,60.857755539671196,680.55,7.3107481325000006,Hospital,
MCLEODRUSS,2026-08-14,2026-06-30,21.018724508713404,,100.0,11.16,3.32,True,False,1,False,False,0.21575342465753433,-45.670195128172416,False,59.088634739099355,42.6,1.103196538,Tea & Coffee,thin trading (Rs 1.1 Cr/day)
GOKULAGRO,2026-07-29,2026-06-30,7.261872125255109,71.61899540040812,144.8795947844137,3.86,2.72,False,True,1,False,False,0.09080097212885874,-18.80292532717476,False,57.531808434596144,210.95,6.3279190335,Edible Oil,
SILGO,2026-08-13,2026-06-30,10.75660893345487,92.72963273894665,9.15489923354411,32.35,13.58,True,False,1,False,False,-0.0522225252249795,-19.361948955916475,False,57.31951393852752,69.51,0.8556809759999999,"Gems, Jewellery And Watches",thin trading (Rs 0.9 Cr/day)
TEMBO,2026-08-11,2026-06-30,21.856359825890713,55.25402881520891,93.18020242334329,16.29,11.35,False,True,1,False,False,0.1851475076297051,-30.406212664277188,True,57.03645461043603,58.25,7.3148215505,Iron & Steel Products,
DHANBANK,2026-08-14,2026-06-30,22.188383728518613,104.50865433715802,50.045174769696274,60.62,54.8,False,True,1,False,False,0.26892605633802824,-21.763907734056996,False,56.75339528234453,28.83,1.5878749920000002,Private Sector Bank,thin trading (Rs 1.6 Cr/day)
GOCLCORP,2026-08-13,2026-06-30,26.54867256637168,-5.92002045075033,118.13731593344343,-122.38,-177.29,True,False,1,False,False,0.3680440771349862,-19.27828348504551,False,56.399571122230164,372.45,3.69895784,Explosives,thin trading (Rs 3.7 Cr/day)
MOL,2026-07-29,2026-06-30,-11.536455786969125,279.4957838703934,-59.54174116835744,18.04,10.9,True,False,1,False,False,0.3406764574988874,-29.408318687756296,True,55.55039313795569,60.25,6.456469525,Pesticides & Agrochemicals,
KAJARIACER,2026-07-31,2026-06-30,20.434553929303355,51.929192420120195,115.88083643655112,19.61,16.95,False,True,1,False,False,0.2461372619475386,-6.183335909723297,False,54.91350964974982,1213.8,23.64298989,Ceramics,
SURYODAY,2026-08-14,2026-06-30,25.686127996445673,113.24275648835163,100.0,41.88,37.61,False,True,1,False,False,0.20309769658459098,-30.518348623853207,False,54.55968548963545,151.47,5.468212005,Other Bank,
BESTAGRO,2026-07-30,2026-06-30,3.924037351799381,103.87392413565229,,19.62,12.02,True,False,1,False,False,0.3202952029520294,-47.99418604651162,False,52.012151536812006,17.89,1.1893602,Pesticides & Agrochemicals,thin trading (Rs 1.2 Cr/day)
AMBIKCO,2026-08-14,2026-06-30,34.347327846650714,61.411264819377706,54.59152765036035,15.28,14.03,False,True,1,False,False,0.22127490039840647,-20.626618332470226,False,51.870621872766264,1532.7,1.36380166,Other Textile Products,thin trading (Rs 1.4 Cr/day)
GAIL,2026-07-31,2026-06-30,16.671811474602016,96.00864327733143,-40.9680814132341,17.23,10.39,True,False,1,False,False,0.21413956113737398,-7.914593032589501,False,51.587562544674775,172.08,120.57121963200002,Gas Transmission/Marketing,
EXPLEOSOL,2026-08-01,2026-06-30,12.28576930483345,67.21591057848131,66.14881611646986,14.52,11.45,False,True,1,False,False,0.21918568356800994,-25.210620372734226,True,50.80914939242316,878.85,2.2867015275,IT Enabled Services,thin trading (Rs 2.3 Cr/day)
ENRIN,2026-08-14,2026-06-30,39.28051103888828,67.8557245808341,52.29114500040748,23.56,19.07,False,True,1,False,True,0.26627105666156203,-16.645665322580648,True,50.10150107219443,3307.5,122.16760025999999,Heavy Electrical Equipment,
CANBK,2026-07-27,2026-06-30,4.549633315124413,2.2725722286095484,-10.496108105951352,68.47,58.31,True,False,1,False,False,-0.07257556675062982,-27.66897906562711,False,49.959971408148675,117.82,166.13417124499998,Public Sector Bank,
TNPL,2026-08-14,2026-06-30,0.39751335259610165,100.0,989.5601133532864,10.02,8.88,False,True,1,False,False,0.11617590822179724,-16.961593172119493,False,49.53538241601144,145.94,3.116234608,Paper & Paper Products,turnaround (loss a year ago); thin trading (Rs 3.1 Cr/day)
TITAGARH,2026-08-12,2026-06-30,12.626232886795252,66.99751772869638,271.57400669574815,12.33,9.43,False,True,1,False,False,0.3089120182143439,-17.11122554067971,False,48.261615439599716,804.85,30.5888063,Railway Wagons,
PSPPROJECT,2026-07-30,2026-06-30,64.8389215080346,4330.04601552843,226.29831770423098,6.42,4.79,False,True,1,False,False,0.21114556006041818,-33.355205599300085,False,47.553967119370974,761.75,4.608820695,Civil Construction,thin trading (Rs 4.6 Cr/day)
DEEPAKFERT,2026-07-30,2026-06-30,22.473342736248235,101.00586784956774,-49.83522972238363,25.96,19.3,True,False,1,False,False,0.3957189624779651,-17.57287328970851,False,46.77555396711937,1385.6,30.69249805,Commodity Chemicals,
GMRAIRPORT,2026-08-12,2026-06-30,23.7627252958446,100.0,100.0,36.55,36.34,False,True,1,False,False,0.04714751884775503,-19.526115530958144,False,46.7047891350965,93.06,97.715018301,Airport & Airport services,turnaround (loss a year ago)
BRIGADE,2026-07-24,2026-06-30,-12.925207237304281,20.69004122582887,-24.514726954612577,32.33,25.24,True,False,1,False,False,0.10088016249153675,-29.218178652272332,False,46.492494639027875,569.1,18.461547010000004,"Residential, Commercial Projects",
LANDMARK,2026-08-11,2026-06-30,22.665109445051424,99.10858344704003,876.3689570694573,5.53,5.75,False,True,1,False,False,0.1852034525277435,-27.401812688821746,False,45.07719799857041,480.6,5.4929773325,Auto Dealer,
VIVIANA,2026-08-04,2026-06-30,128.50378787878788,84.22010805731735,203.5247683920028,15.71,20.39,False,True,1,False,False,0.2116133774347666,-29.1010752688172,True,44.08649035025017,824.2,1.3149131399999998,Civil Construction,thin trading (Rs 1.3 Cr/day)
KICL,2026-08-13,2026-06-30,2.941176470588225,100.0,-24.8060187458101,16.64,-69.9,True,False,1,False,False,0.1317641520536661,-26.645715418999515,False,43.94496068620443,4808.3,0.5093169,Investment Company,turnaround (loss a year ago); thin trading (Rs 0.5 Cr/day)
ESTER,2026-08-11,2026-06-30,27.78237729154347,100.0,304.289324801308,11.37,6.01,False,True,1,False,False,0.18418064841680337,-29.127972819932037,True,43.803431022158684,93.87,0.585588235,Packaging,turnaround (loss a year ago); thin trading (Rs 0.6 Cr/day)
SFL,2026-08-04,2026-06-30,25.63031859850746,777.8418512070706,504.583189424417,10.55,9.16,False,True,1,False,False,0.24992481203007522,-25.112619376539136,False,42.81272337383845,623.4,9.918696027500001,"Furniture, Home Furnishing",
NSLNISP,2026-08-14,2026-06-30,8.814282572907572,97.58382888238475,100.0,10.91,12.11,False,True,1,False,False,0.1517882286679808,-23.906976744186046,False,42.67119370979271,40.9,17.868438577000003,Iron & Steel,
AGIIL,2026-08-13,2026-06-30,5.27235018011134,37.66384254322253,69.5786763846322,41.57,33.11,True,False,1,False,False,-0.12892923180366433,-40.354511970534055,False,38.56683345246605,259.1,24.50211321,"Residential, Commercial Projects",
MAXIND,2026-07-29,2026-06-30,62.91246250340878,,,-57.5,-76.14,True,False,1,False,False,0.1491927101378976,-27.517482517482517,True,38.4253037884203,165.84,1.0406275145,Holding Company,thin trading (Rs 1.0 Cr/day)
RELTD,2026-08-14,2026-06-30,-26.23585833743236,-92.72972128937283,-52.66176810327603,31.76,17.14,True,False,1,False,False,0.13697783954906972,-25.044540595571384,False,37.0807719799857,147.25,2.3128876495,Other Electrical Equipment,thin trading (Rs 2.3 Cr/day)
SAMMAANCAP,2026-08-13,2026-06-30,-31.179046214478834,-27.226658344527866,-594.3110735330279,99.91,69.83,True,False,1,False,False,-0.08540319836679133,-30.344648872764957,False,35.73624017155111,134.4,72.574723015,Housing Finance Company,
DCMSHRIRAM,2026-07-23,2026-06-30,9.268496065188803,443.83775835310297,93.4552085637249,9.44,9.3,False,True,1,False,False,-0.12607158638974814,-29.81902058197303,False,35.59471050750536,988.85,7.987912690000001,Diversified,
STYRENIX,2026-08-04,2026-06-30,7.139374668786425,166.484844630727,33.82877754820972,21.79,10.22,True,False,1,False,False,0.11670493057833164,-22.99660761402186,False,34.533238027162255,2042.9,8.26505109,Specialty Chemicals,
PREMIERENE,2026-08-06,2026-06-30,35.25215022463395,53.339124159999194,64.41531663847348,29.01,30.11,False,True,1,False,False,-0.0112824985011174,-20.01763668430335,False,34.391708363116514,907.0,83.93064225,Other Electrical Equipment,
ATULAUTO,2026-08-08,2026-06-30,42.970284068595376,289.72640397957844,210.79173206518766,7.72,6.55,False,True,1,False,False,0.04548789435069711,-28.33794317324616,False,34.250178699070766,427.5,3.916737225,Commercial Vehicles,thin trading (Rs 3.9 Cr/day)
NLCINDIA,2026-08-07,2026-06-30,23.29406290761473,-48.01868359637938,216.30058184072774,31.2,24.43,True,False,1,False,False,-0.08506819813352484,-34.27024239298607,False,33.54253037884203,254.9,40.9336914,Power Generation,
MMTC,2026-08-11,2026-06-30,-50.0,135.47997959233854,1461.4497119544756,-2969.12,-1698.53,False,True,1,False,False,0.02980491329479773,-27.236758136566685,False,33.47176554681916,57.01,6.5819533515,Trading & Distributors,
PRINCEPIPE,2026-08-14,2026-06-30,4.996381930326321,600.8192239686841,132.02672926323316,12.66,6.86,False,True,1,False,False,0.14816791177516886,-26.68938103350369,False,33.18870621872766,258.2,3.44843841,Plastic Products - Industrial,thin trading (Rs 3.4 Cr/day)
TARC,2026-08-11,2026-06-30,186.11147713796282,-58.22283765156164,100.0,18.51,-158.53,True,False,1,False,False,0.03945054024625172,-33.38701019860441,False,31.136526090064333,124.1,5.746765926,"Residential, Commercial Projects",
IRB,2026-07-30,2026-06-30,1.8247044979204263,51.20704823369942,37.944750877694624,53.93,45.35,True,False,1,False,False,-0.18165137614678906,-25.51148225469728,False,30.641172265904217,17.84,14.585102842000001,Civil Construction,
TEJASNET,2026-07-27,2026-06-30,99.10882265570851,,,-24.96,-67.17,True,False,1,False,False,0.13500298151460943,-26.196200077549435,False,30.075053609721227,475.85,64.29120224249999,Telecom -  Equipment & Accessories,
THOMASCOTT,2026-08-14,2026-06-30,22.137687882724055,57.603134519477805,63.21077811853375,13.01,11.34,False,True,1,False,False,0.12911657083115524,-38.92996955197911,True,29.72122944960686,280.8,1.414886325,Garments & Apparels,thin trading (Rs 1.4 Cr/day)
ORISSAMINE,2026-08-14,2026-06-30,47.90913784202373,100.0,,31.48,4.59,True,False,1,False,False,0.07025295809732812,-41.21096613399794,False,29.438170121515366,3609.0,3.9117096049999995,Industrial Minerals,turnaround (loss a year ago); thin trading (Rs 3.9 Cr/day)
VENTIVE,2026-08-04,2026-06-30,6.966203566853868,227.62874666795403,74.15364489665102,35.3,40.94,False,True,1,False,False,0.014105354810622694,-26.65155236475849,False,29.367405289492492,582.35,1.2432763725000002,Hotels & Resorts,thin trading (Rs 1.2 Cr/day)
MAITHANALL,2026-08-13,2026-06-30,-14.673182457971556,-26.428563927262427,,16.84,10.34,True,False,1,False,False,0.0034697361898992085,-24.716965540038004,False,29.155110793423876,911.0,3.9835731025000007,Ferro & Silica Manganese,thin trading (Rs 4.0 Cr/day)
JITFINFRA,2026-08-06,2026-06-30,20.69761523920315,100.0,2148.8234312416557,21.35,23.62,False,True,1,False,False,-0.0981806261268644,-36.488514371464845,False,28.942816297355254,275.1,0.613954295,Water Supply & Management,turnaround (loss a year ago); thin trading (Rs 0.6 Cr/day)
UTKARSHBNK,2026-08-14,2026-06-30,0.30082528294603783,,-6386.72959713887,33.64,2.55,True,False,1,False,False,0.15358361774744012,-38.629142078983215,False,28.73052180128663,13.52,5.937674158,Other Bank,
NSIL,2026-08-07,2026-06-30,-7.3065516311674354,3.5216860433386676,100.0,98.28,88.33,True,False,1,False,False,0.04097072116329348,-39.318442153493706,False,26.395282344531807,5297.5,0.9155899,Investment Company,thin trading (Rs 0.9 Cr/day)
BOROSCI,2026-08-03,2026-06-30,11.221087726609703,90.19740632239564,215.94675073590736,7.92,5.06,False,True,1,False,False,0.01870671823005665,-37.35066371681417,False,26.112223016440314,113.27,0.6762759549999999,Glass - Industrial,thin trading (Rs 0.7 Cr/day)
KIOCL,2026-08-14,2026-06-30,73.75192434572244,,100.0,-16.83,-45.88,True,False,1,False,False,0.005544207761891018,-45.69379875502324,False,25.6168691922802,344.6,2.6065946625,Sponge Iron,thin trading (Rs 2.6 Cr/day)
BALAJITELE,2026-08-13,2026-06-30,229.93272003295345,100.0,-115.0615708780172,10.71,-13.48,True,False,1,False,False,0.07668529306860061,-33.79633014109218,False,24.343102215868477,90.56,1.0590467795,Media & Entertainment,turnaround (loss a year ago); thin trading (Rs 1.1 Cr/day)
DCW,2026-08-14,2026-06-30,13.966351209253403,202.96055029793192,60.901696527202255,6.6,11.3,False,True,1,False,False,0.13735589894530276,-35.86445366528355,True,21.93709792709078,46.37,4.639826284,Petrochemicals,thin trading (Rs 4.6 Cr/day)
SRM,2026-08-13,2026-06-30,37.82303370786515,54.60818529910236,124.75499966648545,19.47,14.33,False,True,1,False,False,0.001555768310196104,-35.61812447111316,False,21.15868477483917,418.45,3.2196436550000005,Civil Construction,thin trading (Rs 3.2 Cr/day)
INDOSTAR,2026-07-29,2026-06-30,5.927047247532835,100.0,-3486.6608174969583,43.82,-81.17,True,False,1,False,False,0.02008997035067983,-31.66095890410958,False,19.814152966404574,199.55,2.4837152899999997,Non Banking Financial Company (NBFC),turnaround (loss a year ago); thin trading (Rs 2.5 Cr/day)
SCILAL,2026-08-14,2026-06-30,37.65323992994747,-2.232983967887503,,-13.74,-27.15,True,False,1,False,False,-0.05611222444889785,-31.490909090909092,False,19.53109363831308,37.68,0.775714549,Investment Company,thin trading (Rs 0.8 Cr/day)
GOPAL,2026-08-14,2026-06-30,31.086072570382093,431.33554748528195,119.12309856053258,7.45,4.72,False,True,1,False,False,-0.02066985645933017,-29.788693743139405,False,19.31879914224446,255.85,3.7795440225,Packaged Foods,thin trading (Rs 3.8 Cr/day)
PSB,2026-08-14,2026-06-30,10.400046724797818,23.17064672431497,34.866429110954144,71.38,64.06,True,False,1,False,False,-0.058586762075134136,-35.150955021565,False,16.70050035739814,21.05,2.0016753030000003,Public Sector Bank,thin trading (Rs 2.0 Cr/day)
ASAL,2026-08-14,2026-06-30,46.36852140752297,84.2052820434813,168.66058487647493,5.57,6.21,False,True,1,False,False,0.03723533706497939,-32.10132228771707,False,16.20514653323803,426.2,0.68883326,Auto Components & Equipments,thin trading (Rs 0.7 Cr/day)
INOXGREEN,2026-08-07,2026-06-30,-22.971530249110327,82.16923744801265,241.26173315873123,-2.17,10.89,False,True,1,False,False,0.02403073698917213,-46.93382565884738,False,15.992852037169406,146.59,19.780108827,Diversified Commercial Services,
SANOFICONR,2026-08-14,2026-06-30,6.69986419194204,23.64307406759778,35.58869986172613,37.89,31.78,True,False,1,False,False,-0.18383172058277453,-28.896289248334917,False,15.709792709077913,3736.5,1.613250275,Pharmaceuticals,thin trading (Rs 1.6 Cr/day)
BDL,2026-08-14,2026-06-30,130.80708264429478,547.5074372561568,-58.505472979207894,14.52,-18.3,True,False,1,False,False,-0.07068151147098511,-32.54561038324967,False,14.64832022873481,1101.8,124.4248764,Aerospace & Defense,
SPMLINFRA,2026-08-12,2026-06-30,82.335963055609,87.26396205711198,126.53352111338401,9.44,4.62,False,True,1,False,False,-0.05436678683567853,-35.20717131474104,False,12.879199428162973,162.63,2.773220227,Civil Construction,thin trading (Rs 2.8 Cr/day)
RHETAN,2026-08-14,2026-06-30,-19.444444444444454,315.75854700854694,362.2777245658601,-16.26,12.1,False,True,1,False,False,-0.3253355022366816,-52.423286492687126,False,11.393137955682631,16.59,24.819972365500004,Iron & Steel Products,
RUSTOMJEE,2026-08-04,2026-06-30,72.19171060339778,220.77184884980784,-4.907199360265924,17.48,4.27,True,False,1,False,False,-0.020855472901168848,-41.869085173501574,False,10.827019299499643,368.55,1.179853875,"Residential, Commercial Projects",thin trading (Rs 1.2 Cr/day)
FINOPB,2026-08-14,2026-06-30,18.429250696835542,-177.2311631433004,-65.03743104002464,-294.93,-556.62,True,False,1,False,False,0.0533705558748665,-62.15634218289085,False,10.543959971408148,128.29,3.038603647,Other Bank,thin trading (Rs 3.0 Cr/day)
SWIGGY,2026-07-25,2026-06-30,37.31102600282201,,,-9.56,-19.25,True,False,1,False,False,-0.11312874523333949,-46.90727252962279,False,8.916368834882059,244.2,389.65171475,E-Retail/ E-Commerce,
PATANJALI,2026-08-14,2026-06-30,29.333917406169043,85.83902695255354,93.17903592511757,4.79,3.66,False,True,1,False,False,-0.22261484098939932,-40.88429281003175,True,8.279485346676196,363.0,91.624415865,Edible Oil,
JAICORPLTD,2026-08-13,2026-06-30,20.0609523809524,-72.91528842236441,-11.152846324269984,15.07,6.25,True,False,1,False,False,-0.06287674080232797,-47.99884659746252,False,8.067190850607576,90.17,2.537913117,Plastic Products - Industrial,thin trading (Rs 2.5 Cr/day)
NILASPACES,2026-08-03,2026-06-30,14.303208425177584,47.31525393538618,100.40241448692151,38.68,29.61,True,False,1,False,False,-0.16392215568862267,-44.06609914872308,False,7.71336669049321,11.17,1.1546326935,"Residential, Commercial Projects",thin trading (Rs 1.2 Cr/day)
IXIGO,2026-08-06,2026-06-30,12.877709223224176,80.90584449798864,91.1041704196905,5.72,7.34,False,True,1,False,False,-0.038893223696056745,-52.78490343505824,False,5.307362401715511,160.13,12.869036805,"Tour, Travel Related Services",
DBREALTY,2026-08-14,2026-06-30,-86.81589375602442,-126.81513134367914,,20.81,-3.56,True,False,1,False,False,-0.004860804242156402,-46.68560606060607,False,4.741243745532523,90.08,8.350098452,"Residential, Commercial Projects",
MTNL,2026-08-12,2026-06-30,25.93775403553593,,,-15.22,-45.89,True,False,1,False,False,-0.05095801059926619,-47.88448623237072,False,4.387419585418155,23.28,1.372161364,Telecom - Cellular & Fixed line services,thin trading (Rs 1.4 Cr/day)
POLICYBZR,2026-08-05,2026-06-30,40.08115787209103,92.50006248983209,53.823202034568695,7.24,2.55,False,True,1,False,False,-0.2747214240661574,-47.311882700336014,False,3.821300929235168,1034.9,195.73929486,Financial Technology (Fintech),
AWFIS,2026-08-13,2026-06-30,26.9554825216612,140.27816155106345,110.64398535316133,38.19,37.8,False,True,1,False,False,-0.057252351643246935,-61.911166718798874,False,1.6983559685489633,243.54,7.8585086,Diversified Commercial Services,
HGINFRA,2026-07-30,2026-06-30,-25.746188098772105,-41.483563158435324,-59.54677466179598,27.58,17.5,True,False,1,False,False,-0.1351575456053068,-57.27379794152287,False,0.9907076483202288,417.2,2.8729825725,Civil Construction,thin trading (Rs 2.9 Cr/day)
ADVANCE,2026-08-14,2026-06-30,95.93192195931921,152.49340131738685,422.1306212923502,10.61,10.15,False,True,1,False,False,0.22309929372663073,-23.53246753246753,False,,117.76,2.4086004545,Pesticides & Agrochemicals,thin trading (Rs 2.4 Cr/day); new on NSE (246 days of data)
ADVENTHTL,2026-08-06,2026-06-30,0.08701056556865705,76.36384809132839,-50.699115540027194,32.64,26.54,True,False,1,False,False,-0.13534738927409096,-64.58194464570353,False,,122.21,1.4065881059999998,Hotels & Resorts,thin trading (Rs 1.4 Cr/day); new on NSE (222 days of data)
BLUECLOUDS,2026-08-14,2026-06-30,41.96554234409122,24.880863895805128,-7.188360530243876,20.38,10.29,True,False,1,False,False,,-18.326530612244895,False,,20.01,3.1609245569999995,Software Products,thin trading (Rs 3.2 Cr/day); new on NSE (35 days of data)
CAPILLARY,2026-08-04,2026-06-30,42.66496192117406,2926.535263613478,54.371006641625975,15.7,9.92,False,True,1,False,False,0.1908335023321841,-26.503535890856746,True,,587.2,14.401871377500001,Software Products,new on NSE (216 days of data)
DECNGOLD,2026-08-07,2026-06-30,57.89473684210527,,-51.52655464902107,-1938.33,-6352.63,True,False,1,False,False,,-20.590111642743224,False,,199.16,26.334965592,Precious Metals,new on NSE (117 days of data)
FABTECH,2026-07-24,2026-06-30,10.24849286869578,100.0,45.485796212455874,5.65,-9.13,True,False,1,False,False,-0.02116732597682014,-46.33181126331812,False,,141.04,0.9611981475000001,"Healthcare Research, Analytics & Technology",turnaround (loss a year ago); thin trading (Rs 1.0 Cr/day); new on NSE (247 days of data)
FRACTAL,2026-07-23,2026-06-30,19.98685075608153,78.04500434773387,126.20638063806378,13.1,10.57,False,True,1,False,False,-0.0637103387371476,-33.6180679785331,False,,742.15,20.2993285825,Computers - Software & Consulting,new on NSE (157 days of data)
FREDUN,2026-08-05,2026-06-30,90.44639132248645,93.81712391226496,79.87368515193187,14.34,14.18,False,True,1,False,False,,-11.528301886792446,False,,1406.7,4.94702958,Pharmaceuticals,thin trading (Rs 4.9 Cr/day); new on NSE (35 days of data)
HAZOOR,2026-08-13,2026-06-30,-33.52960782135319,-97.83060077745931,92.8546408430449,84.48,14.4,True,False,1,False,False,,-19.96442863494886,False,,18.0,0.5002239700000001,Civil Construction,thin trading (Rs 0.5 Cr/day); new on NSE (35 days of data)
PINELABS,2026-07-28,2026-06-30,19.64735107402056,308.02814597037786,100.0,12.88,7.25,False,True,1,False,False,0.13065392419977728,-39.17957746478874,True,,172.73,339.7095017335,Financial Technology (Fintech),new on NSE (221 days of data)
RMC,2026-08-28,2026-06-30,-55.94463504081391,-49.01252792508276,-6.028932398747255,20.81,10.51,True,False,1,False,False,-0.4960154241645244,-63.00943396226415,False,,196.05,1.0262350355,Other Electrical Equipment,thin trading (Rs 1.0 Cr/day); new on NSE (128 days of data)
RUBICON,2026-08-05,2026-06-30,51.590116031660486,95.90677047414104,111.83642996315606,24.16,22.45,False,True,1,False,False,1.0607859585726267,-15.913638757240655,False,,1596.8,38.06891155,Pharmaceuticals,new on NSE (240 days of data)
TRUALT,2026-07-28,2026-06-30,106.28516897561617,1149.612081294598,-38.341403653217085,21.18,13.67,True,False,1,False,False,0.07279092225977801,-19.061930783242254,True,,444.35,9.945307184999999,Other Agricultural Products,new on NSE (249 days of data)
UTLSOLAR,2026-08-13,2026-06-30,297.42764323685765,505.11274348365805,233.3575140242519,18.94,15.45,False,True,1,False,False,1.0704399406821552,-15.255437531613547,False,,418.85,11.282318315000001,Other Electrical Equipment,new on NSE (217 days of data)
WAAREEINDO,2026-08-14,2026-06-30,-64.88596671460859,-68.64379458078984,4.912919664268567,70.89,32.65,True,False,1,False,False,-0.45650470219435735,-71.30344827586207,False,,208.05,2.575476295,Heavy Electrical Equipment,thin trading (Rs 2.6 Cr/day); new on NSE (245 days of data)
