date,rank,symbol,close,rs,market
2026-09-30,1,CUPID,311.65,98.9,CORRECTION
2026-09-30,2,RPEL,1809.0,97.7,CORRECTION
2026-09-30,3,SKYGOLD,810.7,96.8,CORRECTION
2026-09-30,4,TDPOWERSYS,786.05,95.9,CORRECTION
2026-09-30,5,SBC,58.29,95.7,CORRECTION
2026-09-30,6,LUMAXTECH,2076.7,90.8,CORRECTION
2026-09-30,7,KRISHANA,188.23,90.4,CORRECTION
2026-09-30,8,CHENNPETRO,1436.3,89.0,CORRECTION
2026-09-30,9,MCX,3300.4,87.6,CORRECTION
2026-09-30,10,ACUTAAS,3279.4,87.0,CORRECTION
2026-10-01,1,CUPID,312.5,99.0,CORRECTION
2026-10-01,2,RPEL,1818.9,98.0,CORRECTION
2026-10-01,3,SKYGOLD,810.65,97.3,CORRECTION
2026-10-01,4,TDPOWERSYS,792.15,96.4,CORRECTION
2026-10-01,5,SBC,58.54,96.1,CORRECTION
2026-10-01,6,MCX,3204.0,88.1,CORRECTION
2026-10-01,7,KRISHANA,184.59,87.9,CORRECTION
2026-10-01,8,LUMAXTECH,1978.9,85.2,CORRECTION
2026-10-06,1,CUPID,324.2,99.0,RALLY_ATTEMPT
2026-10-06,2,RPEL,1835.6,97.5,RALLY_ATTEMPT
2026-10-06,3,SKYGOLD,857.65,97.3,RALLY_ATTEMPT
2026-10-06,4,KAPSTON,547.25,97.2,RALLY_ATTEMPT
2026-10-06,5,SBC,61.7,96.4,RALLY_ATTEMPT
2026-10-06,6,TDPOWERSYS,816.0,95.9,RALLY_ATTEMPT
2026-10-06,7,KRISHANA,193.66,92.4,RALLY_ATTEMPT
2026-10-06,8,MCX,3310.0,90.4,RALLY_ATTEMPT
2026-10-06,9,MANORAMA,1985.6,82.3,RALLY_ATTEMPT
2026-10-07,1,CUPID,343.95,99.0,RALLY_ATTEMPT
2026-10-07,2,RPEL,1820.9,97.7,RALLY_ATTEMPT
2026-10-07,3,SKYGOLD,876.95,97.3,RALLY_ATTEMPT
2026-10-07,4,TDPOWERSYS,821.1,96.3,RALLY_ATTEMPT
2026-10-07,5,SBC,61.77,96.1,RALLY_ATTEMPT
2026-10-07,6,KRISHANA,191.38,93.2,RALLY_ATTEMPT
2026-10-07,7,CHENNPETRO,1612.3,92.6,RALLY_ATTEMPT
2026-10-07,8,MCX,3362.6,89.9,RALLY_ATTEMPT
2026-10-07,9,MANORAMA,1996.0,82.6,RALLY_ATTEMPT
