type,n,before 3m %,1m %,1m beat %,3m %,3m beat %,6m %,6m beat %,12m %,12m beat %,12m n,12m mean %
excluded / Midcap / from announcement,360,-2.0,-0.3,47.8,0.0,50.3,1.6,52.7,0.5,52.2,312,8.3
excluded / Midcap / from effective date,287,-0.3,0.2,50.9,-0.9,46.3,0.7,51.3,0.0,50.2,235,8.8
excluded / Nifty 200 / 500 / from announcement,602,-3.0,-0.2,49.2,-0.4,48.4,-0.7,49.0,-0.6,49.3,527,5.7
excluded / Nifty 200 / 500 / from effective date,478,-1.2,-0.3,48.3,0.0,49.9,0.7,51.3,0.0,50.2,410,10.2
excluded / Nifty 50 / Next 50 / 100 / from announcement,136,0.1,0.0,50.7,0.3,51.5,-0.4,49.2,0.2,50.8,124,6.7
excluded / Nifty 50 / Next 50 / 100 / from effective date,108,0.1,-0.2,49.1,0.8,55.6,3.3,55.9,0.4,51.0,96,7.5
excluded / Smallcap / from announcement,798,-2.6,-0.1,49.4,-0.5,48.5,-1.8,46.9,-3.3,45.5,685,7.1
excluded / Smallcap / from effective date,611,-1.9,0.1,50.9,0.3,50.8,-0.3,49.2,-2.6,46.0,511,10.2
included / Midcap / from announcement,355,0.3,0.3,51.5,1.8,55.8,0.5,51.9,-0.7,49.4,314,12.2
included / Midcap / from effective date,281,0.3,0.3,51.6,1.3,54.8,1.6,52.3,-1.1,48.5,235,14.5
included / Nifty 200 / 500 / from announcement,607,4.1,0.7,52.2,1.1,52.1,0.2,51.4,-2.5,46.9,548,10.8
included / Nifty 200 / 500 / from effective date,491,3.3,-0.1,49.3,0.9,51.5,-2.0,47.5,-1.4,47.3,433,9.7
included / Nifty 50 / Next 50 / 100 / from announcement,136,3.4,-0.2,49.3,0.3,51.9,-0.2,49.6,0.1,50.0,126,10.3
included / Nifty 50 / Next 50 / 100 / from effective date,111,3.5,0.9,56.8,0.8,52.3,4.7,57.5,-0.1,50.0,100,7.5
included / Smallcap / from announcement,771,3.9,0.3,51.0,0.4,51.2,0.1,50.5,-0.6,49.3,683,9.4
included / Smallcap / from effective date,611,2.0,0.1,50.6,-0.8,48.4,-0.7,48.3,-0.9,48.1,526,9.7
