sym,exit_date,exit,trade ret,peak after,peak date,run x,re-bought,first re-buy,re-buy vs exit,share of run captured
TATAELXSI,2016-01-14,947.45,-0.117,1465.45,2018-07-25,1.55,3,2016-02-05,0.098,-0.18
WELSPUNLIV,2016-01-21,78.0,-0.077,117.5,2016-06-14,1.51,4,2016-02-05,0.136,-0.16
BERGEPAINT,2016-02-12,145.83,-0.109,286.25,2018-08-29,1.96,2,2016-07-19,0.303,0.06
TATAELXSI,2016-02-12,937.5,-0.104,1465.45,2018-07-25,1.56,2,2018-05-14,0.267,0.05
WELSPUNLIV,2016-02-26,85.0,-0.046,117.5,2016-06-14,1.38,3,2016-03-14,0.154,-0.07
MARICO,2016-02-26,242.9,0.074,394.2,2018-12-19,1.62,1,2016-04-13,0.063,-0.1
PIDILITIND,2016-03-14,302.98,-0.009,600.5,2018-12-19,1.98,0,,,0.0
WELSPUNLIV,2016-04-06,93.0,-0.058,117.5,2016-06-14,1.26,2,2016-04-25,0.073,0.13
TVSMOTOR,2016-05-02,316.0,-0.01,785.05,2017-12-19,2.48,0,,,0.0
WELSPUNLIV,2016-05-09,93.0,-0.074,117.5,2016-06-14,1.26,1,2016-05-16,0.038,0.43
MARICO,2016-05-09,245.65,-0.054,394.2,2018-12-19,1.6,0,,,0.0
COSMOFIRST,2016-06-13,229.17,-0.035,307.23,2017-04-27,1.34,0,,,0.0
WELSPUNLIV,2016-07-04,106.75,0.1,112.0,2016-07-15,1.05,0,,,0.0
KIRIINDUS,2016-07-19,343.25,0.31,657.4,2018-01-15,1.92,1,2016-07-26,0.075,-0.09
BERGEPAINT,2016-07-26,198.75,0.04,286.25,2018-08-29,1.44,1,2016-08-31,0.123,-0.01
MFSL,2016-08-17,502.0,-0.02,676.7,2017-05-15,1.35,1,2016-08-31,0.133,0.02
KIRIINDUS,2016-08-24,349.0,-0.06,657.4,2018-01-15,1.88,0,,,0.0
MFSL,2016-09-23,571.75,-0.001,676.7,2017-05-15,1.18,0,,,0.0
BERGEPAINT,2016-10-18,222.42,-0.009,415.88,2019-10-18,1.87,0,,,0.0
GHCL,2016-12-21,250.55,-0.038,352.1,2018-01-24,1.41,0,,,0.0
VAKRANGEE,2017-02-09,150.15,0.114,505.0,2018-01-25,3.36,1,2017-05-25,0.177,0.24
AEGISLOG,2017-04-19,186.0,-0.098,298.5,2018-01-15,1.6,0,,,0.0
MRPL,2017-06-08,129.5,-0.036,142.35,2017-10-31,1.1,0,,,0.0
NATCOPHARM,2017-06-22,977.95,0.04,1035.7,2018-01-15,1.06,0,,,0.0
MOTILALOFS,2017-07-07,280.0,0.065,394.04,2018-01-05,1.41,2,2017-08-21,0.058,0.55
KSL,2017-07-07,441.5,-0.013,457.35,2017-08-08,1.04,0,,,0.0
VENKEYS,2017-07-21,2075.0,0.698,4574.9,2018-04-10,2.2,3,2017-09-19,0.056,-0.25
MOTHERSON,2017-07-21,95.84,-0.004,116.28,2017-12-19,1.21,0,,,0.0
CAPLIPOINT,2017-08-11,631.0,-0.098,727.1,2017-09-19,1.15,2,2017-08-21,0.062,-0.64
HINDPETRO,2017-08-29,311.6,0.039,325.57,2017-08-31,1.04,0,,,0.0
CAPLIPOINT,2017-09-05,654.9,-0.028,727.1,2017-09-19,1.11,1,2017-09-19,0.084,-0.65
VENKEYS,2017-09-26,1956.25,-0.113,4574.9,2018-04-10,2.34,2,2017-10-11,0.27,-0.1
CAPLIPOINT,2017-09-26,663.0,-0.072,714.4,2017-10-05,1.08,0,,,0.0
KRBL,2017-10-04,508.4,0.011,664.1,2017-11-02,1.31,0,,,0.0
MOTILALOFS,2017-11-09,331.5,0.112,394.04,2018-01-05,1.19,1,2017-12-14,0.048,0.44
KEI,2017-11-16,322.15,0.246,593.95,2019-10-30,1.84,5,2017-11-23,0.04,0.0
IGPL,2017-12-07,704.9,-0.092,829.5,2018-01-15,1.18,0,,,0.0
BEPL,2017-12-07,106.07,2.93,145.27,2018-04-09,1.37,1,2017-12-21,0.106,0.15
GRAVITA,2017-12-07,150.1,0.203,199.75,2018-04-27,1.33,1,2018-01-19,0.173,-0.61
AVANTIFEED,2017-12-14,848.33,0.807,898.33,2018-01-05,1.06,0,,,0.0
KEI,2017-12-21,360.2,0.069,593.95,2019-10-30,1.65,4,2018-01-05,0.052,-0.14
MOTILALOFS,2018-01-05,374.75,0.072,394.04,2018-01-05,1.05,0,,,0.0
DCMSHRIRAM,2018-01-05,560.0,0.152,612.15,2019-05-27,1.09,1,2019-05-06,-0.171,1.28
SECURKLOUD,2018-01-05,866.0,-0.053,864.85,2018-01-11,1.0,0,,,
KEI,2018-01-12,400.05,0.05,593.95,2019-10-30,1.48,3,2018-01-19,-0.046,-0.32
MOTILALOFS,2018-01-19,349.61,-0.117,367.5,2018-01-23,1.05,0,,,0.0
VENKEYS,2018-01-19,2501.0,0.0,4574.9,2018-04-10,1.83,1,2018-01-29,0.157,-0.15
JAMNAAUTO,2018-01-19,77.15,-0.062,100.95,2018-05-02,1.31,0,,,0.0
BEPL,2018-01-29,122.87,0.041,145.27,2018-04-09,1.18,0,,,0.0
MAITHANALL,2018-02-05,782.25,0.111,958.6,2018-02-23,1.23,0,,,0.0
VENKEYS,2018-02-05,2639.95,-0.093,4574.9,2018-04-10,1.73,0,,,0.0
KEI,2018-02-05,370.0,-0.037,593.95,2019-10-30,1.61,2,2018-05-07,0.15,-0.2
VIPIND,2018-02-05,324.2,0.221,633.0,2018-08-27,1.95,2,2018-05-07,0.231,0.26
GRAVITA,2018-02-05,148.0,-0.165,199.75,2018-04-27,1.35,0,,,0.0
VAKRANGEE,2018-02-05,236.4,0.329,286.0,2018-03-21,1.21,0,,,0.0
PAGEIND,2018-05-21,23005.1,-0.037,36005.9,2018-08-28,1.57,1,2018-05-28,0.082,0.36
ASHOKLEY,2018-05-21,73.97,-0.107,75.43,2018-06-01,1.02,0,,,0.0
TATAELXSI,2018-05-21,1153.15,-0.035,3846.95,2021-05-04,3.34,4,2018-05-28,0.074,0.76
KEI,2018-06-11,433.1,0.011,706.6,2021-06-04,1.63,2,2018-07-30,0.039,-0.5
SONATSOFTW,2018-06-11,125.98,-0.052,276.32,2021-06-08,2.19,2,2018-08-06,-0.015,-0.2
JAMNAAUTO,2018-06-11,90.15,-0.103,95.1,2018-06-12,1.05,0,,,0.0
HEGAM,2018-06-25,223.5,-0.036,339.04,2018-10-16,1.52,1,2018-07-30,0.31,-0.04
BAJAJFINSV,2018-07-02,586.0,-0.061,1248.66,2021-06-25,2.13,4,2018-07-30,0.188,0.09
JSWSTEEL,2018-07-02,327.0,-0.02,758.65,2021-05-10,2.32,1,2018-09-05,0.183,-0.11
VIPIND,2018-07-09,418.5,0.042,633.0,2018-08-27,1.51,1,2018-07-30,0.128,0.3
KEI,2018-08-13,402.0,-0.112,753.35,2021-07-01,1.87,1,2019-10-31,0.492,-0.21
SONATSOFTW,2018-08-13,121.01,-0.031,325.74,2021-08-09,2.69,1,2018-09-05,0.106,-0.13
VMART,2018-08-21,729.25,0.009,989.53,2021-08-02,1.36,0,,,0.0
BAJAJFINSV,2018-08-21,710.4,0.014,1500.64,2021-08-18,2.11,3,2019-06-03,0.153,0.06
LUXIND,2018-08-21,1825.65,-0.04,4251.35,2021-08-06,2.33,0,,,0.0
JUBLFOOD,2018-09-05,287.28,0.012,818.26,2021-09-02,2.85,0,,,0.0
GRAPHITE,2018-09-12,1004.0,0.23,1035.85,2018-10-19,1.03,0,,,0.0
HEGAM,2018-09-12,287.5,-0.024,339.04,2018-10-16,1.18,0,,,0.0
VIPIND,2018-09-12,535.0,0.126,548.3,2018-09-14,1.02,0,,,0.0
TATAELXSI,2018-09-12,1307.5,0.049,4928.75,2021-09-09,3.77,3,2020-09-09,-0.075,0.84
ABBOTINDIA,2018-09-28,7808.0,-0.02,21604.4,2021-09-23,2.77,3,2019-11-15,0.55,0.03
SONATSOFTW,2018-10-08,117.6,-0.126,352.16,2021-09-24,2.99,0,,,0.0
PAGEIND,2018-10-08,29201.0,0.166,37153.9,2021-10-07,1.27,0,,,0.0
JSWSTEEL,2018-10-23,353.8,-0.091,763.25,2021-08-05,2.16,0,,,0.0
WSTCSTPAPR,2018-11-21,341.45,-0.151,354.35,2018-11-21,1.04,0,,,0.0
GRAPHITE,2018-11-29,928.8,-0.056,934.85,2018-11-30,1.01,0,,,0.0
HEGAM,2018-11-29,297.93,-0.049,298.64,2018-11-30,1.0,0,,,0.0
PGHL,2019-03-26,3280.0,-0.049,7430.6,2021-02-15,2.27,2,2019-04-02,0.159,-0.01
TECHM,2019-04-02,790.95,-0.032,1806.1,2021-12-28,2.28,2,2019-04-16,0.01,-0.02
TITAN,2019-04-16,1093.1,0.027,2712.75,2022-03-22,2.48,1,2019-04-25,0.057,-0.03
AARTIIND,2019-04-25,392.0,-0.004,1156.55,2021-10-18,2.95,1,2019-05-27,0.148,0.04
PFC,2019-05-06,90.84,0.032,120.64,2021-10-18,1.33,1,2019-05-27,0.013,0.18
TECHM,2019-05-06,810.0,0.008,1806.1,2021-12-28,2.23,1,2019-05-13,0.002,-0.03
TITAN,2019-05-13,1125.3,-0.032,2712.75,2022-03-22,2.41,0,,,0.0
TECHM,2019-05-20,790.0,-0.032,1806.1,2021-12-28,2.29,0,,,0.0
PGHL,2019-05-27,3800.0,-0.006,7430.6,2021-02-15,1.96,1,2019-07-16,0.14,-0.01
AARTIIND,2019-06-03,469.96,0.038,1156.55,2021-10-18,2.46,0,,,0.0
DCMSHRIRAM,2019-06-11,520.0,0.114,1230.9,2021-10-12,2.37,1,2019-07-02,0.078,-0.06
BAJAJFINSV,2019-07-09,759.0,-0.079,1907.66,2021-10-19,2.51,2,2019-10-31,0.07,0.13
MANAPPURAM,2019-07-09,128.95,-0.061,222.3,2021-11-09,1.72,1,2019-10-24,0.223,0.14
DCMSHRIRAM,2019-07-16,532.0,-0.056,1230.9,2021-10-12,2.31,0,,,0.0
BAJFINANCE,2019-07-16,343.34,-0.014,792.93,2021-10-13,2.31,3,2019-09-23,0.113,-0.08
PFC,2019-07-23,96.72,0.045,120.64,2021-10-18,1.25,0,,,0.0
PGHL,2019-08-22,4315.0,-0.01,7430.6,2021-02-15,1.72,0,,,0.0
BALRAMCHIN,2019-09-30,163.7,0.011,516.95,2022-04-11,3.16,1,2019-11-07,-0.05,-0.05
BALRAMCHIN,2019-11-15,147.0,-0.06,516.95,2022-04-11,3.52,0,,,0.0
MUTHOOTFIN,2019-11-22,690.45,-0.035,1712.8,2021-11-15,2.48,8,2019-12-13,0.033,-0.25
KEI,2019-11-22,524.6,-0.131,1641.25,2022-10-27,3.13,0,,,0.0
BAJFINANCE,2019-12-06,401.0,0.043,792.93,2021-10-13,1.98,2,2019-12-13,0.015,-0.17
BAJAJFINSV,2020-01-06,933.9,0.143,1907.66,2021-10-19,2.04,1,2020-01-27,0.027,-0.02
BAJFINANCE,2020-01-06,416.4,0.017,792.93,2021-10-13,1.9,1,2020-02-07,0.12,-0.21
MUTHOOTFIN,2020-01-13,749.0,0.044,1712.8,2021-11-15,2.29,7,2020-02-24,0.204,-0.33
ABBOTINDIA,2020-01-13,12632.5,0.038,23184.5,2021-10-05,1.84,2,2020-02-07,0.043,-0.02
BAJAJFINSV,2020-02-01,944.26,-0.021,1907.66,2021-10-19,2.02,0,,,0.0
AVANTIFEED,2020-02-07,627.0,0.076,654.9,2021-07-05,1.04,0,,,0.0
MANAPPURAM,2020-02-07,170.45,0.074,222.3,2021-11-09,1.3,0,,,0.0
BERGEPAINT,2020-03-09,448.33,-0.073,720.79,2021-07-20,1.61,1,2020-04-27,-0.03,-0.17
BAJFINANCE,2020-03-09,407.0,-0.133,792.93,2021-10-13,1.95,0,,,0.0
COROMANDEL,2020-03-17,558.0,-0.114,1081.65,2022-09-01,1.94,1,2020-05-05,0.029,0.38
MUTHOOTFIN,2020-03-17,728.85,-0.197,1712.8,2021-11-15,2.35,6,2020-04-27,0.136,-0.07
ABBOTINDIA,2020-03-24,13898.0,0.049,23184.5,2021-10-05,1.67,1,2020-04-09,0.29,-0.12
BERGEPAINT,2020-05-05,401.83,-0.082,720.79,2021-07-20,1.79,0,,,0.0
MUTHOOTFIN,2020-05-05,802.45,-0.037,1712.8,2021-11-15,2.13,5,2020-05-12,0.026,-0.04
MUTHOOTFIN,2020-05-19,786.1,-0.051,1712.8,2021-11-15,2.18,4,2020-06-10,0.207,0.02
ABBOTINDIA,2020-06-03,16825.0,-0.067,23184.5,2021-10-05,1.38,0,,,0.0
DEEPAKNTR,2020-06-17,472.0,-0.07,2925.9,2021-10-19,6.2,4,2020-06-24,0.081,0.02
IGL,2020-06-24,228.5,-0.021,295.73,2021-09-13,1.29,0,,,0.0
DEEPAKNTR,2020-07-01,478.75,-0.067,2925.9,2021-10-19,6.11,3,2020-07-08,0.114,0.06
MUTHOOTFIN,2020-07-01,1099.9,0.152,1712.8,2021-11-15,1.56,3,2020-07-08,0.01,-0.29
MUTHOOTFIN,2020-07-15,1091.0,-0.024,1712.8,2021-11-15,1.57,2,2020-07-22,0.137,-0.25
DEEPAKNTR,2020-07-22,535.0,-0.002,2925.9,2021-10-19,5.47,2,2021-05-19,2.364,0.06
GUJENERGY,2020-07-29,244.88,0.005,658.56,2021-08-05,2.69,0,,,0.0
ALEMBICLTD,2020-07-29,77.2,-0.074,135.65,2021-07-19,1.76,2,2020-08-19,0.076,0.27
DIXON,2020-08-05,1570.0,0.469,5753.45,2021-10-18,3.66,3,2021-02-09,1.242,0.15
MUTHOOTFIN,2020-08-12,1155.0,-0.074,1712.8,2021-11-15,1.48,1,2020-08-19,0.087,-0.1
APLLTD,2020-08-19,1016.0,0.584,1126.7,2020-12-17,1.11,0,,,0.0
COROMANDEL,2020-08-19,736.7,0.276,1081.65,2022-09-01,1.47,0,,,0.0
ALEMBICLTD,2020-08-26,82.55,-0.013,135.65,2021-07-19,1.64,1,2020-09-02,0.061,0.32
MUTHOOTFIN,2020-08-26,1205.0,-0.046,1712.8,2021-11-15,1.42,0,,,0.0
AARTIDRUGS,2020-09-02,718.5,1.885,1011.85,2020-10-08,1.41,1,2020-10-08,0.294,-0.3
TATAELXSI,2020-09-23,1247.95,0.026,10684.9,2022-08-17,8.56,7,2020-10-22,0.242,0.63
EVEREADY,2020-10-08,143.35,-0.01,431.25,2023-08-28,3.01,4,2020-12-18,0.329,0.15
NAVINFLUOR,2020-10-15,2033.0,-0.009,4850.2,2023-04-28,2.39,1,2020-10-22,0.018,0.21
ALEMBICLTD,2020-10-15,102.5,0.163,135.65,2021-07-19,1.32,0,,,0.0
AARTIDRUGS,2020-10-15,837.95,-0.104,817.5,2021-05-14,0.98,0,,,
ALKYLAMINE,2020-10-22,1234.4,0.831,4622.65,2021-07-27,3.74,1,2020-11-12,0.069,0.83
APLLTD,2020-12-28,1078.0,-0.054,1096.95,2021-01-12,1.02,0,,,0.0
NAVINFLUOR,2021-01-18,2490.0,0.196,4850.2,2023-04-28,1.95,0,,,0.0
EVEREADY,2021-02-02,193.9,0.012,431.25,2023-08-28,2.22,3,2021-02-09,0.214,0.18
VAIBHAVGBL,2021-02-02,565.99,0.076,996.7,2021-05-07,1.76,2,2021-02-09,-0.042,0.68
LTM,2021-02-09,4121.7,0.036,7561.75,2022-01-04,1.83,0,,,0.0
EVEREADY,2021-03-17,282.4,0.192,431.25,2023-08-28,1.53,2,2021-04-09,0.081,-0.09
DIXON,2021-04-01,3702.45,0.046,7592.05,2024-04-01,2.05,2,2021-04-27,0.062,0.2
TATAELXSI,2021-04-01,2707.0,0.736,10684.9,2022-08-17,3.95,6,2021-04-09,0.082,0.58
VAIBHAVGBL,2021-04-01,793.0,0.454,996.7,2021-05-07,1.26,1,2021-04-09,0.084,0.02
EVEREADY,2021-04-19,271.8,-0.115,431.25,2023-08-28,1.59,1,2021-04-27,0.067,0.17
JINDALPOLY,2021-04-19,729.1,-0.104,1317.55,2022-02-10,1.81,1,2021-05-19,0.111,-0.07
DIXON,2021-05-11,3887.95,-0.017,8580.15,2024-04-26,2.21,1,2021-05-19,0.014,0.19
VAIBHAVGBL,2021-05-19,864.25,-0.001,855.4,2021-05-19,0.99,0,,,
JINDALPOLY,2021-06-02,779.0,-0.044,1317.55,2022-02-10,1.69,0,,,0.0
EVEREADY,2021-06-02,313.5,0.075,431.25,2023-08-28,1.38,0,,,0.0
POLYMED,2021-06-02,1009.95,0.385,1833.95,2024-05-29,1.82,0,,,0.0
SAREGAMA,2021-06-23,272.5,0.016,563.0,2024-06-11,2.07,0,,,0.0
DEEPAKNTR,2021-06-30,1767.8,-0.024,2925.9,2021-10-19,1.66,1,2021-08-27,0.177,0.24
DIXON,2021-07-22,4599.0,0.159,12679.6,2024-07-15,2.76,0,,,0.0
KOPRAN,2021-08-05,240.0,0.029,352.85,2021-12-28,1.47,0,,,0.0
GPIL,2021-08-05,71.33,0.02,231.12,2024-07-09,3.24,1,2024-05-03,1.56,-0.01
MASTEK,2021-08-12,2335.0,0.196,3437.55,2021-10-19,1.47,1,2021-08-27,0.108,0.11
PANAMAPET,2021-08-27,255.0,-0.158,439.95,2024-07-29,1.73,1,2021-09-03,0.068,-0.06
ALKYLAMINE,2021-08-27,3970.0,1.99,4347.25,2021-08-30,1.1,0,,,0.0
KPRMILL,2021-08-27,350.0,0.185,945.55,2024-08-06,2.7,3,2021-09-13,0.327,0.31
LAURUSLABS,2021-09-03,660.0,0.233,665.85,2021-09-07,1.01,0,,,0.0
TANLA,2021-09-13,880.0,-0.116,2061.7,2022-01-14,2.34,1,2021-10-26,0.332,0.4
PANAMAPET,2021-09-13,263.95,-0.037,439.95,2024-07-29,1.67,0,,,0.0
LUXIND,2021-09-20,4000.0,-0.036,4546.1,2021-11-17,1.14,0,,,0.0
KPRMILL,2021-10-04,427.1,-0.086,1009.25,2024-09-24,2.36,2,2021-10-26,0.021,0.46
DEEPAKNTR,2021-10-26,2350.0,0.123,3102.6,2024-08-07,1.32,0,,,0.0
MANALIPETC,2021-10-26,111.85,-0.145,142.4,2022-04-20,1.27,1,2021-11-10,0.114,-0.23
BALAMINES,2021-10-26,3838.0,0.41,3965.8,2021-10-26,1.03,0,,,0.0
VIDHIING,2021-10-26,333.9,-0.102,509.55,2024-09-27,1.53,0,,,0.0
COSMOFIRST,2021-10-26,931.83,-0.093,1377.67,2022-04-08,1.48,3,2021-11-02,0.13,-0.24
GLOBUSSPR,2021-10-26,1120.0,0.568,1719.5,2022-01-14,1.54,1,2022-01-06,0.369,-0.03
MASTEK,2021-10-26,2695.9,0.035,3346.6,2022-04-04,1.24,1,2022-01-13,0.205,-0.39
HGINFRA,2021-11-17,697.45,-0.035,1823.45,2024-06-24,2.61,0,,,0.0
NETWORK18,2021-11-17,80.55,-0.029,130.95,2024-01-11,1.63,0,,,0.0
MANALIPETC,2021-11-25,117.75,-0.061,142.4,2022-04-20,1.21,0,,,0.0
GRAVITA,2021-11-25,200.0,0.015,2664.65,2024-09-17,13.32,6,2022-01-06,0.509,0.14
COSMOFIRST,2021-11-25,963.67,-0.091,1377.67,2022-04-08,1.43,2,2022-01-06,0.015,-0.02
TATAELXSI,2021-12-02,5913.0,1.006,10684.9,2022-08-17,1.81,5,2022-01-06,-0.007,0.17
CDSL,2021-12-30,734.5,0.043,1964.05,2024-12-17,2.67,3,2022-01-06,0.03,-0.09
VEDL,2022-01-06,125.09,0.004,195.51,2024-12-12,1.56,1,2022-02-11,0.132,-0.2
APLAPOLLO,2022-01-13,925.5,-0.031,1795.3,2023-09-05,1.94,0,,,0.0
POLYPLEX,2022-01-20,1836.9,-0.054,2805.1,2022-04-11,1.53,2,2022-02-11,0.125,-0.34
MASTEK,2022-01-20,2985.0,-0.087,3346.6,2022-04-04,1.12,0,,,0.0
KPRMILL,2022-01-28,665.0,0.516,1150.3,2024-12-20,1.73,1,2022-04-05,0.006,-0.05
GLOBUSSPR,2022-01-28,1515.0,-0.018,1590.3,2022-03-28,1.05,0,,,0.0
CDSL,2022-01-28,747.5,-0.018,1964.05,2024-12-17,2.63,2,2023-11-13,0.231,-0.08
TANLA,2022-01-28,1650.0,0.399,1802.6,2022-02-02,1.09,0,,,0.0
VEDL,2022-02-25,129.55,-0.09,195.51,2024-12-12,1.51,0,,,0.0
POLYPLEX,2022-02-25,1800.0,-0.134,2805.1,2022-04-11,1.56,1,2022-03-22,0.278,-0.01
TATAELXSI,2022-02-25,6350.0,0.075,10684.9,2022-08-17,1.68,4,2022-03-22,0.17,0.04
GRAVITA,2022-02-25,334.8,0.103,2664.65,2024-09-17,7.96,5,2022-03-22,0.051,0.13
COSMOFIRST,2022-02-25,1009.93,0.026,1377.67,2022-04-08,1.36,1,2022-03-22,0.165,-0.12
GRAVITA,2022-04-05,327.55,-0.075,2664.65,2024-09-17,8.14,4,2023-06-20,0.936,0.16
KPRMILL,2022-04-21,651.0,-0.033,1150.3,2024-12-20,1.77,0,,,0.0
GLOBUSSPR,2022-04-21,1426.0,-0.114,1421.8,2022-04-21,1.0,0,,,
TATAELXSI,2022-04-21,7940.0,0.062,10684.9,2022-08-17,1.35,3,2022-06-03,0.101,-0.15
FCL,2022-05-06,18.22,-0.205,44.98,2024-02-22,2.47,2,2022-07-15,0.121,0.34
POLYPLEX,2022-05-13,2290.0,-0.01,2618.9,2022-06-02,1.14,0,,,0.0
COSMOFIRST,2022-05-13,1133.33,-0.043,1230.1,2022-06-02,1.09,0,,,0.0
POLYPLEX,2022-06-10,2422.6,-0.093,2493.6,2022-08-01,1.03,0,,,0.0
FINEORG,2022-06-10,4730.0,-0.153,7196.0,2022-09-14,1.52,1,2022-07-29,0.171,0.19
COSMOFIRST,2022-06-10,1113.33,-0.11,1238.5,2025-06-02,1.11,0,,,0.0
MRPL,2022-06-17,96.2,0.158,286.1,2024-02-19,2.97,1,2024-02-09,1.088,0.13
TATAELXSI,2022-06-17,7875.0,-0.104,10684.9,2022-08-17,1.36,2,2022-07-08,0.032,0.19
GHCL,2022-06-17,600.0,-0.106,758.5,2025-01-03,1.26,1,2022-07-08,0.036,-0.05
VRLLOG,2022-06-24,280.1,-0.162,397.5,2023-12-19,1.42,1,2022-07-08,0.16,-0.2
OIL,2022-06-24,158.03,-0.069,741.0,2024-08-30,4.69,0,,,0.0
TATAELXSI,2022-07-15,7940.0,-0.029,10684.9,2022-08-17,1.35,1,2022-07-22,0.037,0.28
VRLLOG,2022-08-05,302.5,-0.074,397.5,2023-12-19,1.31,0,,,0.0
GHCL,2022-08-05,613.45,-0.019,758.5,2025-01-03,1.24,0,,,0.0
BLUEDART,2022-08-29,8603.0,0.054,9369.45,2022-10-04,1.09,0,,,0.0
TATAELXSI,2022-09-06,8939.0,0.079,9089.2,2022-09-13,1.02,0,,,0.0
NDTV,2022-09-13,319.09,0.364,388.07,2022-09-15,1.22,0,,,0.0
FCL,2022-09-20,33.55,0.632,44.98,2024-02-22,1.34,1,2022-10-27,0.137,-0.65
LGBBROSLTD,2022-09-20,780.1,0.083,1500.7,2024-09-02,1.92,0,,,0.0
VINYLINDIA,2022-09-27,655.0,-0.134,674.45,2022-09-29,1.03,0,,,0.0
ADANIPOWER,2022-09-27,72.79,0.227,174.9,2024-06-03,2.4,3,2022-11-11,0.033,-0.2
RAJRATAN,2022-09-27,1145.0,0.255,1284.65,2022-10-06,1.12,0,,,0.0
WSTCSTPAPR,2022-09-27,477.0,0.162,782.95,2024-01-30,1.64,1,2022-10-27,0.254,-0.07
FCL,2022-11-03,31.5,-0.179,44.98,2024-02-22,1.43,0,,,0.0
FINEORG,2022-11-03,6000.0,0.077,6247.15,2022-11-03,1.04,0,,,0.0
SHAREINDIA,2022-11-11,252.38,-0.086,399.49,2024-02-26,1.58,0,,,0.0
TIINDIA,2022-11-11,2652.0,0.203,4716.6,2024-10-24,1.78,0,,,0.0
RHIM,2022-11-11,594.95,-0.09,877.2,2023-01-05,1.47,1,2022-11-25,0.316,0.01
ALLCARGO,2022-11-11,22.41,-0.004,25.02,2022-11-16,1.12,0,,,0.0
HAL,2022-11-11,1232.0,0.219,5621.95,2024-07-08,4.56,1,2022-11-18,0.083,-0.04
ADANIPOWER,2022-11-18,67.99,-0.101,174.9,2024-06-03,2.57,2,2023-12-06,0.603,-0.08
SOLARINDS,2022-11-25,3905.6,0.162,17598.0,2025-06-30,4.51,1,2022-12-02,0.048,-0.0
KPITTECH,2022-12-16,691.1,-0.036,1868.7,2024-07-16,2.7,2,2022-12-23,0.017,-0.07
WSTCSTPAPR,2022-12-16,579.0,-0.038,782.95,2024-01-30,1.35,0,,,0.0
HAL,2022-12-23,1252.5,-0.067,5621.95,2024-07-08,4.49,0,,,0.0
KPITTECH,2022-12-30,707.0,-0.0,1868.7,2024-07-16,2.64,1,2023-06-13,0.622,-0.08
