sym,low date,low,peak date,peak,x,trades in run,first buy,first buy price x from low,days held in run,ever held
TTML,2020-03-31,1.8,2022-01-11,290.15,161.2,0,,,0,False
ADANIENSOL,2016-02-29,26.55,2022-09-15,4105.4,154.6,0,,,0,False
ADANIGREEN,2018-07-02,25.2,2022-04-18,2970.5,117.9,0,,,0,False
ADANIENT,2016-02-29,40.5,2022-12-20,4038.2,99.7,0,,,0,False
AURUM,2020-03-24,2.21,2021-11-26,212.6,96.2,0,,,0,False
BORORENEW,2019-08-22,9.79,2022-04-22,782.35,79.9,0,,,0,False
BCG,2018-11-21,1.5,2021-12-17,117.66,78.4,0,,,0,False
TANLA,2016-02-29,26.5,2022-01-14,2061.7,77.8,2,2021-07-22,37.36,147,True
CGPOWER,2020-03-30,4.9,2022-12-13,284.7,58.1,0,,,0,False
OLECTRA,2016-03-28,16.1,2021-12-16,910.3,56.5,0,,,0,False
DEEPAKNTR,2016-02-12,56.7,2021-10-19,2925.9,51.6,5,2020-06-03,8.9,137,True
ATGL,2018-11-05,75.6,2022-11-15,3885.3,51.4,0,,,0,False
PGEL,2020-03-30,2.6,2022-12-14,117.0,45.0,0,,,0,False
ALKYLAMINE,2016-11-21,114.48,2021-07-27,4622.65,40.4,2,2020-04-27,5.85,466,True
BALAMINES,2016-02-12,123.15,2021-09-14,4974.8,40.4,1,2021-06-02,21.97,146,True
HEGAM,2016-02-26,8.48,2018-10-16,339.04,40.0,2,2018-06-04,27.17,65,True
GPIL,2016-02-25,2.42,2022-04-13,95.91,39.6,1,2021-06-23,28.71,43,True
DBREALTY,2020-04-21,3.8,2022-09-22,132.1,34.8,0,,,0,False
CGCL,2016-06-20,5.47,2022-04-20,187.0,34.2,0,,,0,False
GLOBUSSPR,2016-02-29,51.05,2022-01-14,1719.5,33.7,2,2021-08-05,13.91,104,True
MASTEK,2016-02-17,107.65,2021-10-19,3437.55,31.9,2,2021-06-02,18.02,131,True
BLS,2020-05-18,6.88,2022-12-13,202.35,29.4,0,,,0,True
FCL,2020-03-24,1.37,2022-10-20,39.17,28.6,2,2022-04-21,16.64,82,True
SAREGAMA,2016-11-22,18.91,2022-01-03,538.89,28.5,1,2021-06-02,14.09,21,True
ADANIPOWER,2018-07-02,3.09,2022-08-22,86.5,28.0,1,2022-07-22,19.09,67,True
EKC,2020-03-27,9.95,2022-01-10,277.95,27.9,0,,,0,False
GRAVITA,2016-06-02,16.5,2022-12-20,459.8,27.9,5,2017-09-26,7.52,243,True
FACT,2016-02-17,13.61,2022-12-30,373.35,27.4,0,,,0,False
CANTABIL,2016-01-20,11.32,2022-09-08,308.75,27.3,0,,,0,False
ELECON,2020-03-24,8.55,2022-12-01,232.58,27.2,0,,,0,False
GOLDIAM,2016-02-29,6.15,2021-10-27,164.91,26.8,0,,,0,False
USHAMART,2016-02-29,6.75,2022-12-27,177.55,26.3,0,,,0,False
JPPOWER,2020-03-25,0.4,2022-01-12,10.35,25.9,0,,,0,False
TEJASNET,2020-05-20,29.3,2022-10-10,759.65,25.9,0,,,0,False
POONAWALLA,2020-05-28,13.15,2022-10-19,334.25,25.4,0,,,0,False
UNOMINDA,2016-01-18,24.62,2021-12-28,622.85,25.3,0,,,0,False
TIRUMALCHM,2016-03-01,13.15,2021-10-05,324.85,24.7,0,,,0,False
GANESHHOU,2020-03-31,17.75,2022-09-12,398.45,22.4,0,,,0,True
RPOWER,2020-03-25,1.05,2022-09-05,23.3,22.2,0,,,0,False
MCLEODRUSS,2020-03-24,1.9,2021-06-08,41.85,22.0,0,,,0,False
INTELLECT,2020-03-25,44.85,2022-04-06,973.4,21.7,0,,,0,False
VIKASLIFE,2020-04-09,0.92,2020-08-31,19.91,21.6,0,,,0,False
KOPRAN,2020-03-24,16.5,2021-12-28,352.85,21.4,1,2021-06-30,14.05,36,True
KPITTECH,2020-03-26,34.85,2022-01-10,745.55,21.4,0,,,0,True
APLAPOLLO,2016-02-29,56.25,2022-12-02,1185.5,21.1,1,2022-01-06,16.87,7,True
RANASUG,2019-08-23,2.0,2022-04-22,42.2,21.1,0,,,0,False
FILATEX,2016-02-24,3.33,2022-01-17,70.05,21.0,0,,,0,False
VAIBHAVGBL,2016-05-31,47.9,2021-05-07,996.7,20.8,3,2021-01-18,10.92,106,True
TATAELXSI,2016-11-21,515.6,2022-08-17,10684.9,20.7,10,2018-05-14,2.3,673,True
TRIDENT,2020-03-23,3.3,2022-01-17,68.0,20.6,0,,,0,False
BUTTERFLY,2020-03-24,88.4,2022-10-14,1814.3,20.5,0,,,0,False
VENKEYS,2016-02-12,226.6,2018-04-10,4574.9,20.2,4,2017-06-01,5.36,164,True
RAMKY,2020-03-24,16.5,2022-12-12,333.55,20.2,0,,,0,True
ESCORTS,2016-02-12,117.2,2022-12-01,2346.6,20.0,0,,,0,False
GAEL,2016-02-26,9.07,2022-04-22,180.85,19.9,0,,,0,False
GTLINFRA,2020-03-20,0.2,2021-07-27,3.9,19.5,0,,,0,False
BPL,2020-03-19,8.75,2021-10-11,168.25,19.2,0,,,0,False
RENUKA,2020-03-23,3.45,2022-10-10,65.35,18.9,0,,,0,False
IOLCP,2017-10-11,9.29,2020-08-25,175.73,18.9,0,,,0,False
KELLTONTEC,2020-03-25,1.37,2022-01-20,25.89,18.9,0,,,0,False
NAVINFLUOR,2016-02-29,257.5,2022-09-15,4807.3,18.7,2,2020-08-19,7.92,145,True
GOACARBON,2016-02-26,64.1,2018-01-12,1184.7,18.5,0,,,0,False
PCBL,2016-02-29,8.27,2018-01-08,152.07,18.4,0,,,0,False
KEI,2016-02-29,90.2,2022-10-27,1641.25,18.2,7,2017-09-05,2.85,195,True
PITTIENG,2020-03-24,20.55,2022-08-01,372.45,18.1,0,,,0,False
MAITHANALL,2016-01-20,86.75,2022-04-11,1551.7,17.9,1,2017-12-07,8.07,60,True
UTTAMSUGAR,2016-02-16,18.3,2022-04-21,323.75,17.7,0,,,0,False
INDIAGLYCO,2016-02-29,6.58,2022-04-04,114.24,17.4,0,,,0,False
SARDAEN,2016-02-26,7.6,2022-04-22,131.01,17.2,0,,,0,False
GSS,2020-03-31,19.05,2022-11-16,328.05,17.2,0,,,0,False
GOKEX,2020-05-22,28.4,2022-05-18,488.8,17.2,0,,,0,False
FLUOROCHEM,2020-03-25,239.55,2022-10-12,4084.7,17.1,0,,,0,False
GRAPHITE,2016-02-18,64.95,2018-08-10,1106.95,17.0,1,2018-06-04,12.49,100,True
JSL,2016-06-02,14.25,2022-12-30,239.15,16.8,0,,,0,False
BHARATRAS,2016-02-24,212.04,2021-06-30,3548.88,16.7,0,,,0,False
DEEPAKFERT,2020-03-18,62.5,2022-10-20,1038.05,16.6,0,,,0,False
RAIN,2016-03-16,28.15,2018-01-08,461.2,16.4,0,,,0,False
SUVEN,2016-02-19,6.71,2021-10-08,110.14,16.4,0,,,0,False
JBMA,2020-03-25,19.99,2022-01-21,326.25,16.3,0,,,0,False
JISLJALEQS,2020-03-26,3.15,2021-10-12,51.25,16.3,0,,,0,False
LINDEINDIA,2016-02-29,247.05,2022-04-11,3970.9,16.1,0,,,0,False
MANALIPETC,2020-03-25,8.95,2022-04-20,142.4,15.9,2,2021-10-04,14.53,37,True
ADFFOODS,2016-02-23,13.16,2021-05-24,207.89,15.8,0,,,0,False
SALASAR,2020-03-30,0.72,2022-12-20,11.27,15.7,0,,,0,False
COFORGE,2016-08-29,78.24,2022-01-04,1221.08,15.6,0,,,0,False
BIRLANU,2016-02-26,425.5,2021-08-02,6587.15,15.5,0,,,0,False
ARIHANTSUP,2020-05-19,16.4,2022-09-13,251.9,15.4,0,,,0,False
DIXON,2019-08-08,374.38,2021-10-18,5753.45,15.4,4,2020-06-17,2.84,178,True
ANANTRAJ,2020-05-18,7.73,2022-11-15,118.35,15.3,0,,,0,False
PANAMAPET,2020-03-23,27.15,2022-11-28,415.1,15.3,2,2021-08-05,11.09,32,True
NDL,2020-03-18,0.45,2022-04-07,6.85,15.2,0,,,0,False
RADICO,2016-05-24,84.1,2022-01-05,1266.75,15.1,0,,,0,False
NELCO,2016-11-21,69.55,2022-09-01,1038.75,14.9,0,,,0,False
HSCL,2016-01-18,13.1,2018-01-11,192.8,14.7,0,,,0,False
EXPLEOSOL,2020-03-24,124.75,2022-01-04,1817.05,14.6,0,,,0,False
DWARKESH,2016-02-17,9.94,2022-04-07,142.95,14.4,0,,,0,False
BAJFINANCE,2016-01-18,55.03,2021-10-13,792.93,14.4,4,2019-06-03,6.29,172,True
TIINDIA,2018-05-24,212.15,2022-12-20,3017.35,14.2,1,2022-07-22,10.33,112,True
ALOKINDS,2020-03-31,3.95,2020-07-02,55.75,14.1,0,,,0,False
WEBELSOLAR,2020-04-01,1.19,2022-01-03,16.43,13.8,0,,,0,False
GARFIBRES,2016-02-29,55.77,2021-10-14,768.56,13.8,0,,,0,False
POLYPLEX,2016-04-05,203.15,2022-04-11,2805.1,13.8,3,2022-01-06,9.5,80,True
DALMIASUG,2020-03-25,39.85,2022-04-22,547.95,13.8,0,,,0,False
VBL,2017-03-14,20.64,2022-12-19,282.78,13.7,0,,,0,True
SURYAROSNI,2020-03-30,15.63,2021-10-04,211.81,13.6,0,,,0,False
BEPL,2016-02-29,10.67,2018-04-09,145.27,13.6,2,2017-06-01,2.51,228,True
GNFC,2016-02-11,66.4,2022-04-05,902.85,13.6,0,,,0,False
SRF,2016-02-25,207.25,2022-09-13,2826.05,13.6,0,,,0,False
AXISCADES,2020-03-25,27.65,2022-11-15,373.9,13.5,0,,,0,False
ICIL,2020-03-25,22.95,2021-10-11,309.4,13.5,0,,,0,False
NITINSPIN,2020-03-25,25.3,2022-02-07,338.5,13.4,0,,,0,False
SOLARA,2018-07-12,125.88,2021-05-19,1668.79,13.3,0,,,0,False
PCJEWELLER,2020-03-25,0.8,2022-10-31,10.38,13.0,0,,,0,False
EXCELINDUS,2016-02-17,143.85,2018-09-17,1857.35,12.9,0,,,0,False
VINATIORGA,2016-02-12,183.55,2022-09-09,2342.45,12.8,0,,,0,False
MANINFRA,2020-03-24,10.03,2022-01-10,128.55,12.8,0,,,0,True
ASTEC,2016-02-29,176.2,2022-10-20,2233.66,12.7,0,,,0,False
V2RETAIL,2016-02-29,4.23,2017-12-11,53.1,12.6,0,,,0,False
ASTRAL,2016-02-29,153.85,2022-09-09,1945.61,12.6,0,,,0,False
COSMOFIRST,2019-02-18,108.93,2022-04-08,1377.67,12.6,4,2021-09-20,9.37,161,True
LTM,2016-11-21,600.5,2022-01-04,7561.75,12.6,1,2021-01-25,6.58,15,True
DATAMATICS,2020-03-23,29.65,2021-10-12,369.7,12.5,0,,,0,False
IGPL,2016-02-26,79.6,2021-10-07,975.85,12.3,1,2017-11-09,9.7,28,True
VIDHIING,2020-03-19,40.3,2022-04-11,495.1,12.3,1,2021-09-13,9.18,43,True
MIRZAINT,2020-03-24,3.95,2022-09-12,48.35,12.2,0,,,0,False
KPRMILL,2016-02-24,63.4,2022-01-17,759.5,12.0,3,2021-05-04,4.63,230,True
BAJAJFINSV,2016-02-25,160.04,2021-10-19,1907.66,11.9,5,2018-06-25,3.87,137,True
RHIM,2016-02-25,72.0,2022-12-20,847.6,11.8,2,2022-09-20,9.03,118,True
PGHL,2016-02-12,630.6,2021-02-15,7430.6,11.8,3,2019-03-11,5.44,107,True
WSTCSTPAPR,2016-02-11,55.15,2022-11-23,650.0,11.8,3,2018-11-06,7.25,125,True
TRIVENI,2020-03-25,18.5,2022-04-22,217.7,11.8,0,,,0,False
SAKSOFT,2020-03-23,9.07,2022-09-22,106.63,11.8,0,,,0,True
SOMANYCERA,2020-03-25,80.15,2022-01-18,943.0,11.8,0,,,0,False
HBLENGINE,2020-03-25,10.2,2022-10-10,118.9,11.7,0,,,0,True
JUBLFOOD,2016-12-23,78.06,2021-10-13,899.74,11.5,1,2018-07-30,3.62,37,True
LAURUSLABS,2019-10-17,62.05,2021-08-12,708.7,11.4,1,2021-06-02,8.57,93,True
PRINCEPIPE,2020-05-22,75.7,2021-11-09,859.2,11.4,0,,,0,False
HIKAL,2020-03-24,63.05,2021-09-15,710.35,11.3,0,,,0,False
DCMSHRIRAM,2016-02-12,109.85,2021-10-12,1230.9,11.2,3,2017-10-11,4.4,136,True
PRIVISCL,2016-02-11,199.1,2022-01-17,2227.75,11.2,0,,,0,False
NIITLTD,2020-03-23,13.27,2022-04-13,148.69,11.2,0,,,0,False
AGI,2020-03-24,35.45,2022-09-22,395.1,11.1,0,,,0,False
BSOFT,2020-03-23,51.8,2022-01-07,577.3,11.1,0,,,0,False
TRENT,2016-02-16,93.49,2022-11-01,1038.37,11.1,0,,,0,True
EVEREADY,2019-10-16,36.1,2021-08-03,399.2,11.1,5,2020-08-19,3.99,178,True
UNITECH,2019-10-16,0.35,2022-01-04,3.85,11.0,0,,,0,False
JINDALSTEL,2016-02-26,53.4,2022-12-29,589.35,11.0,0,,,0,False
RELIGARE,2020-03-27,17.3,2022-11-28,190.65,11.0,0,,,0,False
STARPAPER,2016-02-11,28.45,2018-01-15,314.3,11.0,0,,,0,False
RAMCOSYS,2020-05-22,68.25,2021-01-11,753.7,11.0,0,,,0,False
ACE,2020-04-03,31.6,2022-11-14,345.1,10.9,0,,,0,False
JKPAPER,2016-02-26,40.85,2022-08-16,447.05,10.9,0,,,0,False
PRAKASH,2016-02-12,23.6,2018-01-15,256.1,10.9,0,,,0,False
AARTIIND,2016-02-25,106.1,2021-10-18,1156.55,10.9,2,2019-04-02,3.69,30,True
SECURKLOUD,2020-05-04,21.45,2021-10-06,233.25,10.9,0,,,0,True
ELGIEQUIP,2020-04-07,51.4,2022-09-09,559.7,10.9,0,,,0,False
VIKASECO,2020-04-03,0.75,2020-08-17,8.18,10.9,0,,,0,False
ZENTEC,2020-03-31,22.75,2021-12-14,245.5,10.8,0,,,0,True
DHAMPURSUG,2016-02-11,53.15,2022-04-22,569.7,10.7,0,,,0,False
BSE,2020-03-23,31.48,2022-03-14,336.72,10.7,0,,,0,True
MAWANASUG,2020-03-24,16.15,2022-04-22,173.0,10.7,0,,,0,False
PERSISTENT,2020-05-04,231.88,2022-04-05,2457.85,10.6,0,,,0,True
NEULANDLAB,2020-03-30,255.35,2021-05-10,2695.25,10.6,0,,,0,True
TATAPOWER,2020-05-11,27.3,2022-04-06,289.8,10.6,0,,,0,False
HINDALCO,2016-02-12,60.9,2022-03-29,631.3,10.4,0,,,0,False
TITAGARH,2020-03-23,21.65,2022-12-30,223.6,10.3,0,,,0,False
JSWENERGY,2020-05-19,39.15,2021-10-13,398.8,10.2,0,,,0,False
VMART,2016-02-29,110.46,2021-10-18,1124.15,10.2,1,2018-08-13,6.51,8,True
PRAJIND,2020-03-24,44.75,2022-10-10,454.1,10.1,0,,,0,False
HINDCOPPER,2020-03-24,18.65,2021-05-10,189.1,10.1,0,,,0,False
ASHAPURMIN,2019-06-26,16.8,2022-04-07,170.45,10.1,0,,,0,True
BAJAJHIND,2020-03-26,2.35,2021-07-05,23.5,10.0,0,,,0,False
NAUKRI,2016-02-29,140.02,2021-10-18,1403.9,10.0,0,,,0,False
MUTHOOTFIN,2016-01-21,172.4,2021-11-15,1712.8,9.9,9,2019-11-15,4.12,131,True
RUSHIL,2020-03-24,5.82,2022-09-15,57.45,9.9,0,,,0,False
DIVISLAB,2017-05-26,545.3,2021-10-14,5372.15,9.9,0,,,0,False
RKFORGE,2020-04-01,27.78,2022-12-20,273.1,9.8,0,,,0,False
HGS,2016-02-12,185.5,2022-01-04,1817.3,9.8,0,,,0,False
GMMPFAUDLR,2018-03-23,219.55,2020-08-11,2161.5,9.8,0,,,0,False
SUDARSCHEM,2016-02-29,79.35,2021-08-03,769.6,9.7,0,,,0,False
BALKRISIND,2016-02-24,276.63,2021-09-22,2692.2,9.7,0,,,0,False
BAJAJELEC,2016-02-26,157.2,2021-09-23,1531.8,9.7,0,,,0,False
CHAMBLFERT,2016-02-12,52.2,2022-04-18,507.0,9.7,0,,,0,False
IMFA,2020-03-24,50.93,2022-04-11,491.75,9.7,0,,,0,False
FINEORG,2018-07-23,750.5,2022-09-14,7196.0,9.6,2,2022-06-03,7.4,104,True
RPSGVENT,2020-03-30,112.4,2021-09-20,1081.0,9.6,0,,,0,False
GHCL,2020-03-24,72.65,2022-09-22,694.55,9.6,2,2022-06-03,9.18,42,True
AFFLE,2019-08-23,155.5,2022-01-17,1486.45,9.6,0,,,0,False
MOLDTKPAC,2016-02-26,107.0,2022-09-15,1017.7,9.5,0,,,0,False
APCOTEXIND,2020-03-23,68.85,2022-06-01,651.1,9.5,0,,,0,False
MOREPENLAB,2020-03-23,7.65,2021-07-07,72.0,9.4,0,,,0,False
GODREJPROP,2016-02-29,267.35,2021-10-18,2502.8,9.4,0,,,0,False
TCIEXP,2016-12-26,271.45,2021-12-22,2520.25,9.3,0,,,0,False
NATHBIOGEN,2016-02-12,60.5,2018-05-08,564.7,9.3,0,,,0,False
AVADHSUGAR,2020-03-24,93.0,2022-04-21,864.4,9.3,0,,,0,False
INOXWIND,2020-03-25,4.2,2022-09-15,38.91,9.3,0,,,0,False
MAHLIFE,2020-05-06,53.41,2022-09-12,495.9,9.3,0,,,0,False
AARTIDRUGS,2019-09-12,109.48,2020-10-08,1011.85,9.2,2,2020-06-10,2.26,91,True
LTFOODS,2020-03-23,14.75,2022-10-27,135.15,9.2,0,,,0,False
PRICOLLTD,2019-08-01,23.45,2022-12-19,215.0,9.2,0,,,0,False
FSL,2020-03-23,25.0,2021-07-16,229.7,9.2,0,,,0,False
RTNPOWER,2019-08-30,1.0,2021-07-05,9.25,9.2,0,,,0,False
POLYMED,2016-02-16,124.28,2021-05-21,1133.15,9.1,1,2021-03-09,5.83,85,True
TITAN,2016-11-18,303.3,2022-11-04,2769.7,9.1,2,2019-03-11,3.49,54,True
SHAKTIPUMP,2016-02-26,16.08,2021-06-08,145.95,9.1,0,,,0,False
CDSL,2020-03-23,92.85,2021-12-14,833.3,9.0,1,2021-11-02,7.54,58,True
MARKSANS,2020-03-23,10.45,2021-06-14,94.55,9.0,0,,,0,False
SPIC,2020-03-25,10.15,2022-04-20,90.5,8.9,0,,,0,False
DCW,2020-03-24,7.15,2021-10-05,63.45,8.9,0,,,0,False
HCL-INSYS,2020-03-25,3.35,2022-01-17,29.85,8.9,0,,,0,False
TIMKEN,2016-03-18,408.5,2022-11-21,3608.55,8.8,0,,,0,False
TATACHEM,2016-02-25,137.01,2022-10-10,1199.65,8.8,0,,,0,False
SPAL,2020-03-30,58.1,2022-02-07,509.1,8.8,0,,,0,False
AJMERA,2020-03-24,2.19,2022-02-02,19.22,8.8,0,,,0,False
HINDOILEXP,2016-02-12,26.8,2022-01-18,233.5,8.7,0,,,0,False
BALRAMCHIN,2018-05-16,59.65,2022-04-11,516.95,8.7,2,2019-09-23,2.7,15,True
KIRIINDUS,2016-02-11,75.25,2018-01-15,657.4,8.7,2,2016-06-13,3.46,65,True
APOLLOPIPE,2020-03-23,75.7,2021-10-18,656.92,8.7,0,,,0,False
VIMTALABS,2020-03-23,28.13,2022-11-14,245.18,8.7,0,,,0,False
DMART,2017-03-27,614.4,2021-10-14,5323.75,8.7,0,,,0,False
TATACONSUM,2016-02-16,101.39,2021-09-13,871.27,8.6,0,,,0,False
ZENSARTECH,2020-03-24,67.35,2021-09-15,579.3,8.6,0,,,0,False
JKCEMENT,2016-02-16,438.0,2021-11-08,3782.8,8.6,0,,,0,False
GENUSPOWER,2020-03-23,12.5,2022-04-20,107.65,8.6,0,,,0,False
INDIAMART,2019-08-14,566.3,2021-02-05,4890.45,8.6,0,,,0,False
WELSPUNLIV,2020-03-27,19.7,2021-09-30,169.3,8.6,0,,,0,True
MPHASIS,2016-02-16,415.75,2021-10-19,3546.45,8.5,0,,,0,False
VIPIND,2016-02-12,88.25,2022-03-30,747.5,8.5,3,2017-09-19,2.99,246,True
FIEMIND,2020-03-23,59.14,2022-11-14,505.38,8.5,0,,,0,False
MANAPPURAM,2016-01-21,26.1,2021-11-09,222.3,8.5,2,2019-06-03,5.23,142,True
AVANTIFEED,2016-01-19,115.25,2017-11-10,962.67,8.4,1,2017-06-15,4.05,182,True
63MOONS,2020-03-25,42.55,2022-01-18,356.1,8.4,0,,,0,False
IIFL,2020-06-02,59.45,2022-12-20,497.09,8.4,0,,,0,False
LUXIND,2016-02-25,543.09,2021-11-17,4546.1,8.4,2,2018-07-30,3.48,61,True
IRCTC,2019-10-16,140.13,2021-10-18,1175.54,8.4,0,,,0,False
HINDWAREAP,2020-04-03,54.11,2021-11-09,456.03,8.4,0,,,0,False
ZEEMEDIA,2020-03-24,2.95,2022-04-26,24.9,8.4,0,,,0,False
LTTS,2017-06-30,717.05,2022-01-04,5916.3,8.3,0,,,0,False
ANDHRSUGAR,2016-02-11,20.74,2022-04-22,171.7,8.3,0,,,0,False
GUFICBIO,2016-10-13,34.05,2022-04-20,277.6,8.2,0,,,0,False
JINDALPOLY,2020-03-25,161.3,2022-02-10,1317.55,8.2,2,2021-04-09,5.02,24,True
ECLERX,2020-03-19,117.85,2022-01-13,970.75,8.2,0,,,0,False
ATUL,2016-02-16,1321.15,2021-10-11,10824.2,8.2,0,,,0,False
DYNPRO,2020-03-19,89.2,2021-10-05,728.1,8.2,0,,,0,False
NOCIL,2016-02-26,38.85,2021-10-12,315.2,8.1,0,,,0,False
TMPV,2020-04-03,39.58,2021-11-17,321.3,8.1,0,,,0,False
APTECHT,2016-02-29,38.0,2022-01-04,309.5,8.1,0,,,0,False
SKIPPER,2020-03-30,17.1,2022-12-29,136.87,8.0,0,,,0,False
RELAXO,2016-03-28,180.3,2021-11-04,1436.2,8.0,0,,,0,False
GUJENERGY,2016-02-29,82.08,2021-08-05,658.56,8.0,1,2020-06-17,2.95,42,True
NAVA,2020-03-24,16.7,2022-08-18,133.05,8.0,0,,,0,False
GNA,2020-04-03,68.05,2021-10-14,538.4,7.9,0,,,0,False
CHENNPETRO,2020-05-27,47.95,2022-06-09,379.8,7.9,0,,,0,True
MTNL,2019-08-22,4.9,2021-12-28,38.95,7.9,0,,,0,False
JSWSTEEL,2016-01-15,97.25,2022-12-29,769.4,7.9,2,2018-06-18,3.41,62,True
NEOGEN,2019-05-16,245.25,2022-01-04,1908.45,7.8,0,,,0,False
RATNAMANI,2016-02-18,271.83,2022-10-24,2113.25,7.8,0,,,0,False
BOMDYEING,2016-02-29,40.0,2018-05-08,313.85,7.8,0,,,0,False
ARVIND,2020-03-31,19.65,2022-01-17,153.1,7.8,0,,,0,False
DELTACORP,2016-02-29,49.7,2018-01-23,387.7,7.8,0,,,0,False
SOBHA,2020-03-27,127.17,2022-01-19,994.99,7.8,0,,,0,False
ESTER,2020-03-25,23.5,2022-10-06,182.15,7.8,0,,,0,False
GRINDWELL,2016-03-04,297.68,2022-09-08,2299.6,7.7,0,,,0,False
KNRCON,2016-02-16,43.52,2021-09-01,332.45,7.6,0,,,0,False
VIYASH,2018-10-09,42.65,2021-06-29,323.6,7.6,0,,,0,False
POWERMECH,2020-05-29,156.03,2022-12-07,1192.72,7.6,0,,,0,False
SUZLON,2020-03-25,1.53,2022-12-19,11.65,7.6,0,,,0,False
TATACOMM,2016-02-25,205.33,2022-01-12,1557.7,7.6,0,,,0,False
TNPETRO,2016-06-24,19.4,2021-08-06,147.75,7.6,0,,,0,False
SONATSOFTW,2016-02-29,47.87,2021-10-19,360.45,7.5,3,2018-05-28,2.76,54,True
ASTRAMICRO,2020-03-24,48.55,2022-08-29,366.2,7.5,0,,,0,False
RAYMOND,2020-03-30,43.57,2022-12-02,326.09,7.5,0,,,0,False
IEX,2019-09-13,39.38,2021-12-10,295.25,7.5,0,,,0,False
NEWGEN,2020-03-23,49.2,2021-07-05,367.43,7.5,0,,,0,True
SMSPHARMA,2020-03-27,26.1,2021-08-05,196.75,7.5,0,,,0,False
SHARDACROP,2020-03-25,101.75,2022-05-30,748.1,7.4,0,,,0,False
SOLARINDS,2016-08-19,594.2,2022-12-30,4384.55,7.4,2,2022-08-29,5.62,147,True
EDELWEISS,2016-02-16,24.11,2018-05-29,178.53,7.4,0,,,0,False
NETWORK18,2020-03-24,15.45,2022-04-26,114.2,7.4,1,2021-11-02,5.34,15,True
PAISALO,2020-05-19,3.72,2021-10-19,27.66,7.4,0,,,0,False
APARINDS,2020-03-26,244.9,2022-12-30,1793.1,7.3,0,,,0,True
SANGHVIMOV,2020-04-03,22.55,2022-12-28,163.98,7.3,0,,,0,False
GMDCLTD,2020-03-27,29.85,2022-04-08,218.15,7.3,0,,,0,False
RVNL,2020-03-24,11.0,2022-11-28,80.1,7.3,0,,,0,False
SUNDRMFAST,2016-02-26,137.2,2022-11-07,1003.85,7.3,0,,,0,False
SAIL,2020-03-30,20.4,2021-05-10,146.3,7.2,0,,,0,False
GAYAPROJ,2020-03-30,8.15,2021-09-14,58.7,7.2,0,,,0,False
HATSUN,2016-02-19,203.52,2021-10-18,1452.03,7.1,0,,,0,False
CENTURYPLY,2020-05-29,101.7,2022-03-23,719.7,7.1,0,,,0,False
VEDL,2020-03-30,23.05,2022-04-11,163.95,7.1,2,2021-11-17,5.37,64,True
GUJALKALI,2016-02-29,145.05,2022-04-26,1028.75,7.1,0,,,0,False
RIIL,2020-03-24,172.3,2022-09-05,1215.3,7.1,0,,,0,False
TATASTEEL,2016-02-12,21.74,2021-08-16,151.94,7.0,0,,,0,False
TCI,2016-02-19,118.89,2022-01-13,836.9,7.0,0,,,0,False
INDIANB,2020-03-30,42.55,2022-12-14,299.7,7.0,0,,,0,False
LEMONTREE,2020-05-20,14.4,2022-11-30,100.9,7.0,0,,,0,False
PIIND,2016-02-26,516.15,2022-11-09,3623.7,7.0,0,,,0,False
TVSELECT,2016-02-26,78.4,2018-04-26,547.15,7.0,0,,,0,False
VADILALIND,2020-03-25,401.05,2022-12-19,2766.5,6.9,0,,,0,True
ITI,2016-03-01,23.2,2017-10-26,159.75,6.9,0,,,0,False
GRSE,2018-10-25,80.45,2022-12-08,544.9,6.8,0,,,0,True
MONTECARLO,2020-05-22,129.15,2022-09-12,879.85,6.8,0,,,0,False
MSTCLTD,2019-08-23,75.15,2021-10-18,512.45,6.8,0,,,0,False
SUNFLAG,2016-03-02,18.75,2022-04-22,128.05,6.8,0,,,0,False
COROMANDEL,2016-02-11,158.9,2022-09-01,1081.65,6.8,2,2020-02-07,3.94,145,True
CAMLINFINE,2020-03-25,32.88,2021-07-16,220.27,6.7,0,,,0,False
RPGLIFE,2020-03-23,150.0,2022-11-15,1003.1,6.7,0,,,0,False
IRB,2020-03-24,2.38,2022-12-20,15.93,6.7,0,,,0,False
CHOLAFIN,2016-01-20,118.99,2022-09-07,802.2,6.7,0,,,0,False
SSWL,2016-02-26,29.07,2021-08-30,192.55,6.6,0,,,0,False
MAHSEAMLES,2016-02-26,65.97,2022-10-17,436.73,6.6,0,,,0,False
IPCALAB,2016-06-06,203.7,2021-09-14,1318.75,6.5,0,,,0,False
HIMATSEIDE,2020-05-22,45.8,2021-10-06,298.7,6.5,0,,,0,False
UFLEX,2020-03-24,123.0,2022-08-26,804.9,6.5,0,,,0,False
BIOCON,2016-02-11,73.85,2020-12-23,483.6,6.5,0,,,0,False
ORISSAMINE,2019-08-26,553.95,2021-06-16,3627.0,6.5,0,,,0,False
DOLLAR,2020-03-23,100.9,2022-01-20,657.25,6.5,0,,,0,False
CYIENT,2020-05-21,188.4,2021-10-19,1227.55,6.5,0,,,0,False
BRIGADE,2016-02-24,67.17,2022-09-14,436.47,6.5,0,,,0,False
COHANCE,2020-03-30,95.43,2022-03-29,621.15,6.5,0,,,0,False
PHOENIXLTD,2016-02-29,121.2,2022-11-07,772.95,6.4,0,,,0,False
IIFLCAPS,2019-10-15,19.25,2021-07-19,123.3,6.4,0,,,0,True
SHOPERSTOP,2020-05-26,125.63,2022-10-19,801.65,6.4,0,,,0,False
SUNTECK,2016-11-22,88.98,2022-01-17,573.05,6.4,0,,,0,False
SWSOLAR,2020-03-30,73.35,2021-10-12,469.5,6.4,0,,,0,False
REDINGTON,2020-03-27,31.15,2022-12-12,199.4,6.4,0,,,0,False
TEAMLEASE,2016-12-05,834.55,2021-10-11,5280.75,6.3,0,,,0,False
RELIANCE,2016-02-12,223.68,2022-04-28,1409.93,6.3,0,,,0,False
SASKEN,2016-02-26,238.75,2021-10-21,1508.5,6.3,0,,,0,False
SHREDIGCEM,2019-08-26,15.1,2021-07-26,95.5,6.3,0,,,0,False
BDL,2020-03-24,79.05,2022-11-07,497.8,6.3,0,,,0,False
EIDPARRY,2020-03-24,107.2,2022-10-20,662.0,6.2,0,,,0,False
VAKRANGEE,2016-01-21,81.18,2018-01-25,505.0,6.2,2,2016-12-14,1.65,313,True
KIRLOSBROS,2020-03-23,78.2,2021-07-19,488.55,6.2,0,,,0,False
NECLIFE,2020-03-23,7.45,2021-07-09,46.5,6.2,0,,,0,False
AMBER,2019-02-18,631.8,2022-05-02,3915.5,6.2,0,,,0,False
GEOJITFSL,2020-03-23,14.14,2021-07-16,87.11,6.2,0,,,0,False
SCI,2019-08-22,25.35,2021-12-02,157.2,6.2,0,,,0,False
APOLLOHOSP,2018-06-01,927.1,2021-11-17,5733.95,6.2,0,,,0,False
BBTC,2016-02-12,320.7,2018-08-27,1996.7,6.2,0,,,0,True
TRITURBINE,2020-03-23,49.1,2022-12-14,304.25,6.2,0,,,0,True
LIBERTSHOE,2020-03-23,68.2,2022-10-13,425.6,6.2,0,,,0,False
GSFC,2020-03-23,31.45,2022-04-05,192.2,6.1,0,,,0,False
CARBORUNIV,2016-02-11,164.7,2022-01-03,1006.1,6.1,0,,,0,False
RCF,2020-03-24,22.95,2022-12-15,140.9,6.1,0,,,0,False
HONAUT,2016-02-17,7997.65,2021-03-10,49049.9,6.1,0,,,0,False
JAYBARMARU,2016-02-11,23.64,2017-07-18,143.15,6.1,0,,,0,True
MOTILALOFS,2016-02-26,65.01,2018-01-05,394.04,6.1,3,2017-06-01,4.02,138,True
NCC,2020-03-30,16.3,2021-02-08,99.55,6.1,0,,,0,False
VASCONEQ,2020-03-25,6.7,2022-12-02,40.65,6.1,0,,,0,False
DBL,2016-11-15,199.65,2018-05-15,1204.3,6.0,0,,,0,False
SCHAEFFLER,2020-05-27,617.36,2022-09-15,3710.1,6.0,0,,,0,False
RESPONIND,2017-10-09,35.0,2022-02-10,210.95,6.0,0,,,0,False
TATAINVEST,2016-02-29,46.13,2022-09-16,276.71,6.0,0,,,0,False
DALBHARAT,2020-03-23,408.9,2021-09-15,2455.95,6.0,0,,,0,False
AUTOAXLES,2020-04-01,360.8,2022-09-12,2180.45,6.0,0,,,0,False
CENTENKA,2020-03-25,109.8,2022-04-12,659.75,6.0,0,,,0,False
HCC,2020-03-26,3.07,2022-12-20,18.48,6.0,0,,,0,False
IGL,2016-02-25,48.94,2021-09-13,295.73,6.0,1,2020-06-10,4.74,14,True
JKTYRE,2020-03-23,34.4,2022-12-06,207.4,6.0,0,,,0,False
VOLTAS,2016-02-29,223.4,2021-10-18,1337.7,6.0,0,,,0,False
HPL,2020-03-24,18.85,2022-12-01,112.55,6.0,0,,,0,False
SAGCEM,2020-03-24,52.46,2021-08-17,308.25,5.9,0,,,0,False
EMBDL,2016-02-11,44.85,2017-08-07,266.15,5.9,0,,,0,False
PNBHOUSING,2020-03-25,122.36,2021-06-07,724.32,5.9,0,,,0,False
HGINFRA,2020-03-24,136.65,2021-10-26,810.25,5.9,1,2021-10-26,5.26,22,True
IFBIND,2020-03-25,239.85,2021-01-27,1417.1,5.9,0,,,0,False
GRANULES,2018-06-05,72.8,2020-12-01,428.0,5.9,0,,,0,False
JAMNAAUTO,2020-03-23,22.0,2022-07-11,130.6,5.9,0,,,0,True
VETO,2020-04-03,27.55,2021-07-09,163.25,5.9,0,,,0,False
NAVKARCORP,2020-03-23,14.55,2022-08-12,84.8,5.8,0,,,0,False
ALANKIT,2016-01-07,14.53,2018-01-04,84.55,5.8,0,,,0,False
ABBOTINDIA,2017-05-29,4022.5,2021-10-05,23184.5,5.8,4,2018-08-29,1.97,190,True
BEL,2020-03-24,19.48,2022-09-12,112.85,5.8,0,,,0,True
BBL,2020-03-23,112.12,2022-12-19,651.26,5.8,0,,,0,False
QUESS,2020-05-19,78.03,2021-09-17,456.45,5.8,0,,,0,False
HAL,2020-03-24,239.63,2022-12-05,1391.65,5.8,2,2022-08-05,4.19,133,True
MMTC,2020-03-23,10.6,2021-06-08,61.45,5.8,0,,,0,False
LALPATHLAB,2016-01-20,360.18,2021-09-15,2104.3,5.8,0,,,0,False
ICICIBANK,2016-02-25,166.36,2022-11-30,952.9,5.7,0,,,0,False
KARURVYSYA,2020-03-24,16.54,2022-12-19,95.08,5.7,0,,,0,False
KESORAMIND,2020-03-30,0.9,2021-08-03,5.12,5.7,0,,,0,False
KAKATCEM,2016-02-11,102.3,2016-05-19,585.35,5.7,0,,,0,False
ADANIPORTS,2016-05-19,171.55,2022-09-20,970.25,5.7,0,,,0,False
SWANCORP,2016-05-16,57.85,2022-05-02,329.15,5.7,0,,,0,False
DISHTV,2020-04-01,3.95,2022-12-05,22.35,5.7,0,,,0,False
DLINKINDIA,2020-03-23,53.3,2022-11-09,306.0,5.7,0,,,0,False
UNICHEMLAB,2020-03-24,81.4,2022-11-03,461.2,5.7,0,,,0,False
ORIENTPPR,2016-01-21,9.82,2018-01-08,55.63,5.7,0,,,0,False
SUBROS,2016-02-29,77.65,2018-01-09,433.65,5.6,0,,,0,False
PRSMJOHNSN,2020-03-24,27.55,2022-01-20,153.1,5.6,0,,,0,False
POLYCAB,2019-08-22,535.75,2022-12-14,3000.1,5.6,0,,,0,True
CIEINDIA,2020-03-24,61.65,2022-12-30,344.1,5.6,0,,,0,False
IDEA,2019-11-14,2.95,2021-12-09,16.4,5.6,0,,,0,False
JandKBANK,2020-04-03,11.1,2022-12-08,61.65,5.6,0,,,0,False
PENIND,2020-03-26,12.35,2022-11-21,69.15,5.6,0,,,0,False
ELECTCAST,2020-03-23,8.55,2022-01-19,46.6,5.5,0,,,0,False
PIDILITIND,2016-01-21,265.13,2022-09-15,1450.93,5.5,1,2016-03-04,1.15,10,True
INDHOTEL,2020-05-18,62.3,2022-10-04,344.25,5.5,0,,,0,False
HAVELLS,2016-02-11,269.95,2021-10-14,1474.1,5.5,0,,,0,False
NCLIND,2020-03-31,53.9,2021-08-03,298.4,5.5,0,,,0,False
RANEHOLDIN,2016-02-29,498.4,2018-04-17,2743.35,5.5,0,,,0,False
BATAINDIA,2016-11-24,402.55,2021-11-15,2229.6,5.5,0,,,0,False
ZUARI,2016-02-25,118.45,2017-10-30,646.7,5.5,0,,,0,False
DLF,2016-02-12,80.8,2021-11-08,442.2,5.5,0,,,0,False
VSTTILLERS,2020-04-03,619.85,2021-10-12,3400.85,5.5,0,,,0,False
ASIANTILES,2016-02-11,112.55,2018-01-12,611.95,5.4,0,,,0,False
MRPL,2020-03-30,22.3,2022-06-09,120.65,5.4,1,2022-06-03,3.7,14,True
VRLLOG,2020-03-24,65.63,2022-07-20,352.28,5.4,2,2022-06-03,5.06,49,True
INGERRAND,2016-02-16,436.98,2022-11-21,2372.15,5.4,0,,,0,False
JMFINANCIL,2016-02-11,34.45,2017-10-16,186.3,5.4,0,,,0,False
ABREL,2016-02-29,185.32,2022-01-17,1009.85,5.4,0,,,0,False
PAGEIND,2016-02-29,9880.95,2022-10-20,53795.8,5.4,2,2018-05-07,2.4,147,True
POWERINDIA,2020-03-30,714.0,2022-03-03,3852.7,5.4,0,,,0,False
BERGEPAINT,2016-02-29,133.52,2021-07-20,720.79,5.4,4,2016-07-19,1.42,94,True
CCAVENUE,2016-04-07,9.95,2018-09-17,53.42,5.4,0,,,0,False
BASF,2016-02-12,715.1,2021-08-11,3830.9,5.4,0,,,0,False
COFFEEDAY,2020-06-01,14.95,2022-01-20,80.4,5.4,0,,,0,False
KSB,2020-03-30,79.18,2022-10-31,416.27,5.3,0,,,0,False
SHREEPUSHK,2020-03-24,59.35,2022-04-18,314.95,5.3,0,,,0,False
WELCORP,2020-05-26,55.5,2022-09-22,292.6,5.3,0,,,0,False
ANTELOPUS,2020-03-19,62.6,2022-10-10,329.4,5.3,0,,,0,False
CEMPRO,2020-03-24,27.05,2022-12-14,143.75,5.3,0,,,0,True
ASTRAZEN,2017-08-22,885.55,2021-01-04,4665.95,5.3,0,,,0,True
BANKBARODA,2020-05-19,36.5,2022-12-13,193.0,5.3,0,,,0,False
CUMMINSIND,2020-04-07,287.15,2022-12-09,1523.0,5.3,0,,,0,False
BAJAJHLDNG,2016-02-29,1349.15,2022-09-14,7144.35,5.3,0,,,0,False
DCAL,2020-03-27,48.45,2021-12-02,253.2,5.2,0,,,0,False
AMRUTANJAN,2016-02-29,189.1,2021-11-08,992.05,5.2,0,,,0,False
BEML,2020-03-23,194.85,2021-12-07,1022.08,5.2,0,,,0,False
TIMETECHNO,2020-04-01,11.88,2022-09-05,61.88,5.2,0,,,0,False
CAPLIPOINT,2016-01-21,182.73,2021-09-13,956.0,5.2,3,2017-07-21,3.81,43,True
IFCI,2020-03-19,3.45,2021-12-14,17.9,5.2,0,,,0,False
KEC,2016-02-29,100.8,2021-10-25,526.35,5.2,0,,,0,False
IOB,2020-03-23,6.7,2022-12-15,34.75,5.2,0,,,0,False
WABAG,2020-04-03,75.4,2021-08-02,393.6,5.2,0,,,0,False
PURVA,2020-03-23,31.3,2021-11-09,162.95,5.2,0,,,0,False
JKIL,2020-03-23,67.55,2022-07-25,345.75,5.1,0,,,0,False
VOLTAMP,2016-02-25,680.2,2022-07-29,3495.7,5.1,0,,,0,False
LGBBROSLTD,2020-03-24,151.45,2022-09-16,779.3,5.1,1,2022-09-06,4.73,14,True
RUPA,2020-03-23,112.75,2022-05-02,571.8,5.1,0,,,0,False
MINDACORP,2020-04-03,53.45,2022-04-22,271.2,5.1,0,,,0,False
INSECTICID,2020-03-24,147.67,2022-12-19,757.65,5.1,0,,,0,False
PANACEABIO,2016-05-25,85.35,2021-05-27,439.25,5.1,0,,,0,False
ORIENTCEM,2020-05-11,35.95,2021-11-04,182.55,5.1,0,,,0,False
RICOAUTO,2020-03-24,16.8,2022-12-15,86.5,5.1,0,,,0,False
ASAHIINDIA,2020-03-25,134.95,2022-09-09,686.5,5.1,0,,,0,False
WOCKPHARMA,2020-03-24,156.2,2021-05-26,786.65,5.0,0,,,0,False
AAVAS,2018-10-23,635.1,2022-02-02,3195.8,5.0,0,,,0,False
MandM,2020-03-24,269.0,2022-11-01,1354.05,5.0,0,,,0,False
MOTHERSON,2020-03-23,23.73,2021-06-02,119.6,5.0,0,,,0,True
TFCILTD,2016-05-26,6.98,2018-01-12,35.23,5.0,0,,,0,False
BIRLACORPN,2016-02-29,321.55,2021-11-09,1610.4,5.0,0,,,0,False
