symbol,close,last_bar_date,ema20,ema200,return_5d_pct,rs_vs_nifty_pct,rel_volume,avg_turnover_cr,pct_from_52w_high,max_single_day_pct,pump_risk_flag,passes_all_filters
360ONE,1199.0,2026-08-21,1165.72,1102.93,1.61,2.08,1.02,109.8,-2.4,1.9,False,False
3MINDIA,33640.0,2026-08-21,34913.54,33151.44,-4.81,-4.34,0.75,14.4,-10.3,4.1,False,False
ABB,7424.0,2026-08-21,7480.37,6448.26,-2.94,-2.47,0.42,224.1,-5.2,1.5,False,False
ACC,1307.4,2026-08-21,1334.47,1486.68,-1.06,-0.59,0.57,24.6,-33.8,1.2,False,False
ACMESOLAR,401.6,2026-08-21,376.59,311.46,7.35,7.82,2.01,86.9,-2.4,4.5,False,True
AIAENG,4348.9,2026-08-21,4538.14,4113.39,-2.99,-2.52,0.66,28.1,-16.0,2.2,False,False
APLAPOLLO,2139.0,2026-08-21,2012.05,1889.82,2.67,3.14,0.52,140.7,-7.1,1.6,False,False
AUBANK,1108.2,2026-08-21,1069.5,974.31,2.43,2.9,0.88,188.6,0.0,1.9,False,False
AWL,188.12,2026-08-21,190.87,205.03,-2.1,-1.63,0.89,52.2,-33.2,1.7,False,False
AADHARHFC,462.55,2026-08-21,493.13,493.65,-7.16,-6.69,1.74,18.4,-17.8,2.7,False,False
AARTIIND,527.2,2026-08-21,511.28,450.4,-1.29,-0.82,0.56,91.4,-2.7,1.4,False,False
AAVAS,1355.3,2026-08-21,1395.94,1423.53,-3.01,-2.54,0.92,9.4,-23.5,1.1,False,False
ABBOTINDIA,26230.0,2026-08-21,27100.27,27152.93,-3.07,-2.6,0.73,24.4,-18.4,1.2,False,False
ACE,1182.2,2026-08-21,1107.63,971.41,8.9,9.37,0.83,52.0,-1.2,6.4,False,False
ACUTAAS,3169.0,2026-08-21,3261.92,2628.26,-2.06,-1.59,0.72,110.9,-15.3,6.0,False,False
ADANIENSOL,1541.9,2026-08-21,1604.75,1303.47,-4.59,-4.12,1.1,350.8,-13.8,3.9,False,False
ADANIENT,2997.0,2026-08-21,3020.43,2641.84,-1.26,-0.79,0.76,303.9,-7.6,0.9,False,False
ADANIGREEN,1320.0,2026-08-21,1359.65,1234.69,-2.08,-1.61,0.46,205.6,-19.1,1.5,False,False
ADANIPORTS,1700.0,2026-08-21,1707.74,1622.9,0.0,0.47,0.6,379.7,-10.1,0.8,False,False
ADANIPOWER,205.5,2026-08-21,208.46,187.93,0.12,0.59,0.73,299.5,-19.2,1.0,False,False
ATGL,646.1,2026-08-21,662.01,638.79,-1.22,-0.75,2.52,66.9,-24.8,2.6,False,False
ABCAPITAL,413.0,2026-08-21,405.35,359.12,2.99,3.46,1.01,161.3,-4.1,3.3,False,False
ABFRL,54.35,2026-08-21,57.39,64.97,-2.91,-2.44,0.45,46.3,-42.8,1.2,False,False
ABLBL,86.12,2026-08-21,90.76,106.01,-2.99,-2.52,1.36,10.3,-42.8,2.1,False,False
ABREL,1406.3,2026-08-21,1402.65,1434.1,0.24,0.71,1.84,24.4,-28.3,3.6,False,False
ABSLAMC,1008.4,2026-08-21,1021.52,964.09,-0.28,0.19,0.37,19.5,-15.6,1.3,False,False
CPPLUS,3475.5,2026-08-21,3524.31,2558.76,-1.24,-0.77,1.93,88.5,-15.1,5.0,False,False
AEGISLOG,1417.9,2026-08-21,1323.6,932.36,12.05,12.52,0.94,154.5,-5.3,6.3,False,False
AEGISVOPAK,276.3,2026-08-21,277.03,240.14,2.68,3.14,0.39,32.5,-11.3,3.6,False,False
AFCONS,278.9,2026-08-21,278.01,327.77,3.76,4.23,0.43,28.1,-41.4,3.1,False,False
AFFLE,1718.7,2026-08-21,1651.52,1590.17,2.99,3.46,0.26,80.9,-21.4,2.1,False,False
AJANTPHARM,3639.8,2026-08-21,3554.1,3029.61,-0.9,-0.43,0.83,38.5,-4.1,1.2,False,False
ALKEM,5400.0,2026-08-21,5503.97,5485.39,0.6,1.06,1.09,75.0,-8.1,1.9,False,False
ABDL,595.0,2026-08-21,612.65,567.36,-0.74,-0.27,0.73,20.2,-16.4,2.4,False,False
ARE&M,919.75,2026-08-21,923.56,880.51,-2.77,-2.3,0.23,129.3,-12.0,1.2,False,False
AMBER,7350.0,2026-08-21,7325.79,7414.87,1.77,2.24,1.18,228.5,-18.1,1.4,False,False
AMBUJACEM,414.5,2026-08-21,422.58,468.6,-0.72,-0.25,1.31,134.6,-30.7,1.2,False,False
ANANDRATHI,2188.0,2026-08-21,2132.12,1777.87,0.61,1.08,0.72,44.4,-1.9,0.9,False,False
ANANTRAJ,625.0,2026-08-21,616.54,553.37,-0.79,-0.32,0.86,135.5,-15.8,1.4,False,False
ANGELONE,287.8,2026-08-21,297.34,289.68,0.17,0.64,0.82,142.2,-19.9,2.2,False,False
ANTHEM,871.45,2026-08-21,850.49,760.01,-2.1,-1.63,0.6,53.2,-3.6,1.0,False,False
ANURAS,1243.7,2026-08-21,1224.34,1250.72,2.84,3.3,1.84,32.7,-12.1,1.2,False,False
APARINDS,16856.0,2026-08-21,16100.12,12267.42,0.99,1.46,0.93,307.4,-8.7,4.2,False,False
APOLLOHOSP,8693.0,2026-08-21,8798.17,8121.63,-2.55,-2.08,0.86,352.1,-3.8,1.1,False,False
APOLLOTYRE,439.7,2026-08-21,436.09,440.02,-0.99,-0.52,1.52,36.0,-17.6,2.4,False,False
APTUS,257.75,2026-08-21,261.89,272.43,2.89,3.36,0.67,26.7,-27.0,1.9,False,False
ASAHIINDIA,965.75,2026-08-21,920.81,892.8,2.83,3.29,1.65,23.2,-10.1,3.4,False,True
ASHOKLEY,173.0,2026-08-21,170.81,160.95,0.79,1.26,0.77,345.0,-18.3,3.2,False,False
ASIANPAINT,2640.0,2026-08-21,2694.3,2589.07,-2.09,-1.62,0.56,276.1,-10.8,2.2,False,False
ASTERDM,761.55,2026-08-21,812.01,720.99,-7.39,-6.93,24.7,406.5,-14.6,4.3,False,False
ASTRAL,1528.5,2026-08-21,1488.4,1488.13,-1.79,-1.32,0.3,149.7,-13.4,1.6,False,False
ATHERENERG,1462.0,2026-08-21,1415.21,948.2,-3.27,-2.81,0.43,622.7,-7.5,1.9,False,False
ATUL,6509.5,2026-08-21,6646.0,6448.74,-3.26,-2.79,0.31,44.8,-8.9,1.7,False,False
AUROPHARMA,1621.3,2026-08-21,1612.07,1386.97,-0.05,0.42,0.73,161.4,-3.6,1.2,False,False
AIIL,552.25,2026-08-21,555.02,530.03,-2.24,-1.77,1.03,29.3,-19.1,3.7,False,False
DMART,3906.0,2026-08-21,3988.46,4141.26,-3.79,-3.33,0.6,209.4,-21.1,1.6,False,False
AXISBANK,1245.8,2026-08-21,1245.96,1262.31,2.33,2.8,0.57,689.0,-12.1,1.3,False,False
BEML,1935.4,2026-08-21,1865.63,1811.98,3.25,3.72,0.99,88.1,-14.7,3.0,False,False
BLS,271.29,2026-08-21,260.81,278.22,-2.46,-1.99,0.74,48.8,-30.3,2.0,False,False
BSE,3241.0,2026-08-21,3465.09,3304.63,-5.98,-5.51,1.91,1467.9,-26.9,3.3,False,False
BAJAJ-AUTO,11700.0,2026-08-21,11495.31,9974.89,0.0,0.47,0.5,297.0,-1.4,1.3,False,False
BAJFINANCE,1095.0,2026-08-21,1086.61,977.11,0.74,1.2,0.37,918.8,-6.9,1.4,False,False
BAJAJFINSV,2032.5,2026-08-21,1997.52,1899.67,1.2,1.67,0.48,275.5,-7.3,0.8,False,False
BAJAJHLDNG,11320.0,2026-08-21,11255.01,10947.49,-1.35,-0.88,0.98,47.8,-17.0,1.1,False,False
BAJAJHFL,84.85,2026-08-21,85.4,90.66,0.62,1.08,0.94,26.6,-27.5,0.9,False,False
BALKRISIND,2350.8,2026-08-21,2357.07,2275.84,-0.54,-0.07,0.19,133.3,-15.0,1.8,False,False
BALRAMCHIN,729.35,2026-08-21,647.97,541.91,16.72,17.19,14.72,249.6,-6.6,17.9,True,False
BANDHANBNK,175.1,2026-08-21,175.7,178.81,1.18,1.65,0.27,147.2,-20.0,2.9,False,False
BANKBARODA,247.0,2026-08-21,247.18,260.54,-0.49,-0.02,0.67,196.6,-21.7,1.0,False,False
BANKINDIA,142.79,2026-08-21,142.49,139.8,-0.91,-0.44,0.57,100.2,-17.3,1.1,False,False
MAHABANK,80.26,2026-08-21,80.35,72.91,0.17,0.64,0.74,81.4,-15.1,1.2,False,False
BATAINDIA,701.05,2026-08-21,698.05,761.59,-4.05,-3.58,0.83,51.4,-42.7,1.4,False,False
BAYERCROP,4071.5,2026-08-21,4126.29,4444.19,0.64,1.1,0.55,9.3,-25.4,1.3,False,False
BELRISE,231.77,2026-08-21,240.22,205.76,-9.23,-8.77,1.56,126.2,-13.6,7.5,False,False
BERGEPAINT,524.4,2026-08-21,530.17,503.62,-3.8,-3.33,0.58,28.4,-11.1,1.5,False,False
BDL,1359.0,2026-08-21,1326.01,1353.24,-2.79,-2.32,1.78,240.4,-17.5,3.2,False,False
BEL,414.0,2026-08-21,405.98,411.91,0.78,1.25,0.75,537.4,-12.4,1.1,False,False
BHARATFORG,2063.0,2026-08-21,2113.13,1815.34,-0.1,0.37,0.74,263.3,-10.1,1.4,False,False
BHEL,413.0,2026-08-21,414.69,340.71,-2.06,-1.6,0.87,327.5,-7.5,3.4,False,False
BPCL,311.0,2026-08-21,314.86,317.21,-2.65,-2.18,0.82,161.6,-20.6,2.0,False,False
BHARTIARTL,1946.0,2026-08-21,1939.8,1899.67,-2.31,-1.85,0.76,1310.1,-9.4,1.8,False,False
BHARTIHEXA,1591.2,2026-08-21,1580.64,1589.28,-1.84,-1.38,0.62,29.9,-17.7,2.5,False,False
BIKAJI,605.75,2026-08-21,621.83,666.81,-1.23,-0.76,0.35,6.4,-25.9,0.8,False,False
BIOCON,415.55,2026-08-21,421.33,397.69,-0.35,0.12,0.6,149.9,-7.1,1.3,False,False
BSOFT,303.75,2026-08-21,307.89,340.66,-2.66,-2.19,0.34,58.0,-35.0,1.7,False,False
BLUEDART,5083.0,2026-08-21,5089.63,5241.96,-1.13,-0.66,0.1,26.2,-27.8,0.8,False,False
BLUEJET,596.15,2026-08-21,590.69,535.4,1.99,2.46,0.57,68.7,-23.8,2.5,False,False
BLUESTARCO,1511.9,2026-08-21,1556.64,1713.27,0.26,0.73,0.84,96.5,-25.5,1.1,False,False
BBTC,1427.4,2026-08-21,1476.6,1602.22,-2.78,-2.31,1.01,5.2,-32.5,1.9,False,False
BOSCHLTD,48200.0,2026-08-21,45189.58,38763.92,2.34,2.8,1.23,218.7,-1.9,3.7,False,False
FIRSTCRY,196.33,2026-08-21,207.83,251.58,-4.74,-4.27,2.23,18.1,-55.2,4.0,False,False
BRIGADE,639.3,2026-08-21,587.99,579.6,8.07,8.54,1.85,32.1,-20.0,6.5,False,False
BRITANNIA,5365.0,2026-08-21,5470.06,5494.79,-3.47,-3.0,0.98,197.1,-13.9,3.3,False,False
MAPMYINDIA,983.9,2026-08-21,1031.02,1156.09,-0.59,-0.12,0.26,30.1,-50.6,2.3,False,False
CCL,1082.3,2026-08-21,1137.1,1074.5,-4.51,-4.04,0.97,20.4,-12.9,2.7,False,False
CESC,155.09,2026-08-21,158.81,160.36,-4.17,-3.7,1.81,25.5,-21.4,1.9,False,False
CGPOWER,867.0,2026-08-21,881.01,806.69,-2.6,-2.13,0.6,280.4,-11.6,3.5,False,False
CIEINDIA,401.05,2026-08-21,415.35,436.6,-1.64,-1.18,0.28,19.0,-22.7,0.9,False,False
CRISIL,4514.5,2026-08-21,4447.06,4363.44,0.86,1.33,0.42,19.7,-15.6,1.3,False,False
CANFINHOME,830.45,2026-08-21,827.97,844.03,1.18,1.64,0.89,15.6,-13.7,3.1,False,False
CANBK,129.96,2026-08-21,129.24,129.56,-0.98,-0.51,0.38,227.5,-17.6,1.5,False,False
CAPLIPOINT,2560.8,2026-08-21,2546.74,2163.63,3.24,3.71,0.62,26.9,-5.1,1.7,False,False
CGCL,224.03,2026-08-21,230.34,203.65,-1.1,-0.63,0.9,93.3,-15.3,0.5,False,False
CARBORUNIV,1169.8,2026-08-21,1118.38,991.31,1.58,2.05,1.97,26.8,-10.3,4.6,False,False
CARTRADE,3072.9,2026-08-21,2815.27,2403.06,9.83,10.3,1.02,207.2,-6.6,6.1,False,False
CASTROLIND,187.77,2026-08-21,185.2,180.6,0.51,0.98,0.64,59.9,-5.6,1.0,False,False
CEATLTD,3563.4,2026-08-21,3603.57,3504.19,-3.4,-2.93,0.41,31.0,-18.9,2.2,False,False
CEMPRO,1276.4,2026-08-21,1316.37,1005.73,-1.72,-1.26,0.61,78.6,-22.6,4.4,False,False
CENTRALBK,31.29,2026-08-21,31.3,33.75,-0.35,0.12,0.59,14.9,-22.3,0.8,False,False
CDSL,1388.9,2026-08-21,1346.17,1348.51,3.31,3.78,1.32,152.0,-16.3,3.2,False,False
CHALET,861.95,2026-08-21,838.28,840.62,4.47,4.93,0.82,9.0,-19.4,2.4,False,False
CHAMBLFERT,431.15,2026-08-21,440.56,457.81,-2.61,-2.14,0.87,18.6,-23.9,1.1,False,False
CHENNPETRO,1393.5,2026-08-21,1311.36,1009.85,5.42,5.88,1.04,376.6,-6.5,4.6,False,False
CHOICEIN,808.6,2026-08-21,809.94,754.32,0.53,1.0,0.74,41.1,-6.0,1.2,False,False
CHOLAHLDNG,1561.8,2026-08-21,1575.62,1653.16,-2.22,-1.75,0.37,34.5,-24.3,1.3,False,False
CHOLAFIN,1862.9,2026-08-21,1863.6,1675.05,-1.66,-1.19,0.42,275.4,-4.6,1.4,False,False
CIPLA,1432.2,2026-08-21,1444.47,1413.59,-1.23,-0.76,0.42,133.2,-13.6,1.3,False,False
CUB,217.3,2026-08-21,215.46,198.15,4.15,4.62,0.75,91.8,-10.6,3.2,False,False
CLEAN,825.5,2026-08-21,800.37,832.01,0.49,0.95,0.56,44.8,-33.9,2.3,False,False
COALINDIA,405.2,2026-08-21,411.03,418.91,-0.47,0.0,0.97,298.8,-16.4,1.7,False,False
COCHINSHIP,1480.5,2026-08-21,1468.62,1525.18,-1.07,-0.6,1.06,156.9,-24.9,2.6,False,False
COFORGE,1891.7,2026-08-21,1760.25,1528.03,4.4,4.87,0.7,586.2,-4.3,3.8,False,False
COHANCE,463.0,2026-08-21,446.7,489.49,5.07,5.54,2.61,61.5,-55.4,6.4,False,False
COLPAL,1889.0,2026-08-21,1986.21,2078.56,-4.64,-4.18,1.17,89.4,-22.8,3.1,False,False
CAMS,753.0,2026-08-21,772.1,753.52,-1.21,-0.75,1.08,103.7,-10.1,1.8,False,False
CONCORDBIO,1571.3,2026-08-21,1452.41,1319.84,8.27,8.74,1.87,32.4,-11.7,4.4,False,True
CONCOR,515.05,2026-08-21,512.37,498.02,-2.27,-1.8,0.23,124.8,-8.3,1.2,False,False
COROMANDEL,1996.1,2026-08-21,2054.04,2088.08,-4.73,-4.27,0.56,20.3,-19.8,1.7,False,False
CRAFTSMAN,10644.5,2026-08-21,10291.11,8441.28,3.84,4.31,0.52,65.9,-2.9,3.9,False,False
CREDITACC,1496.1,2026-08-21,1531.7,1388.6,-3.44,-2.97,0.26,66.4,-8.4,2.5,False,False
CROMPTON,252.0,2026-08-21,252.4,265.35,1.49,1.96,1.2,98.9,-24.4,2.6,False,False
CUMMINSIND,5107.5,2026-08-21,5371.69,4983.53,-5.42,-4.95,0.91,251.3,-15.6,2.4,False,False
CYIENT,892.65,2026-08-21,867.94,954.7,2.95,3.42,1.74,51.1,-29.6,4.2,False,False
DCMSHRIRAM,1082.1,2026-08-21,1033.63,1104.32,5.6,6.07,0.89,25.5,-22.7,2.9,False,False
DLF,678.1,2026-08-21,661.07,641.24,1.97,2.44,1.06,220.6,-13.6,0.9,False,False
DOMS,2206.3,2026-08-21,2235.84,2332.49,-0.43,0.03,0.39,11.0,-20.3,1.1,False,False
DABUR,400.5,2026-08-21,411.22,451.72,-1.17,-0.7,0.53,88.0,-29.3,0.9,False,False
DALBHARAT,1880.0,2026-08-21,1841.47,1922.18,2.06,2.53,1.54,33.2,-24.3,2.1,False,False
DATAPATTNS,4829.9,2026-08-21,4547.37,3728.35,8.4,8.86,1.08,402.4,-3.4,4.6,False,False
DEEPAKFERT,1449.2,2026-08-21,1512.86,1386.24,-3.15,-2.69,0.37,76.3,-13.8,2.0,False,False
DEEPAKNTR,1747.1,2026-08-21,1730.32,1665.49,1.39,1.85,0.68,91.2,-7.8,3.3,False,False
DELHIVERY,450.7,2026-08-21,465.02,457.26,-1.96,-1.49,0.31,172.7,-14.0,0.9,False,False
DEVYANI,144.4,2026-08-21,133.66,127.57,0.45,0.91,0.41,112.3,-24.4,3.4,False,False
DIVISLAB,8597.0,2026-08-21,8243.58,6799.71,1.42,1.88,0.44,440.1,-0.9,1.3,False,False
DIXON,14850.0,2026-08-21,14159.72,12984.5,5.1,5.56,1.3,523.6,-19.6,2.7,False,False
LALPATHLAB,1894.2,2026-08-21,1876.67,1613.38,-1.15,-0.69,0.36,82.7,-4.8,2.0,False,False
DRREDDY,1174.7,2026-08-21,1187.24,1249.36,-2.11,-1.64,0.56,199.9,-16.4,1.1,False,False
EIDPARRY,797.3,2026-08-21,785.0,857.89,2.85,3.32,2.68,43.0,-33.4,2.9,False,False
EIHOTEL,302.75,2026-08-21,309.34,332.1,0.8,1.27,0.67,6.1,-30.1,1.4,False,False
EICHERMOT,8010.0,2026-08-21,7918.4,7219.4,-0.7,-0.23,0.65,387.8,-1.9,0.6,False,False
ELECON,451.55,2026-08-21,443.26,481.62,4.44,4.91,0.88,20.3,-28.6,5.3,False,False
ELGIEQUIP,634.35,2026-08-21,601.64,544.32,4.08,4.54,1.88,45.3,-1.5,3.8,False,True
EMAMILTD,402.6,2026-08-21,404.51,451.48,-0.17,0.29,0.95,25.5,-35.3,1.7,False,False
EMCURE,1863.0,2026-08-21,1913.68,1673.91,-3.59,-3.12,0.92,31.3,-9.0,3.0,False,False
ENDURANCE,3029.5,2026-08-21,2909.96,2657.25,4.5,4.97,1.33,47.2,-1.4,2.7,False,False
ENGINERSIN,244.91,2026-08-21,237.97,221.24,0.5,0.97,0.87,54.8,-8.3,3.2,False,False
ERIS,1328.2,2026-08-21,1370.45,1442.77,-2.23,-1.76,0.78,14.6,-26.6,1.7,False,False
ESCORTS,3086.6,2026-08-21,3063.84,3165.4,-0.87,-0.4,0.4,38.6,-24.9,2.3,False,False
ETERNAL,328.0,2026-08-21,312.6,281.38,2.98,3.45,0.82,912.4,-11.0,2.5,False,False
EXIDEIND,459.6,2026-08-21,461.85,388.72,-3.47,-3.0,0.34,268.2,-7.4,2.2,False,False
NYKAA,334.0,2026-08-21,328.3,280.58,0.91,1.37,0.69,227.4,-4.0,2.1,False,False
FEDERALBNK,361.0,2026-08-21,353.72,294.26,2.76,3.23,0.71,153.4,-2.5,1.6,False,False
FACT,783.3,2026-08-21,813.34,865.61,-3.02,-2.55,1.83,8.3,-26.0,1.8,False,False
FINCABLES,1260.5,2026-08-21,1175.79,974.11,1.09,1.56,0.56,248.2,-8.3,5.9,False,False
FSL,276.05,2026-08-21,276.81,275.83,3.35,3.82,0.2,194.1,-26.0,3.5,False,False
FIVESTAR,520.95,2026-08-21,538.74,504.94,-5.32,-4.85,0.37,34.0,-21.5,2.6,False,False
FORCEMOT,17770.0,2026-08-21,18180.47,19412.72,-3.22,-2.75,0.55,167.6,-32.8,2.2,False,False
FORTIS,907.1,2026-08-21,927.01,932.24,-2.36,-1.89,0.91,144.0,-17.8,2.2,False,False
GAIL,172.0,2026-08-21,173.88,167.8,-1.66,-1.19,0.48,217.9,-5.7,1.6,False,False
GVT&D,4127.2,2026-08-21,4277.37,4010.49,-4.89,-4.42,0.8,454.4,-26.8,2.3,False,False
GMRAIRPORT,99.63,2026-08-21,104.18,100.43,-1.85,-1.38,0.77,100.1,-13.8,2.0,False,False
GABRIEL,1420.6,2026-08-21,1440.36,1170.8,-2.63,-2.16,0.2,50.1,-11.0,2.0,False,False
GALLANTT,584.4,2026-08-21,595.21,640.28,0.4,0.87,0.18,7.2,-38.4,1.2,False,False
GRSE,2601.5,2026-08-21,2611.26,2599.38,-0.65,-0.19,1.14,137.8,-22.1,3.0,False,False
GICRE,355.75,2026-08-21,357.53,372.42,1.04,1.5,1.3,18.8,-14.9,1.2,False,False
GILLETTE,7498.5,2026-08-21,7626.97,8136.63,-1.34,-0.87,0.7,14.4,-28.7,0.7,False,False
GLAND,2819.3,2026-08-21,2724.02,2133.7,-5.08,-4.61,0.43,258.4,-7.3,2.0,False,False
GLAXO,2902.2,2026-08-21,2715.08,2471.12,7.94,8.4,6.95,48.0,-5.0,6.5,False,True
GLENMARK,2317.9,2026-08-21,2278.22,2160.27,-0.02,0.45,0.85,112.9,-6.3,3.8,False,False
MEDANTA,1409.7,2026-08-21,1410.33,1266.06,-0.91,-0.44,0.45,36.7,-5.4,2.0,False,False
GODIGIT,262.9,2026-08-21,264.67,312.72,1.25,1.72,0.2,25.0,-31.1,2.4,False,False
GPIL,245.09,2026-08-21,244.39,258.31,4.1,4.57,1.31,49.7,-23.1,6.5,False,False
GODFRYPHLP,2117.0,2026-08-21,2149.75,2370.01,-1.49,-1.02,0.37,140.5,-45.3,1.3,False,False
GODREJCP,933.0,2026-08-21,986.3,1077.77,-0.14,0.33,0.65,232.4,-27.3,1.8,False,False
GODREJIND,1230.0,2026-08-21,1263.84,1134.0,-1.8,-1.33,1.28,14.1,-14.8,2.4,False,False
GODREJPROP,2035.0,2026-08-21,2039.97,1904.49,2.26,2.73,0.72,128.2,-13.1,3.2,False,False
GRANULES,858.15,2026-08-21,850.77,704.36,-0.03,0.44,0.45,52.3,-5.5,2.0,False,False
GRAPHITE,710.75,2026-08-21,702.85,643.68,-1.5,-1.04,0.34,98.4,-10.4,2.7,False,False
GRASIM,3308.0,2026-08-21,3241.3,2977.6,1.83,2.29,1.83,302.3,-3.0,0.9,False,False
GRAVITA,1821.7,2026-08-21,1770.42,1682.42,1.53,1.99,0.8,44.7,-4.8,1.6,False,False
GESHIP,1311.3,2026-08-21,1329.32,1306.89,2.09,2.55,0.83,153.0,-25.8,2.2,False,False
FLUOROCHEM,4621.9,2026-08-21,4549.93,3791.84,-2.45,-1.98,0.68,110.1,-6.8,1.3,False,False
GMDCLTD,570.0,2026-08-21,577.19,582.23,-1.86,-1.39,0.79,85.6,-26.2,2.3,False,False
HEG,710.75,2026-08-21,678.37,573.86,1.39,1.86,0.85,128.5,-5.1,5.9,False,False
HBLENGINE,702.55,2026-08-21,705.4,771.36,3.54,4.01,1.7,70.5,-37.2,6.1,False,False
HCLTECH,1302.5,2026-08-21,1315.87,1312.48,-4.23,-3.76,0.62,323.8,-24.7,2.6,False,False
HDBFS,695.85,2026-08-21,691.02,704.51,1.3,1.76,1.74,35.2,-13.8,2.4,False,False
HDFCAMC,2610.0,2026-08-21,2561.54,2616.62,5.03,5.5,1.08,179.0,-10.1,2.8,False,False
HDFCBANK,726.95,2026-08-21,737.38,822.81,-0.01,0.46,0.63,1969.8,-27.6,0.8,False,False
HDFCLIFE,554.8,2026-08-21,545.51,631.6,3.54,4.0,0.75,187.4,-31.0,2.4,False,False
HFCL,228.01,2026-08-21,216.48,142.01,2.2,2.66,0.6,502.2,-2.7,4.8,False,False
HAVELLS,1268.0,2026-08-21,1268.45,1297.53,-2.31,-1.84,0.66,112.8,-21.2,1.0,False,False
HEROMOTOCO,5735.0,2026-08-21,5586.52,5198.39,-0.95,-0.48,0.47,413.8,-7.1,0.8,False,False
HEXT,532.45,2026-08-21,557.36,573.07,-6.56,-6.1,0.16,54.7,-34.1,2.2,False,False
HSCL,654.4,2026-08-21,743.72,594.67,-16.22,-15.75,1.97,503.3,-20.1,7.1,False,False
HINDALCO,1034.0,2026-08-21,1022.88,947.95,0.44,0.9,0.56,494.5,-11.6,2.0,False,False
HAL,5000.0,2026-08-21,4861.18,4433.55,-0.59,-0.13,0.97,565.0,-2.9,1.6,False,False
HINDCOPPER,572.7,2026-08-21,535.34,483.11,8.25,8.72,1.76,619.6,-24.5,8.2,False,False
HINDPETRO,363.25,2026-08-21,370.6,380.25,-2.74,-2.28,0.5,225.1,-24.9,1.3,False,False
HINDUNILVR,2015.0,2026-08-21,2072.99,2233.0,-2.99,-2.52,0.66,386.1,-25.4,1.1,False,False
HINDZINC,594.9,2026-08-21,566.95,551.34,5.87,6.34,1.34,313.7,-17.4,3.7,False,False
POWERINDIA,34190.0,2026-08-21,33870.93,28710.86,-4.21,-3.74,0.65,479.0,-11.8,4.2,False,False
HOMEFIRST,1193.7,2026-08-21,1186.35,1154.26,1.46,1.93,0.86,17.5,-12.8,0.6,False,False
HONASA,481.9,2026-08-21,471.61,374.27,-4.16,-3.69,0.73,104.3,-5.5,4.2,False,False
HONAUT,36700.0,2026-08-21,37402.03,35092.76,-1.36,-0.89,0.36,25.1,-11.6,2.2,False,False
HUDCO,186.09,2026-08-21,192.83,200.54,-1.27,-0.81,0.78,41.2,-22.2,1.2,False,False
HYUNDAI,2218.8,2026-08-21,2155.86,2076.12,0.9,1.37,0.79,192.6,-22.5,2.4,False,False
ICICIBANK,1420.0,2026-08-21,1419.22,1357.99,0.21,0.68,0.61,1501.4,-3.2,0.7,False,False
ICICIGI,1617.0,2026-08-21,1644.5,1796.4,-0.8,-0.33,0.64,125.5,-21.4,0.6,False,False
ICICIPRULI,515.0,2026-08-21,505.76,549.82,1.15,1.62,0.77,75.6,-26.9,2.6,False,False
IDBI,82.24,2026-08-21,82.88,86.41,-0.25,0.21,0.45,33.7,-30.5,1.3,False,False
IDFCFIRSTB,86.75,2026-08-21,84.66,76.27,1.24,1.7,0.42,191.5,-2.0,1.1,False,False
IFCI,80.91,2026-08-21,77.27,65.84,5.16,5.63,2.26,174.4,-15.5,3.1,False,False
IIFL,679.8,2026-08-21,617.23,523.81,7.71,8.18,1.54,138.4,-1.1,6.8,False,True
IRB,18.95,2026-08-21,19.46,20.78,-1.61,-1.14,0.51,20.8,-20.5,0.7,False,False
IRCON,124.72,2026-08-21,126.99,142.96,-0.06,0.41,1.12,17.1,-33.7,3.2,False,False
ITCHOTELS,164.98,2026-08-21,166.65,178.32,0.03,0.5,0.44,30.1,-34.5,1.6,False,False
ITC,269.4,2026-08-21,277.6,310.03,-3.16,-2.7,1.01,432.6,-33.8,1.9,False,False
ITI,279.25,2026-08-21,281.33,291.25,0.9,1.37,1.55,9.6,-25.1,1.1,False,False
INDGN,567.8,2026-08-21,550.16,517.78,2.16,2.63,0.64,43.7,-4.4,1.1,False,False
INDIACEM,370.9,2026-08-21,382.86,395.75,-1.17,-0.7,0.25,5.9,-23.7,1.3,False,False
INDIAMART,1742.2,2026-08-21,1782.7,2040.36,-2.66,-2.2,0.46,22.7,-33.2,1.1,False,False
INDIANB,876.9,2026-08-21,867.38,827.44,-2.02,-1.55,0.36,114.2,-10.5,1.5,False,False
IEX,123.7,2026-08-21,125.46,127.49,-0.84,-0.37,0.38,63.7,-20.7,1.1,False,False
INDHOTEL,730.0,2026-08-21,728.7,702.51,1.39,1.86,0.54,112.7,-9.7,1.7,False,False
IOC,135.9,2026-08-21,138.79,144.0,-2.51,-2.04,0.83,117.8,-26.5,1.1,False,False
IOB,33.01,2026-08-21,33.72,34.99,-1.73,-1.26,0.4,7.1,-21.0,1.2,False,False
IRCTC,484.2,2026-08-21,499.99,565.3,-2.67,-2.21,0.88,49.8,-33.6,1.4,False,False
IRFC,86.4,2026-08-21,87.78,101.36,-1.34,-0.87,1.0,65.8,-36.3,1.5,False,False
IREDA,115.0,2026-08-21,118.09,128.41,-1.08,-0.61,0.6,58.3,-29.2,1.4,False,False
IGL,147.87,2026-08-21,152.02,167.81,-2.52,-2.06,3.27,28.9,-32.6,2.2,False,False
INDUSTOWER,375.75,2026-08-21,376.41,389.1,-2.24,-1.77,0.67,192.5,-19.0,2.0,False,False
INDUSINDBK,1005.6,2026-08-21,1012.94,910.38,-1.49,-1.02,0.39,119.3,-6.7,1.0,False,False
NAUKRI,1350.1,2026-08-21,1296.76,1162.24,0.53,1.0,0.62,283.0,-5.4,1.7,False,False
INFY,1121.0,2026-08-21,1137.04,1244.26,-4.12,-3.65,0.57,1352.5,-33.7,2.5,False,False
INOXWIND,73.6,2026-08-21,76.17,98.52,-0.1,0.37,1.29,106.2,-53.8,6.1,False,False
INTELLECT,691.25,2026-08-21,710.52,781.51,-1.33,-0.87,0.46,38.4,-43.9,2.5,False,False
INDIGO,5110.0,2026-08-21,5244.36,5056.39,-3.77,-3.3,0.65,309.9,-16.9,1.1,False,False
IGIL,340.6,2026-08-21,347.21,344.68,-1.53,-1.06,0.82,23.1,-12.4,3.2,False,False
IKS,1786.2,2026-08-21,1806.76,1663.63,-2.92,-2.46,0.7,28.6,-7.6,2.6,False,False
IPCALAB,1911.2,2026-08-21,1808.08,1581.97,10.21,10.67,6.26,124.5,-1.7,8.7,False,True
JKCEMENT,5250.0,2026-08-21,5385.09,5620.91,-1.06,-0.6,0.41,18.4,-30.1,1.9,False,False
JBMA,673.95,2026-08-21,645.56,635.99,8.19,8.65,10.91,58.4,-14.7,8.1,False,True
JKTYRE,374.7,2026-08-21,388.03,406.31,-2.45,-1.98,0.45,34.1,-38.1,2.2,False,False
JMFINANCIL,128.24,2026-08-21,126.55,135.24,1.43,1.9,0.58,45.6,-34.2,2.3,False,False
JSWCEMENT,126.04,2026-08-21,130.11,130.06,-3.06,-2.59,0.83,15.5,-22.0,2.9,False,False
JSWDULUX,3118.8,2026-08-21,3075.14,3065.99,-1.53,-1.07,0.74,5.1,-15.4,1.1,False,False
JSWENERGY,544.95,2026-08-21,554.64,534.81,-2.69,-2.22,0.62,83.7,-11.4,1.3,False,False
JSWINFRA,335.7,2026-08-21,332.58,296.89,-1.02,-0.55,0.51,98.7,-5.6,2.0,False,False
JSWSTEEL,1293.7,2026-08-21,1279.61,1217.35,1.87,2.33,0.99,199.1,-3.1,1.4,False,False
JPPOWER,17.1,2026-08-21,17.49,17.67,-1.67,-1.2,0.38,104.9,-30.2,1.7,False,False
J&KBANK,149.01,2026-08-21,156.55,136.18,-4.16,-3.69,0.4,83.0,-26.1,4.8,False,False
JINDALSAW,291.65,2026-08-21,268.82,226.6,9.19,9.66,3.42,50.3,-2.3,8.1,False,True
JSL,701.35,2026-08-21,724.45,738.59,-4.55,-4.08,0.89,28.5,-20.2,2.0,False,False
JINDALSTEL,1127.8,2026-08-21,1098.88,1110.55,3.51,3.98,0.92,103.7,-13.5,2.3,False,False
JIOFIN,244.0,2026-08-21,248.37,258.32,-2.03,-1.56,0.45,472.8,-25.8,1.6,False,False
JUBLFOOD,506.75,2026-08-21,481.01,489.36,0.53,0.99,0.41,185.6,-23.9,2.1,False,False
JUBLINGREA,718.35,2026-08-21,727.71,682.89,-2.52,-2.06,0.54,21.2,-9.3,2.5,False,False
JUBLPHARMA,880.35,2026-08-21,911.68,968.7,1.68,2.15,1.8,25.2,-25.3,1.1,False,False
JWL,247.0,2026-08-21,254.48,281.98,-3.7,-3.24,0.48,35.1,-33.8,1.5,False,False
JYOTICNC,988.8,2026-08-21,863.65,812.9,19.58,20.05,2.25,128.6,-6.4,8.3,False,True
KPRMILL,1151.6,2026-08-21,1106.29,1014.9,3.75,4.22,0.6,29.5,-13.5,2.4,False,False
KEI,5527.6,2026-08-21,5512.91,4846.07,-3.02,-2.56,0.63,290.1,-6.3,3.0,False,False
KPITTECH,589.3,2026-08-21,602.53,801.86,-4.02,-3.55,0.22,275.1,-55.1,2.0,False,False
KAJARIACER,1208.5,2026-08-21,1217.72,1135.4,-3.58,-3.11,0.47,36.0,-6.8,2.1,False,False
KPIL,1404.5,2026-08-21,1352.72,1260.21,3.87,4.34,0.61,46.9,-4.3,3.8,False,False
KALYANKJIL,603.55,2026-08-21,588.55,465.07,-0.77,-0.3,0.31,1131.1,-7.0,1.4,False,False
KARURVYSYA,335.5,2026-08-21,332.19,288.13,1.13,1.6,0.2,57.2,-4.6,0.9,False,False
KAYNES,3890.0,2026-08-21,3690.07,4055.04,6.28,6.75,0.68,595.1,-49.5,4.9,False,False
KEC,435.95,2026-08-21,451.65,571.77,-0.9,-0.43,1.69,54.9,-53.0,2.8,False,False
KFINTECH,980.0,2026-08-21,939.41,942.9,4.26,4.72,1.51,150.3,-18.2,3.5,False,False
KIRLOSENG,2100.8,2026-08-21,2148.9,1701.84,0.03,0.5,0.78,102.7,-22.6,3.4,False,False
KOTAKBANK,402.8,2026-08-21,392.35,395.12,2.98,3.45,0.7,387.1,-11.0,1.8,False,False
KIMS,782.5,2026-08-21,800.54,741.78,-3.29,-2.82,0.54,48.7,-8.8,2.1,False,False
LTF,317.15,2026-08-21,314.14,285.57,3.54,4.01,1.41,168.1,-6.3,3.2,False,False
LTTS,3604.6,2026-08-21,3531.62,3618.94,3.68,4.14,0.93,38.1,-22.9,1.5,False,False
LICHSGFIN,497.0,2026-08-21,502.67,528.33,1.4,1.86,1.65,89.7,-15.2,2.2,False,False
LTFOODS,427.6,2026-08-21,414.31,401.8,2.1,2.57,0.5,35.5,-10.5,2.4,False,False
LTM,4487.8,2026-08-21,4518.55,4582.01,-4.82,-4.35,1.08,231.4,-29.3,2.9,False,False
LT,4093.0,2026-08-21,4024.9,3918.84,0.89,1.36,0.71,639.8,-6.9,1.0,False,False
LATENTVIEW,278.1,2026-08-21,290.55,337.8,-2.49,-2.02,0.56,27.5,-46.3,1.9,False,False
LAURUSLABS,1802.0,2026-08-21,1779.85,1306.26,0.82,1.29,0.64,388.1,-3.7,1.3,False,False
THELEELA,561.7,2026-08-21,511.94,450.96,10.13,10.59,1.95,37.4,-0.4,4.1,False,True
LEMONTREE,108.33,2026-08-21,110.02,124.96,-0.54,-0.07,0.92,32.3,-40.0,0.9,False,False
LICI,422.25,2026-08-21,413.92,413.75,2.12,2.58,0.59,748.1,-7.8,1.4,False,False
LINDEINDIA,6672.0,2026-08-21,6825.01,6789.96,-0.36,0.11,0.66,18.2,-17.0,0.5,False,False
LLOYDSME,1865.9,2026-08-21,1941.5,1621.49,-2.75,-2.28,0.43,126.7,-12.2,1.4,False,False
LODHA,1242.0,2026-08-21,1215.96,1058.24,-0.15,0.32,0.48,298.8,-7.3,3.4,False,False
LUPIN,2201.8,2026-08-21,2300.15,2244.17,-1.49,-1.02,0.59,271.5,-12.8,1.2,False,False
MMTC,65.38,2026-08-21,64.04,64.27,1.6,2.07,6.99,23.2,-16.6,6.6,False,False
MRF,132665.0,2026-08-21,132880.94,136253.29,-0.62,-0.15,0.59,56.0,-18.8,1.0,False,False
MGL,1114.2,2026-08-21,1109.27,1117.32,-0.57,-0.1,1.52,48.3,-17.0,2.1,False,False
M&MFIN,381.6,2026-08-21,383.17,326.13,-2.18,-1.71,0.24,132.0,-8.0,1.8,False,False
M&M,3412.2,2026-08-21,3377.94,3270.78,-0.47,-0.0,0.61,817.7,-10.2,1.1,False,False
MANAPPURAM,357.5,2026-08-21,351.56,308.52,2.73,3.2,0.73,268.2,-6.0,2.7,False,False
MRPL,176.81,2026-08-21,171.91,160.71,3.68,4.14,1.75,230.9,-16.6,3.9,False,False
MANKIND,2384.0,2026-08-21,2436.14,2373.68,-1.7,-1.23,1.02,114.6,-10.8,1.8,False,False
MARICO,849.25,2026-08-21,855.96,797.07,-1.84,-1.38,0.5,145.5,-4.5,1.5,False,False
MARUTI,13565.0,2026-08-21,13790.69,13967.62,-1.94,-1.48,0.5,521.6,-21.1,1.8,False,False
MFSL,1585.0,2026-08-21,1545.82,1617.19,3.05,3.52,0.69,130.5,-16.2,2.4,False,False
MAXHEALTH,1000.0,2026-08-21,1040.4,1068.77,-0.85,-0.38,0.97,200.1,-20.2,1.7,False,False
MAZDOCK,2552.0,2026-08-21,2501.44,2500.6,-0.91,-0.44,0.75,233.7,-16.0,0.9,False,False
MINDACORP,727.85,2026-08-21,719.22,608.44,1.08,1.55,1.04,55.6,-5.4,2.8,False,False
MSUMI,38.36,2026-08-21,40.13,40.83,-4.93,-4.46,0.92,42.7,-27.4,2.6,False,False
MOTILALOFS,990.0,2026-08-21,920.73,873.57,9.55,10.02,1.67,109.2,-9.0,5.7,False,True
MPHASIS,2430.0,2026-08-21,2435.84,2403.03,-4.52,-4.05,0.62,133.7,-17.8,3.1,False,False
MCX,3185.0,2026-08-21,2898.88,2578.45,9.39,9.86,1.36,751.7,-8.5,5.1,False,False
MUTHOOTFIN,3022.0,2026-08-21,2938.38,3188.05,6.33,6.8,0.88,396.9,-26.6,3.9,False,False
NATCOPHARM,882.4,2026-08-21,908.59,943.09,-2.13,-1.66,0.91,41.0,-28.0,1.5,False,False
NBCC,88.88,2026-08-21,92.13,98.75,-0.13,0.33,0.91,54.2,-29.2,1.9,False,False
NCC,149.56,2026-08-21,141.66,156.54,6.33,6.8,3.37,37.3,-31.7,6.8,False,False
NHPC,76.15,2026-08-21,77.33,78.21,-0.98,-0.51,0.4,70.0,-12.9,0.7,False,False
NLCINDIA,269.8,2026-08-21,284.58,286.33,-2.03,-1.57,0.59,61.7,-30.4,3.1,False,False
NMDC,84.61,2026-08-21,84.69,82.49,0.25,0.72,1.39,156.9,-13.2,1.5,False,False
NSLNISP,39.79,2026-08-21,42.45,42.55,-10.58,-10.12,2.41,20.2,-26.0,6.2,False,False
NTPCGREEN,91.43,2026-08-21,92.16,97.23,-0.54,-0.08,0.16,27.5,-23.8,0.5,False,False
NTPC,340.0,2026-08-21,342.08,355.58,0.0,0.47,0.76,312.7,-18.0,0.9,False,False
NH,1815.8,2026-08-21,1872.95,1864.94,-0.92,-0.45,0.59,72.8,-13.2,1.4,False,False
NATIONALUM,394.45,2026-08-21,379.24,345.47,4.91,5.37,0.67,337.3,-11.3,3.1,False,False
NAVA,558.95,2026-08-21,567.9,595.83,-2.39,-1.92,0.98,18.8,-23.7,2.3,False,False
NAVINFLUOR,8206.5,2026-08-21,8058.57,6776.16,-0.35,0.12,0.3,294.7,-6.5,1.3,False,False
NESTLEIND,1477.1,2026-08-21,1484.1,1357.03,-1.47,-1.0,0.76,350.1,-4.9,1.9,False,False
NETWEB,5601.0,2026-08-21,4958.43,3920.65,11.86,12.33,2.09,982.0,-1.3,7.0,False,True
NEULANDLAB,23301.0,2026-08-21,21893.15,16863.92,-0.08,0.39,0.5,248.2,-2.4,1.5,False,False
NEWGEN,522.7,2026-08-21,534.41,580.86,-2.33,-1.86,0.32,91.9,-49.3,1.6,False,False
NAM-INDIA,1251.0,2026-08-21,1190.73,1025.87,7.12,7.58,1.7,128.4,-1.2,4.0,False,True
NIVABUPA,82.62,2026-08-21,84.65,81.56,-0.12,0.35,0.51,14.7,-9.6,1.3,False,False
NUVAMA,1743.6,2026-08-21,1741.49,1536.95,4.4,4.87,0.6,63.2,-15.6,3.7,False,False
NUVOCO,322.05,2026-08-21,334.14,344.9,-2.87,-2.4,0.32,9.3,-32.6,2.4,False,False
OBEROIRLTY,1886.0,2026-08-21,1847.27,1699.58,2.17,2.63,3.41,86.9,-4.9,4.6,False,True
ONGC,236.4,2026-08-21,240.02,252.43,0.0,0.47,1.42,317.6,-23.1,0.9,False,False
OIL,475.0,2026-08-21,463.36,447.26,1.39,1.86,0.64,148.9,-10.5,1.3,False,False
OLAELEC,37.73,2026-08-21,38.96,39.25,-2.58,-2.11,0.48,175.6,-47.0,3.4,False,False
OLECTRA,1318.4,2026-08-21,1345.05,1301.79,0.11,0.58,1.08,45.9,-23.1,2.1,False,False
PAYTM,1632.0,2026-08-21,1505.23,1239.29,1.81,2.28,0.88,735.5,-1.5,2.4,False,False
ONESOURCE,1535.0,2026-08-21,1576.46,1641.87,-1.55,-1.08,0.41,36.7,-20.3,1.4,False,False
OFSS,11724.0,2026-08-21,11596.58,9360.46,-0.88,-0.41,0.36,266.0,-2.1,1.4,False,False
POLICYBZR,1795.2,2026-08-21,1693.98,1661.76,3.11,3.58,1.07,193.4,-9.1,2.0,False,False
PCBL,317.55,2026-08-21,319.88,308.67,2.5,2.97,0.49,118.6,-23.2,3.5,False,False
PGEL,600.55,2026-08-21,603.77,558.02,-0.07,0.39,0.62,134.5,-6.8,2.8,False,False
PIIND,2496.8,2026-08-21,2599.37,2982.27,0.27,0.74,0.82,76.6,-35.9,1.7,False,False
PNBHOUSING,1170.3,2026-08-21,1132.36,975.16,1.72,2.19,0.96,134.3,-3.0,2.5,False,False
PTCIL,20629.0,2026-08-21,19046.07,17210.69,8.29,8.76,5.55,68.4,-0.8,8.1,False,True
PVRINOX,1216.8,2026-08-21,1156.92,1048.73,3.65,4.11,0.57,47.2,-2.6,1.5,False,False
PAGEIND,35480.0,2026-08-21,37760.91,38181.25,-2.92,-2.45,1.32,126.6,-23.8,2.7,False,False
PARADEEP,148.48,2026-08-21,146.87,144.96,0.43,0.89,0.17,201.7,-36.1,2.1,False,False
PATANJALI,348.0,2026-08-21,353.77,454.55,-0.49,-0.02,0.63,169.6,-42.7,0.6,False,False
PERSISTENT,5667.5,2026-08-21,5465.47,5272.88,1.57,2.04,0.75,331.5,-13.5,3.0,False,False
PETRONET,293.0,2026-08-21,282.91,275.97,3.68,4.15,1.53,53.6,-9.2,1.6,False,True
PFIZER,4978.2,2026-08-21,4848.45,4792.04,2.12,2.59,3.67,31.2,-12.2,2.5,False,True
PHOENIXLTD,1930.0,2026-08-21,1937.86,1806.59,2.12,2.58,0.64,100.1,-11.1,2.1,False,False
PIDILITIND,1649.0,2026-08-21,1650.94,1511.54,-2.6,-2.13,0.54,182.7,-3.4,1.4,False,False
PPLPHARMA,213.67,2026-08-21,204.26,177.36,3.4,3.87,0.49,149.2,-3.0,3.3,False,False
POLYMED,1719.4,2026-08-21,1744.16,1641.99,-3.74,-3.27,0.75,34.5,-19.7,2.9,False,False
POLYCAB,8966.0,2026-08-21,9171.87,8464.24,-2.97,-2.5,1.04,239.5,-11.5,2.5,False,False
POONAWALLA,490.05,2026-08-21,484.53,446.68,-1.58,-1.11,0.47,63.8,-14.1,0.9,False,False
PFC,363.0,2026-08-21,388.96,403.91,-3.46,-2.99,1.21,337.8,-24.7,2.8,False,False
POWERGRID,272.4,2026-08-21,273.09,285.01,2.39,2.85,1.1,253.8,-16.2,2.9,False,False
PREMIERENE,1053.0,2026-08-21,1033.74,985.35,3.51,3.98,1.05,99.9,-7.1,3.8,False,False
PRESTIGE,1631.0,2026-08-21,1605.41,1524.92,2.42,2.89,1.06,96.8,-9.5,2.9,False,False
PFOCUS,296.95,2026-08-21,281.52,250.6,10.14,10.61,2.61,30.3,-19.1,7.5,False,False
PNB,116.55,2026-08-21,114.83,110.14,-1.23,-0.76,0.51,150.8,-11.3,1.2,False,False
RRKABEL,2919.3,2026-08-21,2728.91,1923.78,4.8,5.27,0.59,179.5,-0.4,4.1,False,False
RBLBANK,392.5,2026-08-21,382.24,334.21,1.95,2.42,0.44,132.3,-0.4,2.8,False,False
RECLTD,326.65,2026-08-21,345.28,348.33,-2.49,-2.02,0.99,215.3,-14.3,2.6,False,False
RHIM,375.25,2026-08-21,390.46,413.59,-1.21,-0.74,0.34,30.1,-26.2,1.5,False,False
RITES,218.08,2026-08-21,220.55,220.09,-1.35,-0.88,0.4,16.4,-19.9,1.5,False,False
RADICO,4639.8,2026-08-21,4513.01,3527.08,-0.22,0.25,0.6,215.5,-2.3,1.2,False,False
RVNL,225.3,2026-08-21,227.49,271.56,-0.59,-0.12,0.72,98.9,-43.4,2.0,False,False
RAILTEL,287.25,2026-08-21,286.97,315.41,1.81,2.28,6.55,34.4,-29.7,3.6,False,False
RAINBOW,1433.2,2026-08-21,1483.45,1382.05,-1.96,-1.49,0.76,15.9,-11.0,1.4,False,False
RKFORGE,737.05,2026-08-21,705.39,584.69,0.61,1.08,0.34,143.5,-4.6,3.1,False,False
REDINGTON,350.55,2026-08-21,329.14,262.13,4.94,5.41,0.46,400.6,-3.8,3.9,False,False
RELIANCE,1316.0,2026-08-21,1311.34,1362.11,0.46,0.93,0.74,1358.8,-18.0,0.8,False,False
RPOWER,23.45,2026-08-21,23.35,29.54,2.05,2.51,1.61,49.6,-53.9,5.9,False,False
SBFC,93.93,2026-08-21,93.28,96.32,-0.13,0.34,1.39,15.1,-23.6,1.3,False,False
SBICARD,649.0,2026-08-21,642.24,696.91,2.53,3.0,1.99,107.4,-32.5,4.2,False,False
SBILIFE,1792.9,2026-08-21,1821.34,1871.69,-0.12,0.35,0.75,164.6,-15.8,0.7,False,False
SJVN,66.06,2026-08-21,67.52,74.95,-1.71,-1.24,0.73,11.2,-33.7,1.0,False,False
SRF,2571.9,2026-08-21,2625.7,2724.3,-1.31,-0.84,0.32,84.3,-19.6,2.0,False,False
SAGILITY,43.35,2026-08-21,42.78,43.33,2.53,3.0,0.54,117.5,-24.9,1.7,False,False
SAILIFE,1457.4,2026-08-21,1396.78,1114.78,0.52,0.99,0.64,79.1,-1.9,3.5,False,False
SAMMAANCAP,150.52,2026-08-21,157.9,154.9,-1.23,-0.76,1.91,130.6,-22.0,2.3,False,False
MOTHERSON,169.38,2026-08-21,162.24,132.15,0.64,1.11,0.49,351.5,-2.2,1.4,False,False
SAPPHIRE,242.34,2026-08-21,219.3,212.42,3.25,3.71,0.3,82.2,-30.3,3.3,False,False
SARDAEN,510.6,2026-08-21,509.06,528.44,-3.87,-3.4,0.24,80.9,-19.9,1.9,False,False
SAREGAMA,506.55,2026-08-21,516.79,434.77,-3.94,-3.47,0.37,48.3,-11.8,2.6,False,False
SCHAEFFLER,4017.9,2026-08-21,4080.57,4034.4,-0.63,-0.16,1.02,28.0,-9.6,1.4,False,False
SCHNEIDER,1217.3,2026-08-21,1316.44,1114.1,-11.09,-10.63,3.27,63.9,-21.4,11.5,False,False
SCI,290.55,2026-08-21,292.41,270.33,-0.58,-0.11,0.57,89.5,-21.2,3.3,False,False
SHREECEM,24280.0,2026-08-21,25412.77,26132.56,-2.08,-1.61,1.03,65.0,-21.1,1.6,False,False
SHRIRAMFIN,1130.0,2026-08-21,1101.18,953.31,0.71,1.18,0.43,520.8,-2.1,2.0,False,False
SHYAMMETL,984.9,2026-08-21,998.94,923.1,-1.47,-1.0,0.36,40.8,-9.2,1.3,False,False
ENRIN,3435.6,2026-08-21,3457.72,3239.95,-2.85,-2.38,0.37,277.1,-13.4,3.1,False,False
SIEMENS,3920.0,2026-08-21,3873.45,3490.71,-0.51,-0.04,0.51,155.4,-4.3,1.5,False,False
SIGNATURE,795.3,2026-08-21,803.54,886.86,-1.72,-1.26,0.79,18.2,-31.3,2.1,False,False
SOBHA,1294.6,2026-08-21,1340.25,1408.54,-2.53,-2.06,0.39,12.2,-24.9,2.6,False,False
SOLARINDS,19900.0,2026-08-21,19248.54,16293.78,-0.35,0.12,1.07,276.2,-2.6,2.8,False,False
SONACOMS,817.6,2026-08-21,786.5,597.27,3.23,3.7,0.76,204.3,-3.1,2.3,False,False
SONATSOFTW,304.0,2026-08-21,313.58,298.94,-6.72,-6.25,0.46,64.5,-26.0,3.4,False,False
STARHEALTH,578.5,2026-08-21,583.04,520.21,-1.14,-0.67,0.54,31.1,-7.4,1.3,False,False
SBIN,1048.7,2026-08-21,1053.51,1004.17,-1.78,-1.31,0.56,1067.8,-13.5,0.8,False,False
SAIL,173.46,2026-08-21,171.45,163.02,2.33,2.8,0.72,303.2,-17.3,2.4,False,False
SUMICHEM,534.65,2026-08-21,538.68,484.23,-5.36,-4.9,0.44,34.6,-13.2,3.1,False,False
SUNPHARMA,1902.4,2026-08-21,1924.5,1802.15,-1.43,-0.96,0.64,457.9,-7.1,2.5,False,False
SUNTV,472.05,2026-08-21,484.26,532.15,-1.58,-1.11,0.72,23.7,-27.8,1.2,False,False
SUNDARMFIN,4534.5,2026-08-21,4540.2,4696.17,1.43,1.9,0.7,27.7,-19.2,2.9,False,False
SUPREMEIND,3642.0,2026-08-21,3523.6,3652.14,2.33,2.8,1.16,71.2,-21.1,1.1,False,False
SPLPETRO,697.8,2026-08-21,711.13,707.29,-3.96,-3.49,0.14,13.3,-27.7,2.3,False,False
SUZLON,46.71,2026-08-21,48.45,51.91,-0.83,-0.36,0.77,322.2,-24.0,4.0,False,False
SWANCORP,303.85,2026-08-21,307.85,357.53,-0.25,0.22,0.9,25.9,-40.0,0.8,False,False
SWIGGY,282.5,2026-08-21,277.44,305.6,2.24,2.71,0.55,636.0,-40.4,2.4,False,False
SYNGENE,407.25,2026-08-21,405.14,479.42,1.44,1.91,0.43,69.6,-39.8,3.0,False,False
SYRMA,1439.3,2026-08-21,1437.31,1084.96,-1.67,-1.2,0.77,246.3,-6.6,3.4,False,False
TBOTEK,1696.5,2026-08-21,1616.87,1427.82,3.87,4.34,0.68,58.9,-3.9,4.1,False,False
TVSMOTOR,4390.0,2026-08-21,4262.27,3680.31,1.93,2.39,0.39,501.1,-1.9,1.8,False,False
TATACHEM,626.75,2026-08-21,663.63,735.59,-6.55,-6.08,0.61,45.5,-38.0,2.6,False,False
TATACOMM,1655.4,2026-08-21,1734.15,1722.48,-3.65,-3.18,0.77,42.9,-21.5,1.8,False,False
TCS,2302.0,2026-08-21,2329.74,2493.04,-2.5,-2.03,0.64,853.0,-30.0,2.0,False,False
TATACONSUM,1049.0,2026-08-21,1078.66,1115.18,-2.83,-2.36,0.77,156.5,-17.5,1.1,False,False
TATAELXSI,3708.0,2026-08-21,3705.1,4340.27,-1.71,-1.25,0.48,102.6,-36.6,2.6,False,False
TATAINVEST,647.95,2026-08-21,664.05,678.16,-2.9,-2.43,0.43,29.1,-45.0,1.9,False,False
TMPV,317.9,2026-08-21,333.99,388.48,-4.96,-4.49,0.98,316.1,-56.7,2.2,False,False
TATAPOWER,374.3,2026-08-21,379.42,389.42,-2.03,-1.56,1.01,141.3,-19.0,1.0,False,False
TATASTEEL,183.0,2026-08-21,186.29,188.04,-0.27,0.2,0.89,398.1,-16.8,1.4,False,False
TATATECH,820.75,2026-08-21,810.02,687.14,-5.43,-4.96,0.41,196.7,-7.9,3.0,False,False
TTML,37.78,2026-08-21,38.86,44.31,-2.1,-1.63,0.42,6.3,-37.7,1.1,False,False
TECHM,1584.0,2026-08-21,1601.21,1479.9,-2.99,-2.52,0.55,472.0,-12.3,1.4,False,False
TECHNOE,987.45,2026-08-21,1001.93,1132.97,1.97,2.44,1.22,25.2,-36.9,4.5,False,False
TEGA,1743.2,2026-08-21,1666.73,1727.37,2.31,2.78,1.63,40.0,-18.0,2.9,False,False
TEJASNET,510.45,2026-08-21,523.52,507.87,-5.21,-4.74,0.47,75.8,-21.1,2.9,False,False
NIACL,184.13,2026-08-21,179.73,168.29,2.82,3.29,0.55,51.4,-14.8,2.5,False,False
RAMCOCEM,899.05,2026-08-21,916.25,970.44,-0.9,-0.43,1.0,25.4,-25.8,1.7,False,False
THERMAX,3967.8,2026-08-21,4156.05,3922.44,-1.91,-1.44,0.43,163.0,-24.5,2.4,False,False
TIMKEN,3134.1,2026-08-21,3230.73,3278.33,-4.33,-3.86,0.98,13.0,-20.1,2.1,False,False
TITAGARH,843.55,2026-08-21,841.25,816.88,1.47,1.94,1.14,31.2,-13.1,2.5,False,False
TITAN,5086.1,2026-08-21,4967.93,4298.12,0.59,1.06,0.47,474.4,-1.6,0.4,False,False
TORNTPHARM,4896.5,2026-08-21,4933.54,4362.49,1.31,1.78,0.59,256.0,-6.7,2.2,False,False
TORNTPOWER,1247.7,2026-08-21,1324.27,1398.54,-4.69,-4.22,0.78,39.3,-31.4,3.7,False,False
TARIL,298.65,2026-08-21,298.93,331.04,0.2,0.67,0.91,34.5,-45.9,4.7,False,False
TRAVELFOOD,1307.2,2026-08-21,1340.13,1264.48,-4.23,-3.76,0.63,15.9,-11.1,1.8,False,False
TRENT,2924.0,2026-08-21,2980.19,3259.41,-1.81,-1.35,0.49,321.1,-48.4,1.5,False,False
TRIDENT,24.39,2026-08-21,24.76,25.53,0.21,0.67,0.42,8.7,-19.5,1.0,False,False
TRITURBINE,574.85,2026-08-21,601.22,578.59,-2.96,-2.49,0.9,50.7,-27.0,2.7,False,False
TIINDIA,2885.8,2026-08-21,2846.87,2876.54,5.57,6.04,3.45,156.7,-15.5,7.9,False,False
UCOBANK,25.72,2026-08-21,26.1,26.94,-1.08,-0.61,0.39,10.4,-23.5,0.8,False,False
UNOMINDA,1265.0,2026-08-21,1235.52,1169.88,2.02,2.48,0.82,103.4,-8.3,2.4,False,False
UPL,569.0,2026-08-21,577.42,639.5,1.07,1.53,1.01,115.8,-29.3,1.4,False,False
UTIAMC,893.05,2026-08-21,905.38,991.56,-1.65,-1.18,0.28,11.5,-34.5,1.4,False,False
ULTRACEMCO,11570.0,2026-08-21,11696.58,11641.79,-0.42,0.05,0.68,275.0,-9.9,1.6,False,False
UNIONBANK,183.45,2026-08-21,180.88,164.6,-2.1,-1.63,0.62,214.7,-8.1,1.8,False,False
UBL,1348.9,2026-08-21,1375.34,1488.73,-2.01,-1.54,0.49,14.9,-29.7,1.2,False,False
UNITDSPR,1556.0,2026-08-21,1511.44,1367.42,1.3,1.77,0.61,102.0,-0.5,1.6,False,False
URBANCO,158.6,2026-08-21,142.27,135.64,9.84,10.31,1.85,211.5,-21.2,9.0,False,False
USHAMART,481.3,2026-08-21,498.11,456.96,-1.36,-0.89,0.79,30.3,-8.1,2.9,False,False
VTL,602.9,2026-08-21,604.09,555.16,2.08,2.55,0.56,20.9,-12.4,2.5,False,False
VBL,430.1,2026-08-21,443.43,475.98,-1.13,-0.66,0.39,280.3,-22.5,1.9,False,False
VEDL,279.0,2026-08-21,270.91,421.17,4.3,4.77,1.01,322.8,-64.9,4.1,False,False
VIJAYA,1504.4,2026-08-21,1438.14,1194.06,2.06,2.52,0.36,32.8,-4.4,2.2,False,False
VMM,103.43,2026-08-21,107.36,121.5,-1.68,-1.21,1.0,97.5,-34.4,1.7,False,False
IDEA,13.94,2026-08-21,13.56,11.71,-1.2,-0.74,1.01,511.6,-9.1,3.0,False,False
VOLTAS,1235.0,2026-08-21,1278.53,1340.64,-6.47,-6.01,2.7,115.1,-21.7,4.1,False,False
WAAREEENER,2678.2,2026-08-21,2707.28,2982.86,-0.14,0.33,0.47,212.7,-30.7,1.1,False,False
WELCORP,2311.9,2026-08-21,1863.12,1262.72,23.41,23.88,6.43,358.1,-1.6,15.3,True,False
WELSPUNLIV,189.22,2026-08-21,169.86,143.0,15.34,15.8,4.03,171.4,-1.2,5.7,False,True
WHIRLPOOL,768.5,2026-08-21,785.2,906.22,-1.34,-0.87,0.56,29.6,-46.5,3.0,False,False
WIPRO,180.79,2026-08-21,181.64,201.24,-1.74,-1.28,0.4,232.7,-31.3,2.1,False,False
WOCKPHARMA,1886.3,2026-08-21,1900.27,1649.34,-2.4,-1.93,0.62,125.8,-22.1,3.0,False,False
YESBANK,22.8,2026-08-21,22.89,21.98,0.57,1.04,0.77,103.7,-11.6,2.0,False,False
ZFCVINDIA,2662.0,2026-08-21,2568.18,2434.17,0.96,1.43,0.52,25.4,-12.4,2.1,False,False
ZEEL,107.58,2026-08-21,102.47,98.47,5.18,5.65,1.03,376.0,-11.7,5.7,False,False
ZENTEC,1926.3,2026-08-21,1823.07,1607.87,3.78,4.24,2.37,113.0,-5.7,6.3,False,True
ZENSARTECH,483.55,2026-08-21,493.87,560.9,-1.48,-1.01,0.28,69.7,-42.8,1.5,False,False
ZYDUSLIFE,1120.0,2026-08-21,1128.73,1024.28,-1.34,-0.87,0.8,178.0,-7.1,1.4,False,False
ZYDUSWELL,490.8,2026-08-21,522.21,489.45,-3.82,-3.35,0.32,18.2,-19.8,2.6,False,False
ECLERX,1815.7,2026-08-21,1820.9,1765.85,-4.23,-3.76,0.39,43.4,-27.3,2.5,False,False
