symbol,close,ema20,ema200,above_ema20,above_ema200,ema_stack_bullish,return_5d_pct,rel_volume,passes_all_filters
WELCORP,2311.9,1863.12,1262.72,True,True,True,23.41,6.43,True
JYOTICNC,988.8,863.65,812.9,True,True,True,19.58,2.25,True
BALRAMCHIN,729.35,647.97,541.91,True,True,True,16.72,14.72,True
WELSPUNLIV,189.22,169.86,143.0,True,True,True,15.34,4.03,True
AEGISLOG,1417.9,1323.6,932.36,True,True,True,12.05,0.94,False
NETWEB,5601.0,4958.43,3920.65,True,True,True,11.86,2.09,True
IPCALAB,1911.2,1808.08,1581.97,True,True,True,10.21,6.26,True
PFOCUS,296.95,281.52,250.6,True,True,True,10.14,2.61,True
THELEELA,561.7,511.94,450.96,True,True,True,10.13,1.95,True
URBANCO,158.6,142.27,135.64,True,True,True,9.84,1.85,True
CARTRADE,3072.9,2815.27,2403.06,True,True,True,9.83,1.02,False
MOTILALOFS,990.0,920.73,873.57,True,True,True,9.55,1.67,True
MCX,3185.0,2898.88,2578.45,True,True,True,9.39,1.36,False
JINDALSAW,291.65,268.82,226.6,True,True,True,9.19,3.42,True
ACE,1182.2,1107.63,971.41,True,True,True,8.9,0.83,False
DATAPATTNS,4829.9,4547.37,3728.35,True,True,True,8.4,1.08,False
PTCIL,20629.0,19046.07,17210.69,True,True,True,8.29,5.55,True
CONCORDBIO,1571.3,1452.41,1319.84,True,True,True,8.27,1.87,True
HINDCOPPER,572.7,535.34,483.11,True,True,True,8.25,1.76,True
JBMA,673.95,645.56,635.99,True,True,True,8.19,10.91,True
BRIGADE,639.3,587.99,579.6,True,True,True,8.07,1.85,True
GLAXO,2902.2,2715.08,2471.12,True,True,True,7.94,6.95,True
IIFL,679.8,617.23,523.81,True,True,True,7.71,1.54,True
ACMESOLAR,401.6,376.59,311.46,True,True,True,7.35,2.01,True
NAM-INDIA,1251.0,1190.73,1025.87,True,True,True,7.12,1.7,True
MUTHOOTFIN,3022.0,2938.38,3188.05,True,False,False,6.33,0.88,False
NCC,149.56,141.66,156.54,True,False,False,6.33,3.37,False
KAYNES,3890.0,3690.07,4055.04,True,False,False,6.28,0.68,False
HINDZINC,594.9,566.95,551.34,True,True,True,5.87,1.34,False
DCMSHRIRAM,1082.1,1033.63,1104.32,True,False,False,5.6,0.89,False
TIINDIA,2885.8,2846.87,2876.54,True,True,False,5.57,3.45,True
CHENNPETRO,1393.5,1311.36,1009.85,True,True,True,5.42,1.04,False
ZEEL,107.58,102.47,98.47,True,True,True,5.18,1.03,False
IFCI,80.91,77.27,65.84,True,True,True,5.16,2.26,True
DIXON,14850.0,14159.72,12984.5,True,True,True,5.1,1.3,False
COHANCE,463.0,446.7,489.49,True,False,False,5.07,2.61,False
HDFCAMC,2610.0,2561.54,2616.62,True,False,False,5.03,1.08,False
REDINGTON,350.55,329.14,262.13,True,True,True,4.94,0.46,False
NATIONALUM,394.45,379.24,345.47,True,True,True,4.91,0.67,False
RRKABEL,2919.3,2728.91,1923.78,True,True,True,4.8,0.59,False
ENDURANCE,3029.5,2909.96,2657.25,True,True,True,4.5,1.33,False
CHALET,861.95,838.28,840.62,True,True,False,4.47,0.82,False
ELECON,451.55,443.26,481.62,True,False,False,4.44,0.88,False
COFORGE,1891.7,1760.25,1528.03,True,True,True,4.4,0.7,False
NUVAMA,1743.6,1741.49,1536.95,True,True,True,4.4,0.6,False
CANHLIFE,155.24,149.5,138.77,True,True,True,4.39,0.19,False
VEDL,279.0,270.91,421.17,True,False,False,4.3,1.01,False
KFINTECH,980.0,939.41,942.9,True,True,False,4.26,1.51,True
CUB,217.3,215.46,198.15,True,True,True,4.15,0.75,False
GPIL,245.09,244.39,258.31,True,False,False,4.1,1.31,False
ELGIEQUIP,634.35,601.64,544.32,True,True,True,4.08,1.88,True
TBOTEK,1696.5,1616.87,1427.82,True,True,True,3.87,0.68,False
KPIL,1404.5,1352.72,1260.21,True,True,True,3.87,0.61,False
CRAFTSMAN,10644.5,10291.11,8441.28,True,True,True,3.84,0.52,False
ZENTEC,1926.3,1823.07,1607.87,True,True,True,3.78,2.37,True
AFCONS,278.9,278.01,327.77,True,False,False,3.76,0.43,False
KPRMILL,1151.6,1106.29,1014.9,True,True,True,3.75,0.6,False
MRPL,176.81,171.91,160.71,True,True,True,3.68,1.75,True
LTTS,3604.6,3531.62,3618.94,True,False,False,3.68,0.93,False
PETRONET,293.0,282.91,275.97,True,True,True,3.68,1.53,True
PVRINOX,1216.8,1156.92,1048.73,True,True,True,3.65,0.57,False
HBLENGINE,702.55,705.4,771.36,False,False,False,3.54,1.7,False
HDFCLIFE,554.8,545.51,631.6,True,False,False,3.54,0.75,False
LTF,317.15,314.14,285.57,True,True,True,3.54,1.41,False
PREMIERENE,1053.0,1033.74,985.35,True,True,True,3.51,1.05,False
JINDALSTEL,1127.8,1098.88,1110.55,True,True,False,3.51,0.92,False
PPLPHARMA,213.67,204.26,177.36,True,True,True,3.4,0.49,False
FSL,276.05,276.81,275.83,False,True,True,3.35,0.2,False
CDSL,1388.9,1346.17,1348.51,True,True,False,3.31,1.32,False
BEML,1935.4,1865.63,1811.98,True,True,True,3.25,0.99,False
SAPPHIRE,242.34,219.3,212.42,True,True,True,3.25,0.3,False
CAPLIPOINT,2560.8,2546.74,2163.63,True,True,True,3.24,0.62,False
SONACOMS,817.6,786.5,597.27,True,True,True,3.23,0.76,False
POLICYBZR,1795.2,1693.98,1661.76,True,True,True,3.11,1.07,False
MFSL,1585.0,1545.82,1617.19,True,False,False,3.05,0.69,False
AFFLE,1718.7,1651.52,1590.17,True,True,True,2.99,0.26,False
ABCAPITAL,413.0,405.35,359.12,True,True,True,2.99,1.01,False
ETERNAL,328.0,312.6,281.38,True,True,True,2.98,0.82,False
KOTAKBANK,402.8,392.35,395.12,True,True,False,2.98,0.7,False
CYIENT,892.65,867.94,954.7,True,False,False,2.95,1.74,False
APTUS,257.75,261.89,272.43,False,False,False,2.89,0.67,False
EIDPARRY,797.3,785.0,857.89,True,False,False,2.85,2.68,False
ANURAS,1243.7,1224.34,1250.72,True,False,False,2.84,1.84,False
ASAHIINDIA,965.75,920.81,892.8,True,True,True,2.83,1.65,True
NIACL,184.13,179.73,168.29,True,True,True,2.82,0.55,False
FEDERALBNK,361.0,353.72,294.26,True,True,True,2.76,0.71,False
MANAPPURAM,357.5,351.56,308.52,True,True,True,2.73,0.73,False
AEGISVOPAK,276.3,277.03,240.14,False,True,True,2.68,0.39,False
APLAPOLLO,2139.0,2012.05,1889.82,True,True,True,2.67,0.52,False
SBICARD,649.0,642.24,696.91,True,False,False,2.53,1.99,False
SAGILITY,43.35,42.78,43.33,True,True,False,2.53,0.54,False
PCBL,317.55,319.88,308.67,False,True,True,2.5,0.49,False
AUBANK,1108.2,1069.5,974.31,True,True,True,2.43,0.88,False
PRESTIGE,1631.0,1605.41,1524.92,True,True,True,2.42,1.06,False
POWERGRID,272.4,273.09,285.01,False,False,False,2.39,1.1,False
BOSCHLTD,48200.0,45189.58,38763.92,True,True,True,2.34,1.23,False
AXISBANK,1245.8,1245.96,1262.31,False,False,False,2.33,0.57,False
SAIL,173.46,171.45,163.02,True,True,True,2.33,0.72,False
SUPREMEIND,3642.0,3523.6,3652.14,True,False,False,2.33,1.16,False
TEGA,1743.2,1666.73,1727.37,True,True,False,2.31,1.63,True
GODREJPROP,2035.0,2039.97,1904.49,False,True,True,2.26,0.72,False
SWIGGY,282.5,277.44,305.6,True,False,False,2.24,0.55,False
HFCL,228.01,216.48,142.01,True,True,True,2.2,0.6,False
OBEROIRLTY,1886.0,1847.27,1699.58,True,True,True,2.17,3.41,True
INDGN,567.8,550.16,517.78,True,True,True,2.16,0.64,False
PHOENIXLTD,1930.0,1937.86,1806.59,False,True,True,2.12,0.64,False
PFIZER,4978.2,4848.45,4792.04,True,True,True,2.12,3.67,True
LICI,422.25,413.92,413.75,True,True,True,2.12,0.59,False
LTFOODS,427.6,414.31,401.8,True,True,True,2.1,0.5,False
GESHIP,1311.3,1329.32,1306.89,False,True,True,2.09,0.83,False
VTL,602.9,604.09,555.16,False,True,True,2.08,0.56,False
VIJAYA,1504.4,1438.14,1194.06,True,True,True,2.06,0.36,False
DALBHARAT,1880.0,1841.47,1922.18,True,False,False,2.06,1.54,False
RPOWER,23.45,23.35,29.54,True,False,False,2.05,1.61,False
UNOMINDA,1265.0,1235.52,1169.88,True,True,True,2.02,0.82,False
BLUEJET,596.15,590.69,535.4,True,True,True,1.99,0.57,False
DLF,678.1,661.07,641.24,True,True,True,1.97,1.06,False
TECHNOE,987.45,1001.93,1132.97,False,False,False,1.97,1.22,False
RBLBANK,392.5,382.24,334.21,True,True,True,1.95,0.44,False
TVSMOTOR,4390.0,4262.27,3680.31,True,True,True,1.93,0.39,False
JSWSTEEL,1293.7,1279.61,1217.35,True,True,True,1.87,0.99,False
GRASIM,3308.0,3241.3,2977.6,True,True,True,1.83,1.83,False
PAYTM,1632.0,1505.23,1239.29,True,True,True,1.81,0.88,False
RAILTEL,287.25,286.97,315.41,True,False,False,1.81,6.55,False
AMBER,7350.0,7325.79,7414.87,True,False,False,1.77,1.18,False
PNBHOUSING,1170.3,1132.36,975.16,True,True,True,1.72,0.96,False
JUBLPHARMA,880.35,911.68,968.7,False,False,False,1.68,1.8,False
360ONE,1199.0,1165.72,1102.93,True,True,True,1.61,1.02,False
MMTC,65.38,64.04,64.27,True,True,False,1.6,6.99,False
CARBORUNIV,1169.8,1118.38,991.31,True,True,True,1.58,1.97,False
PERSISTENT,5667.5,5465.47,5272.88,True,True,True,1.57,0.75,False
GRAVITA,1821.7,1770.42,1682.42,True,True,True,1.53,0.8,False
CROMPTON,252.0,252.4,265.35,False,False,False,1.49,1.2,False
TITAGARH,843.55,841.25,816.88,True,True,True,1.47,1.14,False
HOMEFIRST,1193.7,1186.35,1154.26,True,True,True,1.46,0.86,False
SYNGENE,407.25,405.14,479.42,True,False,False,1.44,0.43,False
JMFINANCIL,128.24,126.55,135.24,True,False,False,1.43,0.58,False
SUNDARMFIN,4534.5,4540.2,4696.17,False,False,False,1.43,0.7,False
DIVISLAB,8597.0,8243.58,6799.71,True,True,True,1.42,0.44,False
LICHSGFIN,497.0,502.67,528.33,False,False,False,1.4,1.65,False
INDHOTEL,730.0,728.7,702.51,True,True,True,1.39,0.54,False
HEG,710.75,678.37,573.86,True,True,True,1.39,0.85,False
DEEPAKNTR,1747.1,1730.32,1665.49,True,True,True,1.39,0.68,False
OIL,475.0,463.36,447.26,True,True,True,1.39,0.64,False
TORNTPHARM,4896.5,4933.54,4362.49,False,True,True,1.31,0.59,False
UNITDSPR,1556.0,1511.44,1367.42,True,True,True,1.3,0.61,False
HDBFS,695.85,691.02,704.51,True,False,False,1.3,1.74,False
GODIGIT,262.9,264.67,312.72,False,False,False,1.25,0.2,False
IDFCFIRSTB,86.75,84.66,76.27,True,True,True,1.24,0.42,False
BAJAJFINSV,2032.5,1997.52,1899.67,True,True,True,1.2,0.48,False
CANFINHOME,830.45,827.97,844.03,True,False,False,1.18,0.89,False
BANDHANBNK,175.1,175.7,178.81,False,False,False,1.18,0.27,False
ICICIPRULI,515.0,505.76,549.82,True,False,False,1.15,0.77,False
KARURVYSYA,335.5,332.19,288.13,True,True,True,1.13,0.2,False
FINCABLES,1260.5,1175.79,974.11,True,True,True,1.09,0.56,False
MINDACORP,727.85,719.22,608.44,True,True,True,1.08,1.04,False
UPL,569.0,577.42,639.5,False,False,False,1.07,1.01,False
GICRE,355.75,357.53,372.42,False,False,False,1.04,1.3,False
APARINDS,16856.0,16100.12,12267.42,True,True,True,0.99,0.93,False
ZFCVINDIA,2662.0,2568.18,2434.17,True,True,True,0.96,0.52,False
NYKAA,334.0,328.3,280.58,True,True,True,0.91,0.69,False
ITI,279.25,281.33,291.25,False,False,False,0.9,1.55,False
HYUNDAI,2218.8,2155.86,2076.12,True,True,True,0.9,0.79,False
LT,4093.0,4024.9,3918.84,True,True,True,0.89,0.71,False
CRISIL,4514.5,4447.06,4363.44,True,True,True,0.86,0.42,False
JAINREC,295.85,311.02,370.32,False,False,False,0.84,0.64,False
LAURUSLABS,1802.0,1779.85,1306.26,True,True,True,0.82,0.64,False
EIHOTEL,302.75,309.34,332.1,False,False,False,0.8,0.67,False
ASHOKLEY,173.0,170.81,160.95,True,True,True,0.79,0.77,False
BEL,414.0,405.98,411.91,True,True,False,0.78,0.75,False
BAJFINANCE,1095.0,1086.61,977.11,True,True,True,0.74,0.37,False
SHRIRAMFIN,1130.0,1101.18,953.31,True,True,True,0.71,0.43,False
BAYERCROP,4071.5,4126.29,4444.19,False,False,False,0.64,0.55,False
MOTHERSON,169.38,162.24,132.15,True,True,True,0.64,0.49,False
BAJAJHFL,84.85,85.4,90.66,False,False,False,0.62,0.94,False
RKFORGE,737.05,705.39,584.69,True,True,True,0.61,0.34,False
ANANDRATHI,2188.0,2132.12,1777.87,True,True,True,0.61,0.72,False
ALKEM,5400.0,5503.97,5485.39,False,False,True,0.6,1.09,False
TITAN,5086.1,4967.93,4298.12,True,True,True,0.59,0.47,False
YESBANK,22.8,22.89,21.98,False,True,True,0.57,0.77,False
JUBLFOOD,506.75,481.01,489.36,True,True,False,0.53,0.41,False
CHOICEIN,808.6,809.94,754.32,False,True,True,0.53,0.74,False
NAUKRI,1350.1,1296.76,1162.24,True,True,True,0.53,0.62,False
SAILIFE,1457.4,1396.78,1114.78,True,True,True,0.52,0.64,False
CASTROLIND,187.77,185.2,180.6,True,True,True,0.51,0.64,False
ENGINERSIN,244.91,237.97,221.24,True,True,True,0.5,0.87,False
CLEAN,825.5,800.37,832.01,True,False,False,0.49,0.56,False
RELIANCE,1316.0,1311.34,1362.11,True,False,False,0.46,0.74,False
DEVYANI,144.4,133.66,127.57,True,True,True,0.45,0.41,False
HINDALCO,1034.0,1022.88,947.95,True,True,True,0.44,0.56,False
PARADEEP,148.48,146.87,144.96,True,True,True,0.43,0.17,False
GALLANTT,584.4,595.21,640.28,False,False,False,0.4,0.18,False
PIIND,2496.8,2599.37,2982.27,False,False,False,0.27,0.82,False
BLUESTARCO,1511.9,1556.64,1713.27,False,False,False,0.26,0.84,False
NMDC,84.61,84.69,82.49,False,True,True,0.25,1.39,False
ABREL,1406.3,1402.65,1434.1,True,False,False,0.24,1.84,False
TATACAP,365.05,363.03,338.79,True,True,True,0.23,0.44,False
ICICIBANK,1420.0,1419.22,1357.99,True,True,True,0.21,0.61,False
TRIDENT,24.39,24.76,25.53,False,False,False,0.21,0.42,False
TARIL,298.65,298.93,331.04,False,False,False,0.2,0.91,False
MAHABANK,80.26,80.35,72.91,False,True,True,0.17,0.74,False
ANGELONE,287.8,297.34,289.68,False,False,True,0.17,0.82,False
ADANIPOWER,205.5,208.46,187.93,False,True,True,0.12,0.73,False
OLECTRA,1318.4,1345.05,1301.79,False,True,True,0.11,1.08,False
ITCHOTELS,164.98,166.65,178.32,False,False,False,0.03,0.44,False
KIRLOSENG,2100.8,2148.9,1701.84,False,True,True,0.03,0.78,False
BAJAJ-AUTO,11700.0,11495.31,9974.89,True,True,True,0.0,0.5,False
ONGC,236.4,240.02,252.43,False,False,False,0.0,1.42,False
NTPC,340.0,342.08,355.58,False,False,False,0.0,0.76,False
ADANIPORTS,1700.0,1707.74,1622.9,False,True,True,0.0,0.6,False
HDFCBANK,726.95,737.38,822.81,False,False,False,-0.01,0.63,False
GLENMARK,2317.9,2278.22,2160.27,True,True,True,-0.02,0.85,False
GRANULES,858.15,850.77,704.36,True,True,True,-0.03,0.45,False
AUROPHARMA,1621.3,1612.07,1386.97,True,True,True,-0.05,0.73,False
IRCON,124.72,126.99,142.96,False,False,False,-0.06,1.12,False
PGEL,600.55,603.77,558.02,False,True,True,-0.07,0.62,False
NEULANDLAB,23301.0,21893.15,16863.92,True,True,True,-0.08,0.5,False
BHARATFORG,2063.0,2113.13,1815.34,False,True,True,-0.1,0.74,False
INOXWIND,73.6,76.17,98.52,False,False,False,-0.1,1.29,False
SBILIFE,1792.9,1821.34,1871.69,False,False,False,-0.12,0.75,False
NIVABUPA,82.62,84.65,81.56,False,True,True,-0.12,0.51,False
SBFC,93.93,93.28,96.32,True,False,False,-0.13,1.39,False
NBCC,88.88,92.13,98.75,False,False,False,-0.13,0.91,False
GODREJCP,933.0,986.3,1077.77,False,False,False,-0.14,0.65,False
WAAREEENER,2678.2,2707.28,2982.86,False,False,False,-0.14,0.47,False
LODHA,1242.0,1215.96,1058.24,True,True,True,-0.15,0.48,False
EMAMILTD,402.6,404.51,451.48,False,False,False,-0.17,0.95,False
RADICO,4639.8,4513.01,3527.08,True,True,True,-0.22,0.6,False
SWANCORP,303.85,307.85,357.53,False,False,False,-0.25,0.9,False
IDBI,82.24,82.88,86.41,False,False,False,-0.25,0.45,False
TATASTEEL,183.0,186.29,188.04,False,False,False,-0.27,0.89,False
ABSLAMC,1008.4,1021.52,964.09,False,True,True,-0.28,0.37,False
CENTRALBK,31.29,31.3,33.75,False,False,False,-0.35,0.59,False
BIOCON,415.55,421.33,397.69,False,True,True,-0.35,0.6,False
SOLARINDS,19900.0,19248.54,16293.78,True,True,True,-0.35,1.07,False
NAVINFLUOR,8206.5,8058.57,6776.16,True,True,True,-0.35,0.3,False
LINDEINDIA,6672.0,6825.01,6789.96,False,False,True,-0.36,0.66,False
ULTRACEMCO,11570.0,11696.58,11641.79,False,False,True,-0.42,0.68,False
DOMS,2206.3,2235.84,2332.49,False,False,False,-0.43,0.39,False
COALINDIA,405.2,411.03,418.91,False,False,False,-0.47,0.97,False
M&M,3412.2,3377.94,3270.78,True,True,True,-0.47,0.61,False
BANKBARODA,247.0,247.18,260.54,False,False,False,-0.49,0.67,False
PATANJALI,348.0,353.77,454.55,False,False,False,-0.49,0.63,False
SIEMENS,3920.0,3873.45,3490.71,True,True,True,-0.51,0.51,False
LEMONTREE,108.33,110.02,124.96,False,False,False,-0.54,0.92,False
NTPCGREEN,91.43,92.16,97.23,False,False,False,-0.54,0.16,False
BALKRISIND,2350.8,2357.07,2275.84,False,True,True,-0.54,0.19,False
MGL,1114.2,1109.27,1117.32,True,False,False,-0.57,1.52,False
SCI,290.55,292.41,270.33,False,True,True,-0.58,0.57,False
MAPMYINDIA,983.9,1031.02,1156.09,False,False,False,-0.59,0.26,False
HAL,5000.0,4861.18,4433.55,True,True,True,-0.59,0.97,False
RVNL,225.3,227.49,271.56,False,False,False,-0.59,0.72,False
MRF,132665.0,132880.94,136253.29,False,False,False,-0.62,0.59,False
SCHAEFFLER,4017.9,4080.57,4034.4,False,False,True,-0.63,1.02,False
GRSE,2601.5,2611.26,2599.38,False,True,True,-0.65,1.14,False
EICHERMOT,8010.0,7918.4,7219.4,True,True,True,-0.7,0.65,False
AMBUJACEM,414.5,422.58,468.6,False,False,False,-0.72,1.31,False
ABDL,595.0,612.65,567.36,False,True,True,-0.74,0.73,False
KALYANKJIL,603.55,588.55,465.07,True,True,True,-0.77,0.31,False
ANANTRAJ,625.0,616.54,553.37,True,True,True,-0.79,0.86,False
ICICIGI,1617.0,1644.5,1796.4,False,False,False,-0.8,0.64,False
SUZLON,46.71,48.45,51.91,False,False,False,-0.83,0.77,False
IEX,123.7,125.46,127.49,False,False,False,-0.84,0.38,False
MAXHEALTH,1000.0,1040.4,1068.77,False,False,False,-0.85,0.97,False
ESCORTS,3086.6,3063.84,3165.4,True,False,False,-0.87,0.4,False
OFSS,11724.0,11596.58,9360.46,True,True,True,-0.88,0.36,False
RAMCOCEM,899.05,916.25,970.44,False,False,False,-0.9,1.0,False
AJANTPHARM,3639.8,3554.1,3029.61,True,True,True,-0.9,0.83,False
KEC,435.95,451.65,571.77,False,False,False,-0.9,1.69,False
MEDANTA,1409.7,1410.33,1266.06,False,True,True,-0.91,0.45,False
MAZDOCK,2552.0,2501.44,2500.6,True,True,True,-0.91,0.75,False
BANKINDIA,142.79,142.49,139.8,True,True,True,-0.91,0.57,False
NH,1815.8,1872.95,1864.94,False,False,True,-0.92,0.59,False
HEROMOTOCO,5735.0,5586.52,5198.39,True,True,True,-0.95,0.47,False
NHPC,76.15,77.33,78.21,False,False,False,-0.98,0.4,False
CANBK,129.96,129.24,129.56,True,True,False,-0.98,0.38,False
APOLLOTYRE,439.7,436.09,440.02,True,False,False,-0.99,1.52,False
JSWINFRA,335.7,332.58,296.89,True,True,True,-1.02,0.51,False
JKCEMENT,5250.0,5385.09,5620.91,False,False,False,-1.06,0.41,False
ACC,1307.4,1334.47,1486.68,False,False,False,-1.06,0.57,False
COCHINSHIP,1480.5,1468.62,1525.18,True,False,False,-1.07,1.06,False
IREDA,115.0,118.09,128.41,False,False,False,-1.08,0.6,False
UCOBANK,25.72,26.1,26.94,False,False,False,-1.08,0.39,False
CGCL,224.03,230.34,203.65,False,True,True,-1.1,0.9,False
VBL,430.1,443.43,475.98,False,False,False,-1.13,0.39,False
BLUEDART,5083.0,5089.63,5241.96,False,False,False,-1.13,0.1,False
STARHEALTH,578.5,583.04,520.21,False,True,True,-1.14,0.54,False
LALPATHLAB,1894.2,1876.67,1613.38,True,True,True,-1.15,0.36,False
DABUR,400.5,411.22,451.72,False,False,False,-1.17,0.53,False
INDIACEM,370.9,382.86,395.75,False,False,False,-1.17,0.25,False
IDEA,13.94,13.56,11.71,True,True,True,-1.2,1.01,False
RHIM,375.25,390.46,413.59,False,False,False,-1.21,0.34,False
CAMS,753.0,772.1,753.52,False,False,True,-1.21,1.08,False
ATGL,646.1,662.01,638.79,False,True,True,-1.22,2.52,False
BIKAJI,605.75,621.83,666.81,False,False,False,-1.23,0.35,False
PNB,116.55,114.83,110.14,True,True,True,-1.23,0.51,False
CIPLA,1432.2,1444.47,1413.59,False,True,True,-1.23,0.42,False
SAMMAANCAP,150.52,157.9,154.9,False,False,True,-1.23,1.91,False
CPPLUS,3475.5,3524.31,2558.76,False,True,True,-1.24,1.93,False
ADANIENT,2997.0,3020.43,2641.84,False,True,True,-1.26,0.76,False
HUDCO,186.09,192.83,200.54,False,False,False,-1.27,0.78,False
AARTIIND,527.2,511.28,450.4,True,True,True,-1.29,0.56,False
SRF,2571.9,2625.7,2724.3,False,False,False,-1.31,0.32,False
INTELLECT,691.25,710.52,781.51,False,False,False,-1.33,0.46,False
IRFC,86.4,87.78,101.36,False,False,False,-1.34,1.0,False
ZYDUSLIFE,1120.0,1128.73,1024.28,False,True,True,-1.34,0.8,False
WHIRLPOOL,768.5,785.2,906.22,False,False,False,-1.34,0.56,False
GILLETTE,7498.5,7626.97,8136.63,False,False,False,-1.34,0.7,False
RITES,218.08,220.55,220.09,False,False,True,-1.35,0.4,False
BAJAJHLDNG,11320.0,11255.01,10947.49,True,True,True,-1.35,0.98,False
HONAUT,36700.0,37402.03,35092.76,False,True,True,-1.36,0.36,False
USHAMART,481.3,498.11,456.96,False,True,True,-1.36,0.79,False
SUNPHARMA,1902.4,1924.5,1802.15,False,True,True,-1.43,0.64,False
SHYAMMETL,984.9,998.94,923.1,False,True,True,-1.47,0.36,False
NESTLEIND,1477.1,1484.1,1357.03,False,True,True,-1.47,0.76,False
ZENSARTECH,483.55,493.87,560.9,False,False,False,-1.48,0.28,False
INDUSINDBK,1005.6,1012.94,910.38,False,True,True,-1.49,0.39,False
GODFRYPHLP,2117.0,2149.75,2370.01,False,False,False,-1.49,0.37,False
LUPIN,2201.8,2300.15,2244.17,False,False,True,-1.49,0.59,False
GRAPHITE,710.75,702.85,643.68,True,True,True,-1.5,0.34,False
IGIL,340.6,347.21,344.68,False,False,True,-1.53,0.82,False
JSWDULUX,3118.8,3075.14,3065.99,True,True,True,-1.53,0.74,False
ONESOURCE,1535.0,1576.46,1641.87,False,False,False,-1.55,0.41,False
POONAWALLA,490.05,484.53,446.68,True,True,True,-1.58,0.47,False
SUNTV,472.05,484.26,532.15,False,False,False,-1.58,0.72,False
IRB,18.95,19.46,20.78,False,False,False,-1.61,0.51,False
CIEINDIA,401.05,415.35,436.6,False,False,False,-1.64,0.28,False
UTIAMC,893.05,905.38,991.56,False,False,False,-1.65,0.28,False
GAIL,172.0,173.88,167.8,False,True,True,-1.66,0.48,False
CHOLAFIN,1862.9,1863.6,1675.05,False,True,True,-1.66,0.42,False
SYRMA,1439.3,1437.31,1084.96,True,True,True,-1.67,0.77,False
JPPOWER,17.1,17.49,17.67,False,False,False,-1.67,0.38,False
VMM,103.43,107.36,121.5,False,False,False,-1.68,1.0,False
MANKIND,2384.0,2436.14,2373.68,False,True,True,-1.7,1.02,False
SJVN,66.06,67.52,74.95,False,False,False,-1.71,0.73,False
TATAELXSI,3708.0,3705.1,4340.27,True,False,False,-1.71,0.48,False
SIGNATURE,795.3,803.54,886.86,False,False,False,-1.72,0.79,False
CEMPRO,1276.4,1316.37,1005.73,False,True,True,-1.72,0.61,False
IOB,33.01,33.72,34.99,False,False,False,-1.73,0.4,False
WIPRO,180.79,181.64,201.24,False,False,False,-1.74,0.4,False
SBIN,1048.7,1053.51,1004.17,False,True,True,-1.78,0.56,False
ASTRAL,1528.5,1488.4,1488.13,True,True,True,-1.79,0.3,False
GODREJIND,1230.0,1263.84,1134.0,False,True,True,-1.8,1.28,False
TRENT,2924.0,2980.19,3259.41,False,False,False,-1.81,0.49,False
MARICO,849.25,855.96,797.07,False,True,True,-1.84,0.5,False
BHARTIHEXA,1591.2,1580.64,1589.28,True,True,False,-1.84,0.62,False
GMRAIRPORT,99.63,104.18,100.43,False,False,True,-1.85,0.77,False
GMDCLTD,570.0,577.19,582.23,False,False,False,-1.86,0.79,False
THERMAX,3967.8,4156.05,3922.44,False,True,True,-1.91,0.43,False
MARUTI,13565.0,13790.69,13967.62,False,False,False,-1.94,0.5,False
RAINBOW,1433.2,1483.45,1382.05,False,True,True,-1.96,0.76,False
DELHIVERY,450.7,465.02,457.26,False,False,True,-1.96,0.31,False
UBL,1348.9,1375.34,1488.73,False,False,False,-2.01,0.49,False
INDIANB,876.9,867.38,827.44,True,True,True,-2.02,0.36,False
NLCINDIA,269.8,284.58,286.33,False,False,False,-2.03,0.59,False
TATAPOWER,374.3,379.42,389.42,False,False,False,-2.03,1.01,False
JIOFIN,244.0,248.37,258.32,False,False,False,-2.03,0.45,False
BHEL,413.0,414.69,340.71,False,True,True,-2.06,0.87,False
ACUTAAS,3169.0,3261.92,2628.26,False,True,True,-2.06,0.72,False
SHREECEM,24280.0,25412.77,26132.56,False,False,False,-2.08,1.03,False
ADANIGREEN,1320.0,1359.65,1234.69,False,True,True,-2.08,0.46,False
ASIANPAINT,2640.0,2694.3,2589.07,False,True,True,-2.09,0.56,False
ANTHEM,871.45,850.49,760.01,True,True,True,-2.1,0.6,False
TTML,37.78,38.86,44.31,False,False,False,-2.1,0.42,False
AWL,188.12,190.87,205.03,False,False,False,-2.1,0.89,False
UNIONBANK,183.45,180.88,164.6,True,True,True,-2.1,0.62,False
DRREDDY,1174.7,1187.24,1249.36,False,False,False,-2.11,0.56,False
NATCOPHARM,882.4,908.59,943.09,False,False,False,-2.13,0.91,False
M&MFIN,381.6,383.17,326.13,False,True,True,-2.18,0.24,False
CHOLAHLDNG,1561.8,1575.62,1653.16,False,False,False,-2.22,0.37,False
ERIS,1328.2,1370.45,1442.77,False,False,False,-2.23,0.78,False
INDUSTOWER,375.75,376.41,389.1,False,False,False,-2.24,0.67,False
AIIL,552.25,555.02,530.03,False,True,True,-2.24,1.03,False
CONCOR,515.05,512.37,498.02,True,True,True,-2.27,0.23,False
BHARTIARTL,1946.0,1939.8,1899.67,True,True,True,-2.31,0.76,False
HAVELLS,1268.0,1268.45,1297.53,False,False,False,-2.31,0.66,False
NEWGEN,522.7,534.41,580.86,False,False,False,-2.33,0.32,False
FORTIS,907.1,927.01,932.24,False,False,False,-2.36,0.91,False
NAVA,558.95,567.9,595.83,False,False,False,-2.39,0.98,False
WOCKPHARMA,1886.3,1900.27,1649.34,False,True,True,-2.4,0.62,False
FLUOROCHEM,4621.9,4549.93,3791.84,True,True,True,-2.45,0.68,False
JKTYRE,374.7,388.03,406.31,False,False,False,-2.45,0.45,False
BLS,271.29,260.81,278.22,True,False,False,-2.46,0.74,False
LATENTVIEW,278.1,290.55,337.8,False,False,False,-2.49,0.56,False
RECLTD,326.65,345.28,348.33,False,False,False,-2.49,0.99,False
TCS,2302.0,2329.74,2493.04,False,False,False,-2.5,0.64,False
IOC,135.9,138.79,144.0,False,False,False,-2.51,0.83,False
JUBLINGREA,718.35,727.71,682.89,False,True,True,-2.52,0.54,False
IGL,147.87,152.02,167.81,False,False,False,-2.52,3.27,False
SOBHA,1294.6,1340.25,1408.54,False,False,False,-2.53,0.39,False
APOLLOHOSP,8693.0,8798.17,8121.63,False,True,True,-2.55,0.86,False
OLAELEC,37.73,38.96,39.25,False,False,False,-2.58,0.48,False
CGPOWER,867.0,881.01,806.69,False,True,True,-2.6,0.6,False
PIDILITIND,1649.0,1650.94,1511.54,False,True,True,-2.6,0.54,False
CHAMBLFERT,431.15,440.56,457.81,False,False,False,-2.61,0.87,False
GABRIEL,1420.6,1440.36,1170.8,False,True,True,-2.63,0.2,False
BPCL,311.0,314.86,317.21,False,False,False,-2.65,0.82,False
BSOFT,303.75,307.89,340.66,False,False,False,-2.66,0.34,False
INDIAMART,1742.2,1782.7,2040.36,False,False,False,-2.66,0.46,False
IRCTC,484.2,499.99,565.3,False,False,False,-2.67,0.88,False
JSWENERGY,544.95,554.64,534.81,False,True,True,-2.69,0.62,False
HINDPETRO,363.25,370.6,380.25,False,False,False,-2.74,0.5,False
LLOYDSME,1865.9,1941.5,1621.49,False,True,True,-2.75,0.43,False
ARE&M,919.75,923.56,880.51,False,True,True,-2.77,0.23,False
BBTC,1427.4,1476.6,1602.22,False,False,False,-2.78,1.01,False
BDL,1359.0,1326.01,1353.24,True,True,False,-2.79,1.78,False
TATACONSUM,1049.0,1078.66,1115.18,False,False,False,-2.83,0.77,False
ENRIN,3435.6,3457.72,3239.95,False,True,True,-2.85,0.37,False
NUVOCO,322.05,334.14,344.9,False,False,False,-2.87,0.32,False
TATAINVEST,647.95,664.05,678.16,False,False,False,-2.9,0.43,False
ABFRL,54.35,57.39,64.97,False,False,False,-2.91,0.45,False
PAGEIND,35480.0,37760.91,38181.25,False,False,False,-2.92,1.32,False
IKS,1786.2,1806.76,1663.63,False,True,True,-2.92,0.7,False
ABB,7424.0,7480.37,6448.26,False,True,True,-2.94,0.42,False
TRITURBINE,574.85,601.22,578.59,False,False,True,-2.96,0.9,False
POLYCAB,8966.0,9171.87,8464.24,False,True,True,-2.97,1.04,False
ABLBL,86.12,90.76,106.01,False,False,False,-2.99,1.36,False
HINDUNILVR,2015.0,2072.99,2233.0,False,False,False,-2.99,0.66,False
TECHM,1584.0,1601.21,1479.9,False,True,True,-2.99,0.55,False
AIAENG,4348.9,4538.14,4113.39,False,True,True,-2.99,0.66,False
AAVAS,1355.3,1395.94,1423.53,False,False,False,-3.01,0.92,False
FACT,783.3,813.34,865.61,False,False,False,-3.02,1.83,False
KEI,5527.6,5512.91,4846.07,True,True,True,-3.02,0.63,False
JSWCEMENT,126.04,130.11,130.06,False,False,True,-3.06,0.83,False
ABBOTINDIA,26230.0,27100.27,27152.93,False,False,False,-3.07,0.73,False
DEEPAKFERT,1449.2,1512.86,1386.24,False,True,True,-3.15,0.37,False
ITC,269.4,277.6,310.03,False,False,False,-3.16,1.01,False
FORCEMOT,17770.0,18180.47,19412.72,False,False,False,-3.22,0.55,False
ATUL,6509.5,6646.0,6448.74,False,True,True,-3.26,0.31,False
ATHERENERG,1462.0,1415.21,948.2,True,True,True,-3.27,0.43,False
KIMS,782.5,800.54,741.78,False,True,True,-3.29,0.54,False
CEATLTD,3563.4,3603.57,3504.19,False,True,True,-3.4,0.41,False
CREDITACC,1496.1,1531.7,1388.6,False,True,True,-3.44,0.26,False
PFC,363.0,388.96,403.91,False,False,False,-3.46,1.21,False
EXIDEIND,459.6,461.85,388.72,False,True,True,-3.47,0.34,False
BRITANNIA,5365.0,5470.06,5494.79,False,False,False,-3.47,0.98,False
KAJARIACER,1208.5,1217.72,1135.4,False,True,True,-3.58,0.47,False
EMCURE,1863.0,1913.68,1673.91,False,True,True,-3.59,0.92,False
TATACOMM,1655.4,1734.15,1722.48,False,False,True,-3.65,0.77,False
JWL,247.0,254.48,281.98,False,False,False,-3.7,0.48,False
POLYMED,1719.4,1744.16,1641.99,False,True,True,-3.74,0.75,False
INDIGO,5110.0,5244.36,5056.39,False,True,True,-3.77,0.65,False
DMART,3906.0,3988.46,4141.26,False,False,False,-3.79,0.6,False
BERGEPAINT,524.4,530.17,503.62,False,True,True,-3.8,0.58,False
ZYDUSWELL,490.8,522.21,489.45,False,True,True,-3.82,0.32,False
SARDAEN,510.6,509.06,528.44,True,False,False,-3.87,0.24,False
SAREGAMA,506.55,516.79,434.77,False,True,True,-3.94,0.37,False
SPLPETRO,697.8,711.13,707.29,False,False,True,-3.96,0.14,False
KPITTECH,589.3,602.53,801.86,False,False,False,-4.02,0.22,False
BATAINDIA,701.05,698.05,761.59,True,False,False,-4.05,0.83,False
INFY,1121.0,1137.04,1244.26,False,False,False,-4.12,0.57,False
HONASA,481.9,471.61,374.27,True,True,True,-4.16,0.73,False
J&KBANK,149.01,156.55,136.18,False,True,True,-4.16,0.4,False
CESC,155.09,158.81,160.36,False,False,False,-4.17,1.81,False
POWERINDIA,34190.0,33870.93,28710.86,True,True,True,-4.21,0.65,False
TRAVELFOOD,1307.2,1340.13,1264.48,False,True,True,-4.23,0.63,False
ECLERX,1815.7,1820.9,1765.85,False,True,True,-4.23,0.39,False
HCLTECH,1302.5,1315.87,1312.48,False,False,True,-4.23,0.62,False
TIMKEN,3134.1,3230.73,3278.33,False,False,False,-4.33,0.98,False
CCL,1082.3,1137.1,1074.5,False,True,True,-4.51,0.97,False
MPHASIS,2430.0,2435.84,2403.03,False,True,True,-4.52,0.62,False
JSL,701.35,724.45,738.59,False,False,False,-4.55,0.89,False
ADANIENSOL,1541.9,1604.75,1303.47,False,True,True,-4.59,1.1,False
COLPAL,1889.0,1986.21,2078.56,False,False,False,-4.64,1.17,False
TORNTPOWER,1247.7,1324.27,1398.54,False,False,False,-4.69,0.78,False
COROMANDEL,1996.1,2054.04,2088.08,False,False,False,-4.73,0.56,False
FIRSTCRY,196.33,207.83,251.58,False,False,False,-4.74,2.23,False
3MINDIA,33640.0,34913.54,33151.44,False,True,True,-4.81,0.75,False
LTM,4487.8,4518.55,4582.01,False,False,False,-4.82,1.08,False
GVT&D,4127.2,4277.37,4010.49,False,True,True,-4.89,0.8,False
MSUMI,38.36,40.13,40.83,False,False,False,-4.93,0.92,False
TMPV,317.9,333.99,388.48,False,False,False,-4.96,0.98,False
GLAND,2819.3,2724.02,2133.7,True,True,True,-5.08,0.43,False
TEJASNET,510.45,523.52,507.87,False,True,True,-5.21,0.47,False
FIVESTAR,520.95,538.74,504.94,False,True,True,-5.32,0.37,False
SUMICHEM,534.65,538.68,484.23,False,True,True,-5.36,0.44,False
CUMMINSIND,5107.5,5371.69,4983.53,False,True,True,-5.42,0.91,False
TATATECH,820.75,810.02,687.14,True,True,True,-5.43,0.41,False
BSE,3241.0,3465.09,3304.63,False,False,True,-5.98,1.91,False
LGEINDIA,1623.3,1600.29,1567.4,True,True,True,-6.15,1.43,False
VOLTAS,1235.0,1278.53,1340.64,False,False,False,-6.47,2.7,False
TATACHEM,626.75,663.63,735.59,False,False,False,-6.55,0.61,False
HEXT,532.45,557.36,573.07,False,False,False,-6.56,0.16,False
SONATSOFTW,304.0,313.58,298.94,False,True,True,-6.72,0.46,False
AADHARHFC,462.55,493.13,493.65,False,False,False,-7.16,1.74,False
ASTERDM,761.55,812.01,720.99,False,True,True,-7.39,24.7,False
BELRISE,231.77,240.22,205.76,False,True,True,-9.23,1.56,False
NSLNISP,39.79,42.45,42.55,False,False,False,-10.58,2.41,False
SCHNEIDER,1217.3,1316.44,1114.1,False,True,True,-11.09,3.27,False
HSCL,654.4,743.72,594.67,False,True,True,-16.22,1.97,False
