stage,variant,CAGR %,vol %,Sharpe,maxDD %,Calmar,trades/yr,win %,avg win %,avg loss %,invested %,pool_median,big_Sharpe,big_CAGR,Sharpe 16-19,CAGR 16-19,Sharpe 20-22,CAGR 20-22,rules,cfg
base,book (baseline),19.7,17.3,0.79,-28.5,0.69,53.0,40.0,19.3,-6.6,57.0,7.0,0.05,6.5,0.58,13.7,1.0,27.7,"{""trend"": true, ""prox"": 0.85, ""np_pos"": true, ""np_yoy"": 25, ""sales"": 20, ""cagr3"": 15, ""roe"": 15, ""rs"": 80}","{""n"": 10, ""keep_rank"": 30, ""stop"": null, ""market"": ""no_new"", ""cost"": 0.003, ""cash_yield"": 0.06, ""max_per_group"": 3, ""exit_ma50"": false, ""profit_take"": 0.0, ""hold8"": false, ""vol_stop"": 0.0, ""market_exit"": ""none""}"
ablate,drop trend,20.0,18.5,0.76,-30.0,0.67,52.0,42.0,20.9,-7.9,66.0,8.0,0.09,6.9,0.48,13.0,1.04,29.5,"{""trend"": false, ""prox"": 0.85, ""np_pos"": true, ""np_yoy"": 25, ""sales"": 20, ""cagr3"": 15, ""roe"": 15, ""rs"": 80}","{""n"": 10, ""keep_rank"": 30, ""stop"": null, ""market"": ""no_new"", ""cost"": 0.003, ""cash_yield"": 0.06, ""max_per_group"": 3, ""exit_ma50"": false, ""profit_take"": 0.0, ""hold8"": false, ""vol_stop"": 0.0, ""market_exit"": ""none""}"
ablate,drop prox,17.6,19.0,0.61,-38.4,0.46,50.0,39.0,19.3,-6.7,61.0,8.0,0.11,7.2,0.45,12.3,0.78,24.6,"{""trend"": true, ""prox"": null, ""np_pos"": true, ""np_yoy"": 25, ""sales"": 20, ""cagr3"": 15, ""roe"": 15, ""rs"": 80}","{""n"": 10, ""keep_rank"": 30, ""stop"": null, ""market"": ""no_new"", ""cost"": 0.003, ""cash_yield"": 0.06, ""max_per_group"": 3, ""exit_ma50"": false, ""profit_take"": 0.0, ""hold8"": false, ""vol_stop"": 0.0, ""market_exit"": ""none""}"
ablate,drop np_pos,19.6,17.3,0.79,-28.5,0.69,53.0,40.0,19.3,-6.6,57.0,7.0,0.05,6.5,0.58,13.7,1.0,27.6,"{""trend"": true, ""prox"": 0.85, ""np_pos"": false, ""np_yoy"": 25, ""sales"": 20, ""cagr3"": 15, ""roe"": 15, ""rs"": 80}","{""n"": 10, ""keep_rank"": 30, ""stop"": null, ""market"": ""no_new"", ""cost"": 0.003, ""cash_yield"": 0.06, ""max_per_group"": 3, ""exit_ma50"": false, ""profit_take"": 0.0, ""hold8"": false, ""vol_stop"": 0.0, ""market_exit"": ""none""}"
ablate,drop np_yoy,19.2,17.8,0.74,-28.3,0.68,58.0,40.0,18.2,-6.6,61.0,8.0,0.19,8.0,0.44,12.2,1.04,28.7,"{""trend"": true, ""prox"": 0.85, ""np_pos"": true, ""np_yoy"": null, ""sales"": 20, ""cagr3"": 15, ""roe"": 15, ""rs"": 80}","{""n"": 10, ""keep_rank"": 30, ""stop"": null, ""market"": ""no_new"", ""cost"": 0.003, ""cash_yield"": 0.06, ""max_per_group"": 3, ""exit_ma50"": false, ""profit_take"": 0.0, ""hold8"": false, ""vol_stop"": 0.0, ""market_exit"": ""none""}"
ablate,drop sales,19.6,18.0,0.76,-29.5,0.66,56.0,39.0,19.5,-6.6,60.0,8.0,0.04,6.4,0.42,11.7,1.1,30.6,"{""trend"": true, ""prox"": 0.85, ""np_pos"": true, ""np_yoy"": 25, ""sales"": null, ""cagr3"": 15, ""roe"": 15, ""rs"": 80}","{""n"": 10, ""keep_rank"": 30, ""stop"": null, ""market"": ""no_new"", ""cost"": 0.003, ""cash_yield"": 0.06, ""max_per_group"": 3, ""exit_ma50"": false, ""profit_take"": 0.0, ""hold8"": false, ""vol_stop"": 0.0, ""market_exit"": ""none""}"
ablate,drop cagr3,21.0,18.5,0.82,-28.8,0.73,57.0,40.0,19.9,-6.7,64.0,10.0,0.23,8.7,0.45,12.4,1.18,33.2,"{""trend"": true, ""prox"": 0.85, ""np_pos"": true, ""np_yoy"": 25, ""sales"": 20, ""cagr3"": null, ""roe"": 15, ""rs"": 80}","{""n"": 10, ""keep_rank"": 30, ""stop"": null, ""market"": ""no_new"", ""cost"": 0.003, ""cash_yield"": 0.06, ""max_per_group"": 3, ""exit_ma50"": false, ""profit_take"": 0.0, ""hold8"": false, ""vol_stop"": 0.0, ""market_exit"": ""none""}"
ablate,drop roe,22.0,21.2,0.75,-43.5,0.51,65.0,37.0,23.3,-7.5,70.0,11.0,0.14,7.9,0.12,8.1,1.47,42.7,"{""trend"": true, ""prox"": 0.85, ""np_pos"": true, ""np_yoy"": 25, ""sales"": 20, ""cagr3"": 15, ""roe"": null, ""rs"": 80}","{""n"": 10, ""keep_rank"": 30, ""stop"": null, ""market"": ""no_new"", ""cost"": 0.003, ""cash_yield"": 0.06, ""max_per_group"": 3, ""exit_ma50"": false, ""profit_take"": 0.0, ""hold8"": false, ""vol_stop"": 0.0, ""market_exit"": ""none""}"
ablate,drop rs,21.9,17.9,0.89,-28.9,0.76,57.0,41.0,19.4,-6.7,67.0,10.0,-0.05,5.4,0.68,15.6,1.12,30.4,"{""trend"": true, ""prox"": 0.85, ""np_pos"": true, ""np_yoy"": 25, ""sales"": 20, ""cagr3"": 15, ""roe"": 15, ""rs"": null}","{""n"": 10, ""keep_rank"": 30, ""stop"": null, ""market"": ""no_new"", ""cost"": 0.003, ""cash_yield"": 0.06, ""max_per_group"": 3, ""exit_ma50"": false, ""profit_take"": 0.0, ""hold8"": false, ""vol_stop"": 0.0, ""market_exit"": ""none""}"
ablate,drop np_pos,19.6,17.3,0.79,-28.5,0.69,53.0,40.0,19.3,-6.6,57.0,7.0,0.05,6.5,0.58,13.7,1.0,27.6,"{""trend"": true, ""prox"": 0.85, ""np_pos"": false, ""np_yoy"": 25, ""sales"": 20, ""cagr3"": 15, ""roe"": 15, ""rs"": 80}","{""n"": 10, ""keep_rank"": 30, ""stop"": null, ""market"": ""no_new"", ""cost"": 0.003, ""cash_yield"": 0.06, ""max_per_group"": 3, ""exit_ma50"": false, ""profit_take"": 0.0, ""hold8"": false, ""vol_stop"": 0.0, ""market_exit"": ""none""}"
thresh,prox=0.75,20.5,18.7,0.78,-33.1,0.62,49.0,41.0,19.7,-6.6,60.0,8.0,0.19,8.0,0.44,12.2,1.12,32.1,"{""trend"": true, ""prox"": 0.75, ""np_pos"": false, ""np_yoy"": 25, ""sales"": 20, ""cagr3"": 15, ""roe"": 15, ""rs"": 80}","{""n"": 10, ""keep_rank"": 30, ""stop"": null, ""market"": ""no_new"", ""cost"": 0.003, ""cash_yield"": 0.06, ""max_per_group"": 3, ""exit_ma50"": false, ""profit_take"": 0.0, ""hold8"": false, ""vol_stop"": 0.0, ""market_exit"": ""none""}"
thresh,prox=0.8,18.8,18.2,0.71,-31.1,0.61,51.0,39.0,19.9,-6.6,59.0,8.0,0.14,7.5,0.42,11.8,0.98,28.4,"{""trend"": true, ""prox"": 0.8, ""np_pos"": false, ""np_yoy"": 25, ""sales"": 20, ""cagr3"": 15, ""roe"": 15, ""rs"": 80}","{""n"": 10, ""keep_rank"": 30, ""stop"": null, ""market"": ""no_new"", ""cost"": 0.003, ""cash_yield"": 0.06, ""max_per_group"": 3, ""exit_ma50"": false, ""profit_take"": 0.0, ""hold8"": false, ""vol_stop"": 0.0, ""market_exit"": ""none""}"
thresh,prox=0.9,11.7,14.7,0.39,-27.7,0.42,62.0,38.0,14.2,-6.4,48.0,5.0,-0.0,6.0,-0.21,3.7,0.91,22.9,"{""trend"": true, ""prox"": 0.9, ""np_pos"": false, ""np_yoy"": 25, ""sales"": 20, ""cagr3"": 15, ""roe"": 15, ""rs"": 80}","{""n"": 10, ""keep_rank"": 30, ""stop"": null, ""market"": ""no_new"", ""cost"": 0.003, ""cash_yield"": 0.06, ""max_per_group"": 3, ""exit_ma50"": false, ""profit_take"": 0.0, ""hold8"": false, ""vol_stop"": 0.0, ""market_exit"": ""none""}"
thresh,np_yoy=15,17.7,17.7,0.66,-29.3,0.6,56.0,39.0,18.8,-6.8,58.0,7.0,-0.0,6.0,0.37,11.0,0.95,26.8,"{""trend"": true, ""prox"": 0.85, ""np_pos"": false, ""np_yoy"": 15, ""sales"": 20, ""cagr3"": 15, ""roe"": 15, ""rs"": 80}","{""n"": 10, ""keep_rank"": 30, ""stop"": null, ""market"": ""no_new"", ""cost"": 0.003, ""cash_yield"": 0.06, ""max_per_group"": 3, ""exit_ma50"": false, ""profit_take"": 0.0, ""hold8"": false, ""vol_stop"": 0.0, ""market_exit"": ""none""}"
thresh,np_yoy=20,18.1,17.5,0.69,-28.5,0.64,55.0,39.0,18.8,-6.7,58.0,7.0,0.02,6.2,0.41,11.5,0.97,27.0,"{""trend"": true, ""prox"": 0.85, ""np_pos"": false, ""np_yoy"": 20, ""sales"": 20, ""cagr3"": 15, ""roe"": 15, ""rs"": 80}","{""n"": 10, ""keep_rank"": 30, ""stop"": null, ""market"": ""no_new"", ""cost"": 0.003, ""cash_yield"": 0.06, ""max_per_group"": 3, ""exit_ma50"": false, ""profit_take"": 0.0, ""hold8"": false, ""vol_stop"": 0.0, ""market_exit"": ""none""}"
thresh,np_yoy=30,19.6,17.0,0.8,-28.5,0.69,51.0,40.0,19.6,-6.7,55.0,7.0,0.16,7.5,0.61,13.7,0.99,27.2,"{""trend"": true, ""prox"": 0.85, ""np_pos"": false, ""np_yoy"": 30, ""sales"": 20, ""cagr3"": 15, ""roe"": 15, ""rs"": 80}","{""n"": 10, ""keep_rank"": 30, ""stop"": null, ""market"": ""no_new"", ""cost"": 0.003, ""cash_yield"": 0.06, ""max_per_group"": 3, ""exit_ma50"": false, ""profit_take"": 0.0, ""hold8"": false, ""vol_stop"": 0.0, ""market_exit"": ""none""}"
thresh,np_yoy=40,17.5,15.8,0.73,-23.2,0.75,45.0,40.0,18.7,-6.8,48.0,6.0,-0.08,5.3,0.5,11.3,0.95,25.6,"{""trend"": true, ""prox"": 0.85, ""np_pos"": false, ""np_yoy"": 40, ""sales"": 20, ""cagr3"": 15, ""roe"": 15, ""rs"": 80}","{""n"": 10, ""keep_rank"": 30, ""stop"": null, ""market"": ""no_new"", ""cost"": 0.003, ""cash_yield"": 0.06, ""max_per_group"": 3, ""exit_ma50"": false, ""profit_take"": 0.0, ""hold8"": false, ""vol_stop"": 0.0, ""market_exit"": ""none""}"
thresh,sales=10,20.0,17.7,0.79,-29.6,0.68,55.0,39.0,19.8,-6.5,59.0,8.0,0.07,6.7,0.52,13.1,1.08,29.7,"{""trend"": true, ""prox"": 0.85, ""np_pos"": false, ""np_yoy"": 25, ""sales"": 10, ""cagr3"": 15, ""roe"": 15, ""rs"": 80}","{""n"": 10, ""keep_rank"": 30, ""stop"": null, ""market"": ""no_new"", ""cost"": 0.003, ""cash_yield"": 0.06, ""max_per_group"": 3, ""exit_ma50"": false, ""profit_take"": 0.0, ""hold8"": false, ""vol_stop"": 0.0, ""market_exit"": ""none""}"
thresh,sales=15,19.5,17.6,0.76,-28.5,0.68,54.0,39.0,19.7,-6.6,58.0,8.0,0.05,6.5,0.55,13.5,0.99,27.6,"{""trend"": true, ""prox"": 0.85, ""np_pos"": false, ""np_yoy"": 25, ""sales"": 15, ""cagr3"": 15, ""roe"": 15, ""rs"": 80}","{""n"": 10, ""keep_rank"": 30, ""stop"": null, ""market"": ""no_new"", ""cost"": 0.003, ""cash_yield"": 0.06, ""max_per_group"": 3, ""exit_ma50"": false, ""profit_take"": 0.0, ""hold8"": false, ""vol_stop"": 0.0, ""market_exit"": ""none""}"
thresh,sales=25,19.7,17.2,0.8,-28.5,0.69,52.0,40.0,19.3,-6.5,56.0,7.0,-0.03,5.7,0.65,14.4,0.95,26.6,"{""trend"": true, ""prox"": 0.85, ""np_pos"": false, ""np_yoy"": 25, ""sales"": 25, ""cagr3"": 15, ""roe"": 15, ""rs"": 80}","{""n"": 10, ""keep_rank"": 30, ""stop"": null, ""market"": ""no_new"", ""cost"": 0.003, ""cash_yield"": 0.06, ""max_per_group"": 3, ""exit_ma50"": false, ""profit_take"": 0.0, ""hold8"": false, ""vol_stop"": 0.0, ""market_exit"": ""none""}"
thresh,sales=30,19.1,17.1,0.76,-29.8,0.64,52.0,39.0,19.2,-6.5,56.0,7.0,-0.03,5.7,0.57,13.3,0.96,26.7,"{""trend"": true, ""prox"": 0.85, ""np_pos"": false, ""np_yoy"": 25, ""sales"": 30, ""cagr3"": 15, ""roe"": 15, ""rs"": 80}","{""n"": 10, ""keep_rank"": 30, ""stop"": null, ""market"": ""no_new"", ""cost"": 0.003, ""cash_yield"": 0.06, ""max_per_group"": 3, ""exit_ma50"": false, ""profit_take"": 0.0, ""hold8"": false, ""vol_stop"": 0.0, ""market_exit"": ""none""}"
thresh,cagr3=10,20.5,17.7,0.82,-29.5,0.7,56.0,40.0,18.9,-6.6,60.0,8.0,0.18,7.9,0.62,14.3,1.04,28.8,"{""trend"": true, ""prox"": 0.85, ""np_pos"": false, ""np_yoy"": 25, ""sales"": 20, ""cagr3"": 10, ""roe"": 15, ""rs"": 80}","{""n"": 10, ""keep_rank"": 30, ""stop"": null, ""market"": ""no_new"", ""cost"": 0.003, ""cash_yield"": 0.06, ""max_per_group"": 3, ""exit_ma50"": false, ""profit_take"": 0.0, ""hold8"": false, ""vol_stop"": 0.0, ""market_exit"": ""none""}"
thresh,cagr3=20,19.1,16.8,0.78,-27.6,0.69,50.0,40.0,18.3,-6.3,54.0,7.0,0.09,6.8,0.73,15.2,0.85,24.0,"{""trend"": true, ""prox"": 0.85, ""np_pos"": false, ""np_yoy"": 25, ""sales"": 20, ""cagr3"": 20, ""roe"": 15, ""rs"": 80}","{""n"": 10, ""keep_rank"": 30, ""stop"": null, ""market"": ""no_new"", ""cost"": 0.003, ""cash_yield"": 0.06, ""max_per_group"": 3, ""exit_ma50"": false, ""profit_take"": 0.0, ""hold8"": false, ""vol_stop"": 0.0, ""market_exit"": ""none""}"
thresh,cagr3=25,17.3,16.5,0.68,-26.4,0.66,46.0,38.0,20.0,-6.6,51.0,6.0,-0.03,5.7,0.62,13.4,0.77,22.2,"{""trend"": true, ""prox"": 0.85, ""np_pos"": false, ""np_yoy"": 25, ""sales"": 20, ""cagr3"": 25, ""roe"": 15, ""rs"": 80}","{""n"": 10, ""keep_rank"": 30, ""stop"": null, ""market"": ""no_new"", ""cost"": 0.003, ""cash_yield"": 0.06, ""max_per_group"": 3, ""exit_ma50"": false, ""profit_take"": 0.0, ""hold8"": false, ""vol_stop"": 0.0, ""market_exit"": ""none""}"
thresh,roe=10,22.7,19.8,0.84,-33.8,0.67,60.0,39.0,21.1,-7.3,66.0,9.0,0.24,8.9,0.42,12.5,1.29,37.2,"{""trend"": true, ""prox"": 0.85, ""np_pos"": false, ""np_yoy"": 25, ""sales"": 20, ""cagr3"": 15, ""roe"": 10, ""rs"": 80}","{""n"": 10, ""keep_rank"": 30, ""stop"": null, ""market"": ""no_new"", ""cost"": 0.003, ""cash_yield"": 0.06, ""max_per_group"": 3, ""exit_ma50"": false, ""profit_take"": 0.0, ""hold8"": false, ""vol_stop"": 0.0, ""market_exit"": ""none""}"
thresh,roe=12,23.5,19.4,0.91,-32.2,0.73,59.0,40.0,20.8,-7.0,64.0,9.0,0.39,10.5,0.37,11.5,1.46,41.1,"{""trend"": true, ""prox"": 0.85, ""np_pos"": false, ""np_yoy"": 25, ""sales"": 20, ""cagr3"": 15, ""roe"": 12, ""rs"": 80}","{""n"": 10, ""keep_rank"": 30, ""stop"": null, ""market"": ""no_new"", ""cost"": 0.003, ""cash_yield"": 0.06, ""max_per_group"": 3, ""exit_ma50"": false, ""profit_take"": 0.0, ""hold8"": false, ""vol_stop"": 0.0, ""market_exit"": ""none""}"
thresh,roe=20,23.8,14.2,1.26,-21.0,1.14,35.0,42.0,23.5,-6.5,41.0,4.0,0.05,6.3,0.71,14.2,1.86,37.7,"{""trend"": true, ""prox"": 0.85, ""np_pos"": false, ""np_yoy"": 25, ""sales"": 20, ""cagr3"": 15, ""roe"": 20, ""rs"": 80}","{""n"": 10, ""keep_rank"": 30, ""stop"": null, ""market"": ""no_new"", ""cost"": 0.003, ""cash_yield"": 0.06, ""max_per_group"": 3, ""exit_ma50"": false, ""profit_take"": 0.0, ""hold8"": false, ""vol_stop"": 0.0, ""market_exit"": ""none""}"
thresh,rs=70,21.4,15.1,1.02,-27.5,0.78,41.0,40.0,21.7,-6.5,47.0,5.0,-0.12,5.0,0.77,15.4,1.3,29.7,"{""trend"": true, ""prox"": 0.85, ""np_pos"": false, ""np_yoy"": 25, ""sales"": 20, ""cagr3"": 15, ""roe"": 20, ""rs"": 70}","{""n"": 10, ""keep_rank"": 30, ""stop"": null, ""market"": ""no_new"", ""cost"": 0.003, ""cash_yield"": 0.06, ""max_per_group"": 3, ""exit_ma50"": false, ""profit_take"": 0.0, ""hold8"": false, ""vol_stop"": 0.0, ""market_exit"": ""none""}"
thresh,rs=75,22.9,14.8,1.14,-24.2,0.95,39.0,40.0,22.5,-6.4,44.0,4.0,-0.05,5.6,0.75,15.0,1.57,34.1,"{""trend"": true, ""prox"": 0.85, ""np_pos"": false, ""np_yoy"": 25, ""sales"": 20, ""cagr3"": 15, ""roe"": 20, ""rs"": 75}","{""n"": 10, ""keep_rank"": 30, ""stop"": null, ""market"": ""no_new"", ""cost"": 0.003, ""cash_yield"": 0.06, ""max_per_group"": 3, ""exit_ma50"": false, ""profit_take"": 0.0, ""hold8"": false, ""vol_stop"": 0.0, ""market_exit"": ""none""}"
thresh,rs=85,21.8,13.6,1.16,-19.2,1.14,34.0,42.0,22.8,-6.7,37.0,3.0,0.17,7.2,0.66,13.3,1.7,33.9,"{""trend"": true, ""prox"": 0.85, ""np_pos"": false, ""np_yoy"": 25, ""sales"": 20, ""cagr3"": 15, ""roe"": 20, ""rs"": 85}","{""n"": 10, ""keep_rank"": 30, ""stop"": null, ""market"": ""no_new"", ""cost"": 0.003, ""cash_yield"": 0.06, ""max_per_group"": 3, ""exit_ma50"": false, ""profit_take"": 0.0, ""hold8"": false, ""vol_stop"": 0.0, ""market_exit"": ""none""}"
thresh,rs=90,16.3,12.1,0.84,-18.8,0.86,32.0,41.0,20.4,-7.1,29.0,3.0,-0.25,4.6,0.42,10.2,1.27,24.6,"{""trend"": true, ""prox"": 0.85, ""np_pos"": false, ""np_yoy"": 25, ""sales"": 20, ""cagr3"": 15, ""roe"": 20, ""rs"": 90}","{""n"": 10, ""keep_rank"": 30, ""stop"": null, ""market"": ""no_new"", ""cost"": 0.003, ""cash_yield"": 0.06, ""max_per_group"": 3, ""exit_ma50"": false, ""profit_take"": 0.0, ""hold8"": false, ""vol_stop"": 0.0, ""market_exit"": ""none""}"
exit,50dma break on volume,23.3,14.0,1.23,-19.5,1.19,35.0,40.0,24.5,-6.5,40.0,4.0,0.03,6.2,0.81,15.2,1.7,34.6,"{""trend"": true, ""prox"": 0.85, ""np_pos"": false, ""np_yoy"": 25, ""sales"": 20, ""cagr3"": 15, ""roe"": 20, ""rs"": 80}","{""n"": 10, ""keep_rank"": 30, ""stop"": null, ""market"": ""no_new"", ""cost"": 0.003, ""cash_yield"": 0.06, ""max_per_group"": 3, ""exit_ma50"": true, ""profit_take"": 0.0, ""hold8"": false, ""vol_stop"": 0.0, ""market_exit"": ""none""}"
exit,profit take 25% + 8-week rule,19.5,13.0,1.04,-19.0,1.03,43.0,42.0,18.4,-6.8,38.0,4.0,0.04,6.3,0.64,12.7,1.47,29.0,"{""trend"": true, ""prox"": 0.85, ""np_pos"": false, ""np_yoy"": 25, ""sales"": 20, ""cagr3"": 15, ""roe"": 20, ""rs"": 80}","{""n"": 10, ""keep_rank"": 30, ""stop"": null, ""market"": ""no_new"", ""cost"": 0.003, ""cash_yield"": 0.06, ""max_per_group"": 3, ""exit_ma50"": false, ""profit_take"": 0.25, ""hold8"": true, ""vol_stop"": 0.0, ""market_exit"": ""none""}"
exit,vol stop 2.0 sigma,23.8,14.2,1.26,-21.0,1.14,35.0,42.0,23.5,-6.5,41.0,4.0,0.05,6.3,0.71,14.2,1.86,37.7,"{""trend"": true, ""prox"": 0.85, ""np_pos"": false, ""np_yoy"": 25, ""sales"": 20, ""cagr3"": 15, ""roe"": 20, ""rs"": 80}","{""n"": 10, ""keep_rank"": 30, ""stop"": null, ""market"": ""no_new"", ""cost"": 0.003, ""cash_yield"": 0.06, ""max_per_group"": 3, ""exit_ma50"": false, ""profit_take"": 0.0, ""hold8"": false, ""vol_stop"": 2.0, ""market_exit"": ""none""}"
exit,vol stop 3.0 sigma,23.8,14.2,1.26,-21.0,1.14,35.0,42.0,23.5,-6.5,41.0,4.0,0.05,6.3,0.71,14.2,1.86,37.7,"{""trend"": true, ""prox"": 0.85, ""np_pos"": false, ""np_yoy"": 25, ""sales"": 20, ""cagr3"": 15, ""roe"": 20, ""rs"": 80}","{""n"": 10, ""keep_rank"": 30, ""stop"": null, ""market"": ""no_new"", ""cost"": 0.003, ""cash_yield"": 0.06, ""max_per_group"": 3, ""exit_ma50"": false, ""profit_take"": 0.0, ""hold8"": false, ""vol_stop"": 3.0, ""market_exit"": ""none""}"
exit,sell losers in correction,24.3,14.0,1.3,-21.3,1.14,35.0,40.0,23.7,-5.7,40.0,4.0,0.12,6.9,0.56,12.5,2.13,41.6,"{""trend"": true, ""prox"": 0.85, ""np_pos"": false, ""np_yoy"": 25, ""sales"": 20, ""cagr3"": 15, ""roe"": 20, ""rs"": 80}","{""n"": 10, ""keep_rank"": 30, ""stop"": null, ""market"": ""no_new"", ""cost"": 0.003, ""cash_yield"": 0.06, ""max_per_group"": 3, ""exit_ma50"": false, ""profit_take"": 0.0, ""hold8"": false, ""vol_stop"": 0.0, ""market_exit"": ""losers""}"
exit,8% hard stop,23.6,14.0,1.26,-21.6,1.09,36.0,42.0,23.1,-6.4,41.0,4.0,0.05,6.4,0.57,12.6,2.01,39.6,"{""trend"": true, ""prox"": 0.85, ""np_pos"": false, ""np_yoy"": 25, ""sales"": 20, ""cagr3"": 15, ""roe"": 20, ""rs"": 80}","{""n"": 10, ""keep_rank"": 30, ""stop"": 0.08, ""market"": ""no_new"", ""cost"": 0.003, ""cash_yield"": 0.06, ""max_per_group"": 3, ""exit_ma50"": false, ""profit_take"": 0.0, ""hold8"": false, ""vol_stop"": 0.0, ""market_exit"": ""none""}"
entry,entry: near a sound base's pivot,17.0,8.4,1.32,-11.0,1.55,10.0,46.0,35.6,-7.0,15.0,4.0,0.49,7.3,1.02,13.2,1.66,22.4,"{""trend"": true, ""prox"": 0.85, ""np_pos"": false, ""np_yoy"": 25, ""sales"": 20, ""cagr3"": 15, ""roe"": 20, ""rs"": 80}","{""n"": 10, ""keep_rank"": 30, ""stop"": null, ""market"": ""no_new"", ""cost"": 0.003, ""cash_yield"": 0.06, ""max_per_group"": 3, ""exit_ma50"": false, ""profit_take"": 0.0, ""hold8"": false, ""vol_stop"": 0.0, ""market_exit"": ""none""}"
entry,entry: not >25% above 50-day,21.5,13.6,1.14,-20.9,1.03,33.0,43.0,21.6,-6.2,40.0,4.0,0.03,6.2,0.69,13.9,1.64,32.0,"{""trend"": true, ""prox"": 0.85, ""np_pos"": false, ""np_yoy"": 25, ""sales"": 20, ""cagr3"": 15, ""roe"": 20, ""rs"": 80}","{""n"": 10, ""keep_rank"": 30, ""stop"": null, ""market"": ""no_new"", ""cost"": 0.003, ""cash_yield"": 0.06, ""max_per_group"": 3, ""exit_ma50"": false, ""profit_take"": 0.0, ""hold8"": false, ""vol_stop"": 0.0, ""market_exit"": ""none""}"
size,n=15,19.0,10.4,1.25,-14.6,1.3,38.0,43.0,22.4,-6.4,30.0,4.0,0.07,6.4,0.74,12.0,1.8,28.9,"{""trend"": true, ""prox"": 0.85, ""np_pos"": false, ""np_yoy"": 25, ""sales"": 20, ""cagr3"": 15, ""roe"": 20, ""rs"": 80}","{""n"": 15, ""keep_rank"": 45, ""stop"": null, ""market"": ""no_new"", ""cost"": 0.003, ""cash_yield"": 0.06, ""max_per_group"": 3, ""exit_ma50"": false, ""profit_take"": 0.0, ""hold8"": false, ""vol_stop"": 0.0, ""market_exit"": ""none""}"
size,n=20,16.0,8.3,1.21,-11.1,1.44,41.0,43.0,21.9,-6.5,24.0,4.0,0.08,6.3,0.75,10.6,1.67,23.4,"{""trend"": true, ""prox"": 0.85, ""np_pos"": false, ""np_yoy"": 25, ""sales"": 20, ""cagr3"": 15, ""roe"": 20, ""rs"": 80}","{""n"": 20, ""keep_rank"": 60, ""stop"": null, ""market"": ""no_new"", ""cost"": 0.003, ""cash_yield"": 0.06, ""max_per_group"": 3, ""exit_ma50"": false, ""profit_take"": 0.0, ""hold8"": false, ""vol_stop"": 0.0, ""market_exit"": ""none""}"
