system,CAGR %,vol %,Sharpe,maxDD %,Calmar,trades/yr,win %,avg win %,avg loss %,invested %
momentum | M=none | stop=8%,17.6,29.1,0.4,-59.5,0.3,59.0,30.0,38.4,-10.8,96.0
momentum | M=none | stop=off,24.5,30.5,0.61,-56.1,0.44,37.0,39.0,43.7,-15.0,99.0
momentum | M=no_new | stop=8%,18.1,25.8,0.47,-53.5,0.34,47.0,29.0,42.9,-10.5,82.0
momentum | M=no_new | stop=off,21.7,28.6,0.55,-53.9,0.4,32.0,40.0,42.4,-14.4,89.0
momentum | M=cash | stop=8%,12.3,21.6,0.29,-41.8,0.29,75.0,36.0,21.8,-9.2,64.0
momentum | M=cash | stop=off,10.7,22.8,0.21,-44.1,0.24,58.0,40.0,22.2,-11.0,67.0
book_rules | M=none | stop=8%,18.6,20.8,0.6,-38.4,0.48,75.0,37.0,18.4,-7.0,73.0
book_rules | M=none | stop=off,21.2,21.5,0.71,-39.2,0.54,71.0,39.0,18.6,-7.1,75.0
book_rules | M=no_new | stop=8%,18.3,18.4,0.67,-32.6,0.56,58.0,37.0,20.2,-7.2,59.0
book_rules | M=no_new | stop=off,21.0,19.1,0.79,-29.9,0.7,54.0,40.0,20.1,-7.3,61.0
book_rules | M=cash | stop=8%,15.0,17.3,0.52,-35.1,0.43,70.0,40.0,15.5,-6.9,51.0
book_rules | M=cash | stop=off,18.2,18.0,0.68,-33.2,0.55,65.0,43.0,15.3,-6.9,52.0
blend_fixed | M=none | stop=8%,17.9,25.2,0.47,-53.7,0.33,91.0,35.0,20.9,-7.7,96.0
blend_fixed | M=none | stop=off,22.0,26.1,0.61,-51.1,0.43,79.0,38.0,21.0,-7.9,98.0
blend_fixed | M=no_new | stop=8%,18.0,21.9,0.55,-39.1,0.46,69.0,34.0,23.6,-8.0,76.0
blend_fixed | M=no_new | stop=off,20.4,23.0,0.63,-38.7,0.53,60.0,39.0,22.3,-8.4,79.0
blend_fixed | M=cash | stop=8%,14.3,20.1,0.41,-42.1,0.34,83.0,40.0,15.7,-7.3,65.0
blend_fixed | M=cash | stop=off,17.5,21.0,0.55,-38.7,0.45,76.0,42.0,15.9,-7.4,67.0
blend_wf | M=none | stop=8%,11.4,22.1,0.24,-59.0,0.19,100.0,38.0,16.2,-7.2,96.0
blend_wf | M=none | stop=off,12.1,23.1,0.26,-57.2,0.21,92.0,40.0,16.0,-7.7,98.0
blend_wf | M=no_new | stop=8%,14.1,18.9,0.43,-44.4,0.32,76.0,38.0,17.9,-7.4,76.0
blend_wf | M=no_new | stop=off,14.1,20.0,0.41,-42.5,0.33,70.0,40.0,17.3,-7.8,78.0
blend_wf | M=cash | stop=8%,9.8,17.5,0.22,-40.5,0.24,90.0,40.0,13.0,-6.7,65.0
blend_wf | M=cash | stop=off,11.0,18.4,0.27,-39.9,0.28,84.0,42.0,13.1,-7.0,66.0
Nifty 500 (price),11.9,16.1,0.36,-38.3,0.31,,,,,
Equal-weight liquid universe,15.4,22.6,0.42,-52.3,0.29,,,,,
