variant,CAGR %,vol %,Sharpe,maxDD %,Calmar,trades/yr,win %,avg win %,avg loss %,invested %
BASE: n=10 keep=30 weekly cost 0.3%,21.0,19.1,0.79,-29.9,0.7,54.0,40.0,20.1,-7.3,61.0
n=5,18.0,25.2,0.47,-37.4,0.48,32.0,40.0,19.8,-8.3,70.0
n=20,19.7,13.8,1.0,-19.1,1.03,79.0,41.0,19.7,-6.7,45.0
keep_rank=10,19.2,19.7,0.67,-29.8,0.64,70.0,40.0,16.2,-6.7,60.0
keep_rank=60,20.9,19.1,0.78,-29.9,0.7,54.0,40.0,20.1,-7.3,61.0
cost 0.6%/side,17.3,19.2,0.59,-33.4,0.52,54.0,38.0,20.4,-7.7,61.0
monthly rebalance,21.0,19.1,0.79,-29.9,0.7,54.0,40.0,20.1,-7.3,61.0
large/liquid only (>= Rs 25 Cr/day),16.5,14.9,0.71,-17.6,0.94,38.0,42.0,15.7,-6.3,40.0
no industry cap,21.1,19.2,0.78,-30.0,0.7,54.0,40.0,20.0,-7.2,61.0
with 8% stop,18.3,18.4,0.67,-32.6,0.56,58.0,37.0,20.2,-7.2,59.0
RANDOM picks from same pool (median of 20),21.05,18.6,0.81,-30.55,0.7,57.5,40.5,18.75,-6.6,61.0
Nifty 500 (price),11.9,16.1,0.36,-38.3,0.31,,,,,
Equal-weight liquid universe,15.4,22.6,0.42,-52.3,0.29,,,,,
