sym,entry_date,exit_date,entry,exit,ret,why
TATAELXSI,2016-01-07,2016-01-14,1067.15,947.45,-0.11748692587733678,stop
AUROPHARMA,2016-01-07,2016-01-14,853.5,816.0,-0.049664506151142374,rank
COSMOFIRST,2016-01-07,2016-01-14,204.53,179.73,-0.1265181754754804,stop
KRBL,2016-01-07,2016-01-14,230.9,225.05,-0.031174857297531333,rank
NATCOPHARM,2016-01-07,2016-01-15,605.0,556.4,-0.08584031801652903,stop
HIMATSEIDE,2016-01-07,2016-01-18,228.0,202.9,-0.11541918377192972,stop
TORNTPOWER,2016-01-07,2016-01-19,220.5,195.35,-0.11936662970521539,stop
TVTODAY,2016-01-07,2016-01-19,324.7,280.0,-0.14283178318447787,stop
NILKAMAL,2016-01-07,2016-01-19,1375.0,1108.9,-0.1983588508363635,stop
MARICO,2016-01-07,2016-01-29,224.05,213.25,-0.05390573867440307,rank
BERGEPAINT,2016-02-05,2016-02-11,162.62,148.81,-0.0904041366990529,stop
NILKAMAL,2016-02-05,2016-02-11,1289.0,1131.5,-0.12744671567106292,stop
TORNTPOWER,2016-02-05,2016-02-12,226.2,208.6,-0.08333210698496896,stop
TATAELXSI,2016-02-05,2016-02-12,1040.07,937.5,-0.10401853961752561,stop
VAKRANGEE,2016-02-05,2016-02-12,105.2,88.75,-0.16142301568441064,stop
INFY,2016-02-05,2016-02-12,587.75,547.35,-0.07431590616758821,stop
ASIANPAINT,2016-02-05,2016-02-12,889.0,860.0,-0.038416490438695106,rank
WELSPUNLIV,2016-02-05,2016-02-26,88.57,85.0,-0.046056621880997906,rank
MARICO,2016-02-05,2016-02-26,224.8,242.9,0.0740426427935943,rank
RUSHIL,2016-03-04,2016-03-14,24.79,21.77,-0.12708447236789033,stop
APOLLOHOSP,2016-02-05,2016-03-14,1434.0,1425.0,-0.01222955020920502,rank
PETRONET,2016-03-04,2016-03-21,126.53,124.25,-0.02390248755235902,rank
GMBREW,2016-03-14,2016-03-21,459.37,473.09,0.023697058601998222,rank
VAKRANGEE,2016-03-04,2016-03-22,111.95,102.48,-0.09007554872711021,stop
TORNTPOWER,2016-03-04,2016-03-30,225.5,222.2,-0.020537473170731735,rank
ASIANPAINT,2016-03-04,2016-03-30,886.6,864.0,-0.03132892397924658,rank
COSMOFIRST,2016-03-21,2016-03-30,180.0,181.3,0.0011879538888890373,rank
WELSPUNLIV,2016-03-14,2016-04-07,98.1,91.0,-0.07793252803261974,stop
ASIANPAINT,2016-04-06,2016-04-13,869.7,870.5,-0.005076653443716328,rank
PIDILITIND,2016-03-04,2016-05-09,303.8,297.08,-0.02797829585253464,rank
TORNTPOWER,2016-04-06,2016-05-09,235.1,226.9,-0.040660816248404896,rank
MARICO,2016-04-13,2016-05-09,258.2,245.65,-0.05430553505034852,rank
TVSMOTOR,2016-03-04,2016-05-09,287.45,303.0,0.04778127326491566,rank
HEROMOTOCO,2016-04-13,2016-05-23,3041.45,2902.0,-0.05156615495898331,rank
ASHOKLEY,2016-03-30,2016-05-23,54.0,50.0,-0.07962129629629622,rank
COSMOFIRST,2016-05-09,2016-05-23,249.33,229.3,-0.08584500982633458,stop
JSWSTEEL,2016-03-04,2016-06-06,116.11,137.0,0.17284672293514758,rank
INFY,2016-03-04,2016-06-13,587.8,588.4,-0.0049763599863899,rank
COSMOFIRST,2016-06-06,2016-06-13,236.13,229.17,-0.03528970257908781,rank
GRASIM,2016-05-09,2016-06-13,823.73,857.59,0.034868437849781,rank
RUSHIL,2016-05-23,2016-06-20,29.03,37.07,0.2693046376162591,rank
KAKATCEM,2016-06-13,2016-06-20,435.85,390.0,-0.11055750831708167,rank
WELSPUNLIV,2016-06-13,2016-06-29,113.0,103.7,-0.08779882035398223,stop
ANDHRSUGAR,2016-07-04,2016-07-29,51.8,48.16,-0.0758402810810811,stop
PIDILITIND,2016-05-23,2016-08-09,329.88,365.0,0.0998341366557538,rank
MFSL,2016-08-09,2016-08-17,523.0,502.0,-0.045903407265774354,rank
RAMCOCEM,2016-03-21,2016-08-17,402.0,542.55,0.3415412511194029,rank
KIRIINDUS,2016-06-13,2016-08-24,260.5,349.0,0.33170495585412674,rank
INDUSINDBK,2016-05-09,2016-08-31,1042.0,1168.0,0.11420586564299429,rank
EDELWEISS,2016-08-24,2016-09-14,58.0,53.815789473684205,-0.07770036070780406,stop
YESBANK,2016-05-09,2016-09-16,182.96,246.4,0.33867412330564073,rank
SUNDRMFAST,2016-09-16,2016-09-30,318.85,291.9,-0.09000712843029646,stop
MUTHOOTFIN,2016-06-20,2016-09-30,265.0,334.15,0.2533890843396225,rank
MFSL,2016-08-31,2016-09-30,568.8,548.1,-0.04216537816455679,rank
BAJFINANCE,2016-05-23,2016-09-30,78.01,104.0,0.3251754390462762,rank
KSL,2016-10-07,2016-10-18,338.0,325.0,-0.04422211538461529,rank
RICOAUTO,2016-10-07,2016-10-18,71.85,65.3,-0.096606990953375,stop
EICHERMOT,2016-10-07,2016-10-30,2634.0,2426.0,-0.08448525664388762,stop
JMFINANCIL,2016-11-01,2016-11-03,89.0,81.0,-0.09534012359550559,stop
GHCL,2016-08-17,2016-11-08,247.5,256.0,0.02814668282828281,rank
NILKAMAL,2016-10-18,2016-11-08,1710.0,1536.0,-0.10713577543859643,stop
EDELWEISS,2016-09-16,2016-11-08,56.63157894736842,59.263157894736835,0.040199009293680144,rank
TVSMOTOR,2016-10-18,2016-11-15,394.0,361.0,-0.0892455609137055,stop
BAJAJFINSV,2016-08-17,2016-11-16,276.7,288.5,0.03639897542464787,rank
SUDARSCHEM,2016-08-02,2016-11-16,314.5,344.95,0.09024929904610479,rank
MANAPPURAM,2016-04-06,2016-11-16,35.25,77.0,1.1713104397163123,rank
RUSHIL,2016-10-07,2016-11-22,51.42,46.58,-0.09955388525865427,stop
SWANCORP,2016-12-14,2016-12-15,208.4,175.0,-0.16529954414587333,stop
CARERATING,2016-12-14,2016-12-21,1475.0,1362.0,-0.08214219796610167,rank
GHCL,2016-12-14,2016-12-21,259.0,250.55,-0.03842102335907327,rank
MFSL,2016-12-14,2016-12-21,551.5,549.5,-0.009595747053490422,rank
TVSMOTOR,2016-12-14,2016-12-21,382.4,370.0,-0.03822350941422592,rank
SYNGENE,2016-12-14,2016-12-23,301.0,275.7,-0.08954059368770773,stop
ASTEC,2016-12-21,2016-12-23,673.1,608.64,-0.1011831261922449,stop
HCC,2016-12-14,2016-12-27,30.09,27.19,-0.10179113625789293,stop
JKPAPER,2016-12-14,2016-12-28,85.65,85.0,-0.013534559252772915,rank
BIOCON,2016-12-21,2016-12-28,161.67,153.37,-0.0570225748128903,rank
POWERGRID,2016-12-21,2016-12-28,102.66,102.1,-0.011413219364893812,rank
MRPL,2016-12-21,2016-12-28,93.1,88.5,-0.0551042266380235,rank
PNBGILTS,2016-12-14,2016-12-28,46.55,45.1,-0.03695368635875396,rank
ADANIENSOL,2016-12-21,2016-12-28,55.6,55.6,-0.005990999999999969,rank
CESC,2017-02-09,2017-02-16,81.0,84.3,0.03450566296296298,rank
MFSL,2017-02-09,2017-02-22,618.0,567.7,-0.08689496877022651,stop
MARUTI,2017-02-09,2017-03-03,6195.5,5924.0,-0.049550590589944266,rank
VAKRANGEE,2016-12-14,2017-03-10,134.0,154.05,0.14273945111940312,rank
COROMANDEL,2017-02-09,2017-03-10,344.0,320.05,-0.07519598706395336,rank
TATACOMM,2017-02-09,2017-03-27,474.98828491096526,451.4251405810683,-0.05530164254901959,rank
DALMIASUG,2017-03-10,2017-03-27,183.05,173.25,-0.059207543021032594,rank
VAKRANGEE,2017-03-27,2017-04-11,164.5,167.75,0.013647475683890686,rank
BIOCON,2017-02-09,2017-04-11,181.49,184.17,0.008687186787150747,rank
NILKAMAL,2017-03-03,2017-04-19,1946.9,1954.8,-0.0019575770712415563,rank
MANAPPURAM,2017-03-27,2017-04-19,96.55,92.9,-0.04356876126359388,rank
JSL,2017-04-11,2017-04-20,81.95,73.95,-0.1030266558877364,stop
YESBANK,2017-03-10,2017-04-26,294.0,312.0,0.054866693877551054,rank
NATCOPHARM,2017-02-16,2017-05-04,758.25,892.0,0.16934523969667015,rank
CHENNPETRO,2017-02-09,2017-05-04,367.0,379.0,0.026510656675749367,rank
RAIN,2017-05-04,2017-05-10,118.0,108.0,-0.09022905084745758,stop
SAMMAANCAP,2017-05-04,2017-05-11,958.25,969.4,0.005575084372554162,rank
LTF,2017-02-09,2017-05-11,108.95,135.0,0.23167705369435532,rank
BAJFINANCE,2017-04-26,2017-05-11,134.5,133.5,-0.013381401486988853,rank
BAJAJFINSV,2017-02-09,2017-05-18,366.5,440.5,0.19470931650750356,rank
CHENNPETRO,2017-05-11,2017-05-18,420.0,392.0,-0.07225826666666657,rank
NOCIL,2017-05-11,2017-05-23,110.3,98.2,-0.11503459836808694,stop
MFSL,2017-05-18,2017-05-25,668.0,565.0,-0.15925885479041912,stop
PETRONET,2017-05-18,2017-06-08,223.48,214.75,-0.044820866520493885,rank
ADANIENSOL,2017-05-25,2017-06-08,105.0,121.0,0.14547703809523793,rank
KEC,2017-05-11,2017-06-15,239.8,254.55,0.05515008736447036,rank
EICHERMOT,2017-05-25,2017-06-22,2743.0,2763.0,0.0012566048122493179,rank
JMFINANCIL,2017-04-26,2017-06-30,115.0,116.1,0.003516912173913145,rank
NATCOPHARM,2017-06-08,2017-06-30,998.1,937.75,-0.06609363816250868,rank
MOTILALOFS,2017-04-19,2017-07-21,195.75,266.75,0.35454355427841633,rank
VENKEYS,2017-04-19,2017-07-21,1226.0,2075.0,0.6823561786296901,rank
NBCC,2017-06-22,2017-07-21,70.2,72.63,0.028417003846153754,rank
JMFINANCIL,2017-07-07,2017-07-28,121.95,120.85,-0.014957050840508468,rank
JSWSTEEL,2017-07-07,2017-08-04,212.0,222.0,0.040896216981132216,rank
IIFL,2017-04-11,2017-08-11,225.84,269.55,0.18639357930393197,rank
CAPLIPOINT,2017-07-21,2017-09-05,695.5,654.9,-0.06401654335010787,rank
TIMETECHNO,2017-07-21,2017-09-12,84.35,96.5,0.1371887196206285,rank
KEI,2017-09-12,2017-09-14,328.6,298.0,-0.09855544126597682,stop
JMFINANCIL,2017-09-05,2017-09-26,150.5,136.95,-0.0954848335548173,stop
BAJAJFINSV,2017-08-04,2017-09-26,512.1,510.0,-0.010067193907440042,rank
BAJFINANCE,2017-07-21,2017-10-18,159.89,187.0,0.16254726999812386,rank
LTF,2017-07-28,2017-10-26,160.95,196.5,0.21356178005591797,rank
DHAMPURSUG,2017-10-26,2017-11-09,318.7,287.8,-0.10236651961091936,stop
GRAVITA,2017-10-18,2017-11-09,167.0,150.0,-0.10717754491017961,stop
EDELWEISS,2017-02-23,2017-11-09,67.57894736842105,146.8421052631579,1.1598793691588787,rank
KEI,2017-09-19,2017-11-16,337.3,322.15,-0.05063741669137267,rank
RAIN,2017-11-09,2017-11-20,365.0,320.0,-0.12854005479452058,stop
PAGEIND,2017-11-16,2017-11-30,23123.0,22589.0,-0.028946533711023625,rank
GOACARBON,2017-11-09,2017-12-05,894.4,787.0,-0.12535209861359564,stop
HSCL,2017-09-26,2017-12-07,127.0,156.9,0.22803159133858286,rank
IFBIND,2017-12-07,2017-12-13,1409.5,1281.8,-0.09604772174529974,stop
AVANTIFEED,2017-06-15,2017-12-14,466.67,848.33,0.8069463538903294,rank
GOACARBON,2017-12-14,2017-12-21,810.05,808.0,-0.008506546509474577,rank
DCMSHRIRAM,2017-11-09,2018-01-05,569.0,560.0,-0.021713462214411172,rank
VENKEYS,2017-11-30,2018-01-10,2821.6,2570.0,-0.0946260525942727,stop
SECURKLOUD,2017-12-21,2018-01-12,909.4,867.0,-0.05233582252034297,rank
GOACARBON,2018-01-12,2018-01-17,1180.0,1063.5,-0.1041283292372881,stop
MOTILALOFS,2018-01-12,2018-01-19,393.75,349.61,-0.11742098669206347,stop
DBL,2017-08-21,2018-01-19,570.0,940.65,0.6403764313157896,rank
BFINVEST,2017-11-23,2018-01-19,370.65,351.0,-0.058688360987454335,rank
IFBIND,2018-01-19,2018-01-29,1439.95,1355.0,-0.06463266432862258,rank
EVEREADY,2018-01-19,2018-01-29,445.8,430.0,-0.04122056976222521,rank
GPIL,2018-01-29,2018-01-31,29.89,26.01,-0.135022613248578,stop
BALAMINES,2017-12-14,2018-02-05,630.05,580.1,-0.08479545924926579,rank
AUTOAXLES,2018-01-19,2018-02-05,1670.0,1450.0,-0.13693829341317365,stop
VAKRANGEE,2017-05-11,2018-02-05,176.95,236.4,0.3279668132240747,rank
MAITHANALL,2017-12-07,2018-02-05,700.0,782.25,0.11080505749999991,rank
BEPL,2017-06-08,2018-02-05,29.27,106.5,2.61673927229245,rank
SURYAROSNI,2018-01-05,2018-02-05,99.58,90.68,-0.09483092870054222,rank
DELTACORP,2018-01-19,2018-03-07,322.1,326.9,0.008821925178515988,rank
GPIL,2018-05-07,2018-05-10,26.72,24.4,-0.09229717065868259,stop
JAMNAAUTO,2018-05-07,2018-05-11,99.95,90.7,-0.09798282841420702,stop
NOCIL,2018-05-07,2018-05-14,222.5,204.3,-0.08729870247191007,rank
KEC,2018-05-07,2018-05-14,425.0,405.0,-0.05276789411764704,rank
ASHOKLEY,2018-05-07,2018-05-16,82.38,75.72,-0.0863515236707938,stop
DBL,2018-05-07,2018-05-23,1173.15,1070.0,-0.09338990751395826,stop
LUXIND,2018-05-14,2018-05-31,2067.95,1842.0,-0.11459920307550941,stop
KEI,2018-05-14,2018-06-06,441.95,389.9,-0.12305892272881547,stop
JAMNAAUTO,2018-05-14,2018-06-06,94.45,84.75,-0.10807556643726846,stop
PIDILITIND,2018-05-07,2018-06-18,536.0,545.0,0.010699449626865754,rank
HEGAM,2018-05-14,2018-06-25,228.71,223.5,-0.02863446504306766,rank
UBL,2018-06-18,2018-06-28,1270.8,1156.5,-0.09539549220963173,stop
LTTS,2018-06-04,2018-06-29,1327.0,1185.0,-0.11235820271288621,stop
JSWSTEEL,2018-06-18,2018-07-02,331.8,327.0,-0.020370877034358026,rank
VIPIND,2018-05-07,2018-07-09,399.15,418.5,0.04219658399098081,rank
LTTS,2018-07-30,2018-08-03,1539.65,1410.0,-0.08969396291364928,stop
LTM,2018-07-30,2018-08-06,1827.95,1689.1,-0.08149533526628194,rank
DMART,2018-08-06,2018-08-29,1657.8,1592.0,-0.04544436723368317,rank
BAJAJFINSV,2018-06-25,2018-08-29,620.0,697.5,0.11826012499999994,rank
JUBLFOOD,2018-05-07,2018-09-05,256.76,287.28,0.11216274154852779,rank
BRITANNIA,2018-05-07,2018-09-05,2692.25,3134.0,0.1571080716872506,rank
HAVELLS,2018-08-29,2018-09-06,719.8,665.7,-0.08070048444012212,stop
TATAELXSI,2018-05-28,2018-09-12,1239.0,1307.5,0.04896429983857953,rank
HEGAM,2018-07-30,2018-09-12,292.86,287.5,-0.024183611623301182,rank
BAJFINANCE,2018-08-06,2018-09-12,269.39,261.8,-0.033996970191914944,rank
GRAPHITE,2018-05-21,2018-09-12,790.0,1004.0,0.2632721974683543,rank
VIPIND,2018-07-30,2018-09-21,472.2,532.9,0.1217860993223212,rank
RADICO,2018-09-12,2018-09-21,440.0,416.0,-0.060209672727272734,rank
PGHL,2018-08-29,2018-09-25,3155.0,2771.0,-0.12697339492868465,stop
COFORGE,2018-09-12,2018-09-27,259.8,233.24,-0.10761101170130871,stop
ABBOTINDIA,2018-09-12,2018-09-28,8360.0,7808.0,-0.07162413014354063,rank
SONATSOFTW,2018-09-12,2018-10-05,138.75,121.93,-0.1264899649009008,stop
LTM,2018-09-05,2018-10-08,1809.95,1780.0,-0.02243928285311747,rank
LTTS,2018-09-05,2018-10-08,1738.05,1522.25,-0.12940928037168087,stop
PAGEIND,2018-06-18,2018-10-08,26525.0,29201.0,0.0942905488784167,rank
JSWSTEEL,2018-09-12,2018-10-12,395.1,365.0,-0.08171783092887874,stop
LTTS,2018-11-06,2018-11-14,1679.9,1606.0,-0.049718165366986145,rank
PGHL,2018-11-06,2018-11-14,3050.05,2960.0,-0.03533822724217639,rank
WSTCSTPAPR,2018-11-06,2018-11-19,399.9,367.0,-0.08776868467116772,stop
INTELLECT,2018-11-14,2018-11-20,260.25,236.9,-0.09517490067243028,stop
JKPAPER,2018-11-06,2018-11-21,179.75,165.75,-0.083410337969402,rank
ANDHRAPAP,2018-11-06,2018-11-27,105.54,96.8,-0.08830707599014598,stop
UBL,2018-11-21,2018-11-29,1290.0,1248.7,-0.037814698992247986,rank
BAJFINANCE,2018-11-21,2018-11-29,238.9,243.5,0.013148562159899457,rank
GRAPHITE,2018-11-06,2018-11-29,977.9,928.8,-0.05589982697617346,rank
USHAMART,2018-11-06,2018-11-29,41.35,38.4,-0.07690578960096739,stop
UNIVCABLES,2018-11-14,2018-12-06,282.7,267.0,-0.06119418818535549,rank
HEGAM,2018-11-06,2018-12-06,299.29,285.36,-0.052255644224665,rank
HCLTECH,2018-11-29,2018-12-11,521.65,470.5,-0.10345780791718573,stop
PGHL,2018-11-21,2018-12-13,2939.0,2859.0,-0.033048067029601835,rank
ATUL,2018-12-06,2018-12-13,3435.0,3300.0,-0.04505685589519648,rank
JKPAPER,2018-12-06,2018-12-13,161.7,159.75,-0.01797812152133571,rank
TCS,2018-11-29,2018-12-20,1997.0,1953.8,-0.027493848673009524,rank
GFLLIMITED,2018-11-29,2018-12-20,100.70187886700346,104.33666345007663,0.029887263933959574,rank
DIVISLAB,2018-11-06,2019-01-04,1466.0,1437.9,-0.02504396923601626,rank
HAVELLS,2018-11-06,2019-01-18,649.9,677.55,0.03629911978765965,rank
TORNTPHARM,2018-11-29,2019-02-08,846.0,903.98,0.06213269009456268,rank
PGHL,2019-03-11,2019-03-26,3430.0,3280.0,-0.04946078134110787,rank
BAJFINANCE,2019-03-11,2019-04-09,276.9,301.65,0.0828559582881907,rank
ABFRL,2019-03-11,2019-04-09,81.25673917084961,78.34169920059492,-0.04165051569506728,rank
RBLBANK,2019-03-11,2019-04-16,642.4,670.0,0.03671548879202979,rank
IOLCP,2019-04-16,2019-04-25,39.28,38.0,-0.03838233197556007,rank
PFC,2019-03-26,2019-05-06,95.24,90.84,-0.05191329735405281,rank
HAVELLS,2019-03-11,2019-05-13,729.45,731.9,-0.002652427034066762,rank
MUTHOOTFIN,2019-03-11,2019-05-13,573.5,570.8,-0.010670728509154292,rank
BATAINDIA,2018-11-29,2019-05-13,1002.0,1349.0,0.33824165768463077,rank
DIVISLAB,2019-03-11,2019-05-13,1650.1,1652.8,-0.004364538391612549,rank
HCLTECH,2019-04-25,2019-05-20,570.5,532.5,-0.07220018843120068,rank
RBLBANK,2019-05-13,2019-05-20,675.3,674.0,-0.0079045372427069,rank
CGCL,2019-05-13,2019-06-11,40.1,40.82,0.011856543142144682,rank
PGHL,2019-04-09,2019-06-18,3820.0,3818.05,-0.006498412971204126,rank
DCMSHRIRAM,2019-05-06,2019-06-18,464.0,484.75,0.03846091109913785,rank
PVRINOX,2019-04-09,2019-06-18,1681.4,1626.0,-0.03874233733793275,rank
IGL,2019-05-20,2019-06-25,154.5,154.55,-0.005669314239482026,rank
BALRAMCHIN,2019-03-11,2019-06-25,136.0,136.6,-0.0016056661764706215,rank
ICICIGI,2019-05-20,2019-07-02,1131.0,1108.85,-0.025458108178603056,rank
GODREJPROP,2019-07-02,2019-07-03,1091.0,964.9,-0.12088058285976166,stop
HAVELLS,2019-06-25,2019-07-09,782.55,750.0,-0.04733659191105988,rank
DCBBANK,2019-05-13,2019-07-09,216.0,221.0,0.017018467592592623,rank
BAJAJFINSV,2019-06-18,2019-07-09,814.4,759.0,-0.07360899926326114,rank
HDFCBANK,2019-05-13,2019-07-16,574.02,604.5,0.0467900778718513,rank
DCMSHRIRAM,2019-06-25,2019-07-16,517.15,532.0,0.02255204099390906,rank
BAJFINANCE,2019-06-11,2019-07-16,353.7,343.34,-0.035105880520214905,rank
TITAN,2019-03-11,2019-07-16,1058.0,1092.0,0.025952578449905506,rank
JUSTDIAL,2019-07-09,2019-07-23,770.0,750.0,-0.031809415584415524,rank
VBL,2019-07-16,2019-07-23,56.56,53.91,-0.05256320385431412,rank
PFC,2019-06-18,2019-07-23,102.84,96.72,-0.0651443943990665,rank
VGUARD,2019-07-09,2019-07-23,233.1,225.6,-0.03797327155727148,rank
BALRAMCHIN,2019-07-09,2019-07-23,154.8,148.5,-0.04644485465116288,rank
SYNGENE,2019-07-23,2019-07-30,328.0,313.6,-0.049630419512195045,rank
SOBHA,2019-06-18,2019-07-30,537.77,534.36,-0.012294011863807852,rank
COFORGE,2019-07-23,2019-07-30,268.66,240.0,-0.11202947963969334,stop
TORNTPOWER,2019-07-23,2019-08-06,308.7,287.75,-0.07344966067379322,stop
APOLLOHOSP,2019-07-23,2019-08-06,1368.5,1290.0,-0.06300941907197655,rank
POWERGRID,2019-07-16,2019-08-06,115.49,113.12,-0.026389314399515085,rank
PGHL,2019-07-16,2019-08-22,4333.65,4315.0,-0.010268749206788663,rank
HDFCLIFE,2019-07-16,2019-11-07,493.4,587.9,0.18438972659100128,rank
SBILIFE,2019-07-09,2019-11-15,755.0,1008.2,0.3273640712582784,rank
ASIANPAINT,2019-09-23,2019-11-22,1697.85,1710.0,0.0011222369467269733,rank
WHIRLPOOL,2019-11-15,2019-11-27,2282.25,2050.0,-0.10714494468178326,stop
MANAPPURAM,2019-11-07,2019-12-02,171.0,154.6,-0.1013228573099415,stop
HDFCAMC,2019-07-23,2019-12-06,1095.0,1612.5,0.46378037671232875,rank
BAJFINANCE,2019-09-23,2019-12-06,382.0,401.0,0.043449238219895436,rank
RITES,2019-11-22,2019-12-11,149.0,132.7,-0.11473158187919463,stop
WHIRLPOOL,2019-12-06,2019-12-18,2390.0,2165.0,-0.0995692531380753,stop
LALPATHLAB,2019-09-23,2019-12-20,668.13,747.5,0.11209155029709783,rank
AGROPHOS,2019-12-06,2019-12-27,137.85,98.75,-0.28793334240116064,stop
ABBOTINDIA,2019-09-23,2020-01-13,10400.0,12632.5,0.2073864127403846,rank
BERGEPAINT,2019-09-23,2020-02-07,336.67,480.83,0.4196374713220661,rank
MANAPPURAM,2019-12-20,2020-02-07,174.9,170.45,-0.0312816806746713,rank
AVANTIFEED,2019-12-30,2020-02-07,579.0,627.0,0.07641389119171005,rank
MUTHOOTFIN,2020-02-07,2020-02-14,764.0,744.85,-0.030906277945026206,rank
IGL,2019-09-23,2020-02-24,171.18,229.98,0.33544917525411844,rank
ADANIGREEN,2019-12-06,2020-02-24,129.6,191.45,0.4683875235339505,rank
DIXON,2019-12-13,2020-02-24,697.39,857.5,0.22221815268357736,rank
AMBER,2020-02-07,2020-02-28,1569.4,1370.05,-0.13225307095068184,stop
BAJAJFINSV,2019-11-07,2020-03-02,879.8,930.0,0.050725585360309244,rank
GMMPFAUDLR,2020-02-24,2020-03-02,1102.97,966.67,-0.12882609678413737,stop
APLAPOLLO,2020-02-14,2020-03-03,203.01,182.11,-0.10832481656076043,stop
WELCORP,2020-02-07,2020-03-03,199.35,172.0,-0.14236494607474282,stop
BAJFINANCE,2020-01-13,2020-03-09,416.8,407.0,-0.029362612763915608,rank
AUBANK,2020-02-24,2020-03-11,585.48,531.5,-0.0976364974038395,stop
MUTHOOTFIN,2020-02-24,2020-03-13,901.9,691.3,-0.2380991000110877,stop
DEEPAKNTR,2019-12-20,2020-03-17,363.25,425.0,0.16298368891947712,rank
GUJENERGY,2019-11-29,2020-03-17,175.19,213.24,0.2099005603059536,rank
DMART,2020-04-09,2020-04-16,2392.65,2151.0,-0.10638273086326877,stop
NAVINFLUOR,2020-04-09,2020-04-16,1544.0,1425.0,-0.08260179727979278,stop
MIDHANI,2020-04-20,2020-04-22,227.8,210.5,-0.08147983099209832,stop
ABBOTINDIA,2020-04-09,2020-04-23,17929.9,16440.0,-0.08858900718910878,stop
HINDUNILVR,2020-04-09,2020-04-27,2459.13,2267.36,-0.08350666852098099,stop
DABUR,2020-04-09,2020-05-05,501.0,471.0,-0.06551249700598805,rank
DIXON,2020-05-05,2020-05-11,929.2,859.8,-0.08023144834266038,stop
ALKEM,2020-04-09,2020-05-18,2700.0,2486.0,-0.08477541703703695,stop
NESTLEIND,2020-04-09,2020-05-19,871.85,814.01,-0.0719352341687216,rank
MUTHOOTFIN,2020-04-27,2020-05-27,828.0,817.0,-0.0191964335748791,rank
ABBOTINDIA,2020-04-27,2020-06-10,16599.0,16350.0,-0.020902033255015384,rank
IOLCP,2020-06-03,2020-06-17,78.6,69.6,-0.11980882442748086,stop
DEEPAKNTR,2020-04-09,2020-06-17,452.0,472.0,0.03799169911504441,rank
DMART,2020-04-27,2020-06-24,2300.0,2397.8,0.03627599139130444,rank
GMMPFAUDLR,2020-04-20,2020-06-24,1073.1,1376.67,0.27520489239586254,rank
ASTEC,2020-06-24,2020-06-25,937.33,793.93,-0.15806219221618856,stop
ADANIGREEN,2020-06-03,2020-07-01,287.4,340.95,0.17921840135699374,rank
GUJENERGY,2020-06-24,2020-07-29,248.33,244.88,-0.019800572141908,rank
NAVINFLUOR,2020-06-17,2020-08-05,1622.0,1767.2,0.0829918032059187,rank
DIXON,2020-06-03,2020-08-05,1052.98,1570.0,0.4820738570533154,rank
MUTHOOTFIN,2020-06-17,2020-08-12,982.0,1155.0,0.16912463849287174,rank
COROMANDEL,2020-05-12,2020-08-19,615.0,736.7,0.19070964276422786,rank
MARKSANS,2020-08-19,2020-08-31,53.3,47.6,-0.11229215009380855,stop
POLYPLEX,2020-08-19,2020-09-01,770.0,683.0,-0.1183011077922077,stop
DHANUKA,2020-07-29,2020-09-02,829.6,776.0,-0.07021337512054004,rank
APLLTD,2020-04-09,2020-09-02,637.7,915.0,0.4262478202916731,rank
AARTIDRUGS,2020-06-10,2020-09-02,247.55,718.5,1.885055409008281,rank
LTFOODS,2020-08-19,2020-09-08,57.75,52.0,-0.10496159307359298,stop
UFLEX,2020-08-19,2020-09-08,359.0,329.85,-0.08670231573816145,stop
TATAELXSI,2020-09-09,2020-09-23,1209.0,1247.95,0.026032697725393072,rank
EIDPARRY,2020-07-01,2020-09-23,275.0,290.0,0.048227672727272575,rank
ASTEC,2020-07-01,2020-09-30,784.0,1087.68,0.3790353432653062,rank
DIVISLAB,2020-09-02,2020-10-15,3247.3,3140.0,-0.038835875958488586,rank
NUCLEUS,2020-10-08,2020-10-16,700.95,644.2,-0.08646751152007992,stop
MASTEK,2020-10-08,2020-10-19,886.0,816.9,-0.08351472674943572,stop
ALKYLAMINE,2020-04-20,2020-10-22,626.0,1234.4,0.9600714210862622,rank
AARTIDRUGS,2020-10-15,2020-10-22,837.95,769.1,-0.087663557610836,stop
MASTEK,2020-10-22,2020-10-29,800.0,781.0,-0.029598713750000005,rank
NUCLEUS,2020-10-22,2020-11-04,606.0,526.0,-0.13721331023102312,stop
CDSL,2020-09-02,2020-11-05,205.18,232.05,0.1241826125840726,rank
LAURUSLABS,2020-09-02,2020-11-05,226.94,281.15,0.23145161870979103,rank
THYROCARE,2020-11-05,2020-11-11,382.67,347.87,-0.09638615300389364,stop
MARKSANS,2020-11-05,2020-11-12,52.6,48.95,-0.07496690969581743,rank
IPCALAB,2020-09-02,2020-11-12,1011.9,1024.0,0.005895064729716459,rank
INDIAMART,2020-09-02,2020-11-19,1900.0,2397.5,0.25428240921052625,rank
PIIND,2020-11-12,2020-11-26,2296.15,2220.0,-0.038956522875247646,rank
GLOBUSSPR,2020-11-12,2020-12-18,329.0,324.0,-0.021097519756838823,rank
GRANULES,2020-10-22,2020-12-18,384.0,378.25,-0.020875249348958347,rank
TANLA,2020-09-09,2020-12-28,248.4,687.0,1.7491311714975843,rank
NAVINFLUOR,2020-11-19,2021-01-18,2603.95,2490.0,-0.04948927206743592,rank
AFFLE,2020-12-18,2021-01-18,799.6,727.26,-0.09591922793896945,stop
GPIL,2021-01-18,2021-01-25,27.75,24.55,-0.12061546126126121,stop
DIVISLAB,2020-12-28,2021-01-25,3760.0,3562.0,-0.05833509095744682,rank
INTELLECT,2020-11-12,2021-01-25,245.9,320.1,0.2939499019926801,rank
MARKSANS,2020-11-26,2021-01-25,58.3,56.8,-0.03156584562607201,rank
JKTYRE,2021-01-25,2021-01-29,143.0,126.05,-0.12381234650349648,stop
EVEREADY,2020-12-18,2021-02-02,190.5,193.9,0.011749843044619457,rank
LAURUSLABS,2021-01-18,2021-02-04,373.0,342.95,-0.08607134973190345,stop
MASTEK,2020-11-05,2021-02-09,912.0,1140.0,0.24251124999999996,rank
INDIAMART,2020-12-28,2021-02-09,3129.98,4500.0,0.4290955533262193,rank
INTELLECT,2021-02-09,2021-02-10,480.0,441.0,-0.08675423125000004,stop
MASTEK,2021-02-16,2021-02-23,1226.05,1138.95,-0.07660654088332441,rank
CEATLTD,2021-01-25,2021-02-23,1507.95,1545.0,0.018431582612155495,rank
LTM,2021-01-25,2021-02-23,3954.0,3800.85,-0.04449187970409707,rank
APLAPOLLO,2020-10-29,2021-03-17,320.0,550.7,0.7106273634375002,rank
EVEREADY,2021-02-09,2021-03-17,235.45,282.4,0.19221975621151,rank
TANLA,2021-02-23,2021-03-24,950.0,870.0,-0.08969702105263155,stop
MANALIPETC,2021-03-17,2021-03-26,65.0,60.4,-0.07633625230769236,stop
TATAELXSI,2020-10-22,2021-04-01,1550.0,2707.0,0.7359886212903226,rank
APLAPOLLO,2021-04-01,2021-04-06,711.5,618.98,-0.1352470965284609,stop
SUPREMEIND,2021-02-02,2021-04-09,1820.0,1990.0,0.08685599450549453,rank
BEPL,2021-04-09,2021-04-13,109.93,100.0,-0.09578004184481037,stop
DIXON,2021-02-09,2021-04-19,3520.0,3560.0,0.0053045568181819824,rank
VAIBHAVGBL,2021-02-23,2021-05-04,677.54,869.99,0.2763495733240844,rank
INTELLECT,2021-03-17,2021-05-04,605.8,714.0,0.17154576758005957,rank
MOREPENLAB,2021-05-04,2021-05-05,72.05,62.55,-0.13705394934073556,stop
FINPIPE,2021-05-04,2021-05-19,160.0,152.5,-0.052585171875,rank
PRAJIND,2021-05-19,2021-05-25,366.95,334.0,-0.09524729254666853,stop
RHIM,2021-05-19,2021-05-25,337.1,310.0,-0.08590094927321279,stop
BEPL,2021-04-19,2021-06-02,106.67,104.73,-0.02406897375082029,rank
ALKYLAMINE,2021-03-24,2021-06-09,2332.0,3630.0,0.5472781603773584,rank
RHIM,2021-05-26,2021-06-16,324.0,309.35,-0.0509361600308641,rank
CDSL,2021-03-17,2021-06-23,315.0,489.85,0.5457628846031746,rank
NCLIND,2021-06-16,2021-06-30,218.4,215.0,-0.021465499084249107,rank
MANALIPETC,2021-04-01,2021-07-14,60.6,81.55,0.33764742491749167,rank
BEPL,2021-06-09,2021-07-14,125.0,116.67,-0.07223175975999996,rank
BALAMINES,2021-02-23,2021-07-22,1605.05,2830.0,0.7526217064888945,rank
MOTILALOFS,2021-07-14,2021-07-22,254.51,268.75,0.04962444992338222,rank
LAURUSLABS,2021-04-19,2021-07-29,437.0,624.65,0.42084146876430206,rank
MASTEK,2021-04-09,2021-08-05,1367.0,2515.0,0.828772959034382,rank
WELSPUNLIV,2021-07-29,2021-08-11,141.95,123.75,-0.13343702888340958,stop
RUPA,2021-07-14,2021-08-12,484.85,464.5,-0.04771129112096528,rank
ASTRAL,2021-06-23,2021-08-12,1503.86,1496.25,-0.011020995139175094,rank
HGS,2021-08-12,2021-08-17,1777.5,1550.03,-0.13319619112798875,stop
GPIL,2021-02-02,2021-08-20,25.37,61.5,1.4096000591249505,rank
LUXIND,2021-06-02,2021-08-20,3000.0,3900.0,0.2922117000000002,rank
PANAMAPET,2021-08-05,2021-08-20,301.0,270.0,-0.10836401993355482,stop
TNPETRO,2021-07-22,2021-08-20,122.0,117.15,-0.04550693155737695,rank
COSMOFIRST,2021-05-26,2021-08-20,537.33,873.33,0.6155767963262799,rank
ICIL,2021-08-12,2021-08-24,247.55,221.0,-0.11259951928903256,stop
GOLDIAM,2021-08-20,2021-08-24,117.89,105.26,-0.11248293035880896,stop
APLAPOLLO,2021-07-22,2021-08-27,803.45,825.0,0.020670141265791253,rank
GOODLUCK,2021-08-20,2021-08-27,90.0,89.3,-0.01372218111111112,rank
CARBORUNIV,2021-08-27,2021-09-20,764.8,859.15,0.11663550254968613,rank
SSWL,2021-08-20,2021-09-20,169.37,170.5,0.0006408130129302858,rank
LALPATHLAB,2021-08-20,2021-09-27,1991.0,1954.5,-0.024213666248116494,rank
APLAPOLLO,2021-09-20,2021-09-28,945.95,873.9,-0.08170150103070994,stop
BALAMINES,2021-08-20,2021-10-11,3345.0,4525.0,0.3446609043348281,rank
MANALIPETC,2021-10-04,2021-10-20,130.0,118.85,-0.0912463873076923,stop
HAVELLS,2021-09-20,2021-10-22,1460.0,1290.0,-0.12173177397260271,stop
MASTEK,2021-09-27,2021-10-22,3140.0,2849.0,-0.09811094235668794,stop
GLOBUSSPR,2021-06-30,2021-10-26,678.1,1120.0,0.6417786167231971,rank
ICIL,2021-08-27,2021-10-26,237.8,270.0,0.12860567703952897,rank
DEEPAKNTR,2021-08-20,2021-10-26,2114.0,2350.0,0.10497689214758754,rank
SRF,2021-08-27,2021-10-26,1825.0,2069.45,0.12715173975342453,rank
ONGC,2021-10-26,2021-10-29,163.55,149.9,-0.08895170223173343,stop
MANALIPETC,2021-10-26,2021-11-02,111.85,123.0,0.09309885561019238,rank
TNPETRO,2021-10-26,2021-11-02,125.85,124.75,-0.014679199443782154,rank
GRINDWELL,2021-10-26,2021-11-10,1538.0,1690.0,0.09224656046814061,rank
HGINFRA,2021-08-20,2021-11-10,566.0,735.9,0.29238731996466427,rank
GOLDIAM,2021-08-27,2021-11-10,101.35,143.01,0.4025972085841145,rank
JSL,2021-11-02,2021-11-12,198.5,180.95,-0.09387441536523933,stop
FINPIPE,2021-10-26,2021-11-17,227.1,219.6,-0.03881824570673709,rank
TCIEXP,2021-11-02,2021-11-17,1881.0,1990.0,0.051609734183944767,rank
GRAVITA,2021-11-10,2021-11-22,225.15,201.8,-0.1090783202309571,stop
IEX,2021-11-17,2021-11-29,273.3,250.0,-0.0907345407976583,stop
MANALIPETC,2021-11-10,2021-11-30,124.6,109.75,-0.12445836476725514,stop
CENTURYPLY,2021-11-10,2021-11-30,651.0,577.9,-0.11760706436251922,stop
AMBIKCO,2021-10-11,2021-12-02,1950.0,1879.0,-0.042183122564102504,rank
NETWORK18,2021-10-26,2021-12-02,76.8,71.35,-0.07652939908854173,rank
JSL,2022-01-06,2022-01-13,199.0,192.7,-0.03745962663316582,rank
MONTECARLO,2022-01-13,2022-01-25,676.45,581.3,-0.14580910385098678,stop
KPRMILL,2022-01-06,2022-01-28,695.0,665.0,-0.04889786330935242,stop
TANLA,2021-11-17,2022-01-28,1392.2,1650.0,0.17807416319494318,rank
VTL,2022-01-06,2022-02-04,503.94,485.72,-0.04192949263801238,rank
GLOBUSSPR,2022-01-06,2022-02-09,1533.0,1347.9,-0.12601126477495106,stop
GREENPANEL,2021-11-02,2022-02-11,385.0,486.0,0.25477499740259746,rank
BCG,2021-11-17,2022-02-11,62.28,85.95,0.37178987716763,rank
SRF,2022-02-11,2022-02-15,2560.0,2380.0,-0.07588225781250002,stop
DEEPAKFERT,2022-02-11,2022-02-15,582.1,535.8,-0.08505407627555406,stop
MANINFRA,2021-10-26,2022-02-18,74.47,112.5,0.5016249832147173,rank
COSMOFIRST,2022-02-11,2022-02-22,1169.9,974.23,-0.1722425950337636,stop
NATIONALUM,2022-02-11,2022-02-22,124.0,109.7,-0.12062268306451618,stop
RHIM,2022-02-18,2022-02-23,553.0,495.0,-0.11024510849909575,stop
FILATEX,2022-02-11,2022-02-23,62.45,57.25,-0.0887587630104083,stop
GOKEX,2022-02-11,2022-02-25,375.0,340.0,-0.09876517333333334,stop
ANGELONE,2022-02-18,2022-02-25,129.0,129.8,0.00017339689922479806,rank
SRF,2022-02-18,2022-02-25,2406.5,2355.0,-0.027263164346561397,rank
GNFC,2022-02-11,2022-02-25,560.0,524.0,-0.06989157857142858,stop
DEEPAKFERT,2022-02-18,2022-03-29,555.4,524.0,-0.062188123874684864,rank
MAITHANALL,2022-03-22,2022-03-29,1438.0,1318.5,-0.08859466863699572,stop
GRAVITA,2022-01-06,2022-04-05,301.8,327.55,0.07881924436713073,rank
GLOBUSSPR,2022-03-29,2022-04-13,1600.0,1469.55,-0.08703379628125008,stop
GOKEX,2022-03-22,2022-04-21,390.9,375.6,-0.04489695471987709,rank
MAITHANALL,2022-04-21,2022-04-26,1471.25,1328.0,-0.10277386440101954,stop
GMDCLTD,2022-03-29,2022-04-28,192.35,196.95,0.017780465557577507,rank
SRF,2022-03-22,2022-04-28,2613.95,2510.0,-0.045520155320491806,rank
AVADHSUGAR,2022-03-22,2022-05-05,772.3,675.9,-0.13006515201346613,stop
ANGELONE,2022-03-22,2022-05-09,164.0,140.5,-0.14842521646341467,stop
EASEMYTRIP,2022-04-05,2022-05-13,23.7,21.86,-0.08316300675105481,stop
SARDAEN,2022-03-22,2022-05-13,112.85,100.9,-0.11124937439078408,stop
COSMOFIRST,2022-03-22,2022-05-13,1176.6,1133.33,-0.04254613295087539,rank
GNFC,2022-03-22,2022-05-13,762.0,703.0,-0.08295495144356957,stop
FINEORG,2022-06-03,2022-06-06,5550.0,5147.9,-0.07800739980180182,stop
RAYMOND,2022-06-03,2022-06-06,258.4,220.28,-0.15263040820433427,stop
GOKEX,2022-06-03,2022-06-08,481.0,441.2,-0.08823956174636183,stop
GHCL,2022-06-03,2022-06-17,667.0,600.0,-0.10583898050974516,stop
DEEPAKFERT,2022-06-03,2022-06-17,682.0,576.0,-0.1604850674486803,stop
EIDPARRY,2022-06-03,2022-06-20,541.0,494.95,-0.09060119306839187,stop
HAL,2022-06-03,2022-06-21,954.0,879.5,-0.08361539255765194,stop
MRPL,2022-06-03,2022-06-24,82.55,87.0,0.04759276801938239,rank
CHENNPETRO,2022-04-21,2022-06-24,238.0,308.5,0.288452842436975,rank
HBLENGINE,2022-07-08,2022-07-15,94.6,87.85,-0.07691658932346712,rank
EIDPARRY,2022-07-15,2022-07-29,550.0,555.3,0.0035876321818180124,rank
GHCL,2022-07-08,2022-08-05,621.4,613.45,-0.01870804465722553,rank
BLS,2022-06-03,2022-08-16,94.0,117.73,0.24494339968085121,rank
VOLTAMP,2022-07-08,2022-08-17,3152.0,2820.0,-0.1106899175126903,stop
APARINDS,2022-07-08,2022-09-06,1000.0,1227.9,0.22054365110000007,rank
MandM,2022-07-08,2022-09-13,1184.95,1309.95,0.09886669441748608,rank
TIMKEN,2022-07-08,2022-09-20,2526.05,2908.65,0.14456336091922162,rank
BLUEDART,2022-07-08,2022-09-20,8112.05,8600.0,0.053799890286672314,rank
VINYLINDIA,2022-09-20,2022-09-23,833.0,708.5,-0.15455537034813915,stop
WSTCSTPAPR,2022-08-22,2022-09-27,554.05,477.0,-0.1442247215955238,stop
MAZDOCK,2022-09-20,2022-09-27,232.1,212.75,-0.08886077229642397,stop
MAHSEAMLES,2022-07-08,2022-09-27,324.52,372.5,0.14097236688031556,rank
HAL,2022-09-13,2022-09-27,1316.65,1175.0,-0.11293010671021153,stop
DEEPAKFERT,2022-08-05,2022-09-27,839.6,835.0,-0.011436975940924188,rank
RAJRATAN,2022-07-29,2022-10-12,907.0,1215.05,0.33161040292171995,rank
KPIGREEN,2022-08-22,2022-10-27,97.0,82.22,-0.157449278556701,stop
DEEPAKFERT,2022-10-27,2022-11-02,1018.95,923.05,-0.09954364056136222,stop
APARINDS,2022-10-27,2022-11-03,1540.0,1400.0,-0.09635545454545458,stop
FINEORG,2022-07-08,2022-11-03,4989.5,6000.0,0.19532097404549553,rank
FCL,2022-09-06,2022-11-03,34.06,31.5,-0.08070218731650025,rank
MAZDOCK,2022-11-03,2022-11-11,364.85,387.5,0.055717383856379366,rank
ALLCARGO,2022-11-03,2022-11-11,22.36,22.41,-0.0037682607334525997,rank
HAL,2022-10-27,2022-11-11,1257.4,1232.0,-0.02607039287418489,rank
DCW,2022-10-27,2022-11-14,59.35,53.3,-0.10731794945240103,stop
TRITURBINE,2022-10-27,2022-11-18,295.0,278.0,-0.06327287457627118,rank
GRSE,2022-11-03,2022-11-18,494.0,496.2,-0.0015642392712550413,rank
RCF,2022-10-27,2022-11-18,102.8,99.35,-0.03935025145914395,rank
BDL,2022-10-27,2022-11-18,498.0,471.0,-0.05988305421686746,rank
AXISCADES,2022-11-18,2022-11-24,320.65,281.0,-0.12890525806954622,stop
KIRLOSENG,2022-11-11,2022-11-25,304.7,320.8,0.04653130029537267,rank
SHANTIGEAR,2022-11-25,2022-12-02,382.85,379.5,-0.01468874102128781,rank
SATIA,2022-11-18,2022-12-09,149.4,139.2,-0.0738550682730924,rank
AXISCADES,2022-12-02,2022-12-09,291.9,280.3,-0.045492556697499076,rank
ELECON,2022-11-11,2022-12-09,226.0,214.85,-0.055031709513274296,rank
WSTCSTPAPR,2022-10-27,2022-12-16,598.0,579.0,-0.03757322575250832,rank
BLS,2022-11-11,2022-12-26,182.5,154.0,-0.16121980273972603,stop
JKPAPER,2022-11-18,2022-12-26,419.0,372.7,-0.11583018066825779,stop
GODFRYPHLP,2022-11-18,2022-12-26,625.0,556.67,-0.11466401595200004,stop
BANKBARODA,2022-12-09,2022-12-26,189.0,169.05,-0.11091417222222211,stop
RCF,2022-11-25,2022-12-26,121.45,107.2,-0.12262029806504737,stop
VBL,2022-12-09,2023-01-12,273.0,245.99,-0.10433599300366292,stop
GESHIP,2022-11-18,2023-01-13,617.4,641.0,0.03200480887593149,rank
APARINDS,2022-12-09,2023-01-30,1640.0,1440.0,-0.12721160975609758,stop
RHIM,2022-12-16,2023-01-30,805.1,786.9,-0.028461455595578222,rank
SOLARINDS,2022-11-03,2023-01-30,3973.9,4070.0,0.01804691361131394,rank
KPIGREEN,2023-06-13,2023-06-20,151.11,143.33,-0.05716822202369132,rank
SBCL,2023-06-13,2023-06-27,667.0,619.8,-0.07633166686656678,rank
HARIOMPIPE,2023-06-13,2023-07-05,687.8,665.0,-0.0389415745856353,rank
GLOBUSSPR,2023-06-13,2023-07-12,1267.0,1257.1,-0.013757921152328434,rank
CHOLAHLDNG,2023-07-05,2023-07-19,948.0,919.0,-0.036398448312236265,rank
RAINBOW,2023-07-12,2023-07-26,1079.85,1069.85,-0.015196065518358948,rank
NEULANDLAB,2023-06-13,2023-07-26,2972.2,3265.05,0.09194841714891333,rank
APARINDS,2023-06-27,2023-08-02,3350.9,3747.0,0.11150787042287158,rank
JWL,2023-07-26,2023-08-02,212.6,208.5,-0.025160505644402642,rank
BECTORFOOD,2023-07-19,2023-08-09,169.6,199.8,0.1710082441037737,rank
REFEX,2023-06-13,2023-08-09,106.4,134.16,0.2533481902255639,rank
SANGHVIMOV,2023-08-09,2023-08-14,347.5,318.7,-0.08837217755395677,stop
MAZDOCK,2023-06-20,2023-08-17,605.5,971.63,0.5950602224112305,rank
UJJIVANSFB,2023-06-13,2023-08-17,37.6,48.75,0.2887749667553192,rank
BHARATWIRE,2023-07-26,2023-08-24,214.35,206.6,-0.04193021040354561,rank
ZENTEC,2023-08-09,2023-09-22,750.0,686.9,-0.08962029053333331,rank
BLS,2023-08-24,2023-09-27,277.0,255.0,-0.08493756317689527,stop
VENUSPIPES,2023-06-13,2023-09-29,1104.8,1339.0,0.20472307295438097,rank
JWL,2023-08-17,2023-10-09,285.0,302.25,0.05417270263157903,rank
SCHNEIDER,2023-06-13,2023-10-23,250.0,342.0,0.35980431200000007,rank
SKMEGGPROD,2023-08-02,2023-10-23,126.75,211.23,0.6565248210650887,rank
BHARATWIRE,2023-09-29,2023-10-26,266.0,238.05,-0.1104366825187969,stop
TITAGARH,2023-06-13,2023-10-31,418.65,745.0,0.7688682789919983,rank
MANINFRA,2023-10-09,2023-10-31,157.0,148.2,-0.06170615414012748,rank
JTLIND,2023-08-02,2023-11-07,97.83,112.0,0.13798434018194827,rank
SAFARI,2023-08-17,2023-11-07,1790.0,2150.0,0.1939214245810057,rank
JINDALSAW,2023-11-13,2023-11-23,248.0,228.98,-0.08222507733870976,stop
GRAVITA,2023-09-29,2023-12-06,921.0,1082.95,0.16879701036916406,rank
SKYGOLD,2023-11-29,2023-12-06,98.94,117.0,0.1754503032140693,rank
RATNAMANI,2023-12-06,2023-12-13,3843.0,3452.05,-0.10711195200364287,stop
KDDL,2023-11-13,2023-12-20,2655.0,2723.35,0.019598647890772147,rank
BHARATWIRE,2023-12-06,2023-12-28,318.7,317.5,-0.009733738625666732,rank
MONARCH,2023-11-13,2023-12-28,235.5,220.78,-0.0681218385562633,rank
BSE,2023-10-23,2024-01-11,546.67,755.0,0.3728150346644228,rank
APARINDS,2023-12-28,2024-01-11,5864.0,5640.0,-0.0439613301500682,rank
RAMKY,2023-09-22,2024-01-18,606.6,750.0,0.22899233432245314,rank
ANGELONE,2023-10-23,2024-01-18,234.8,337.1,0.42708873040885864,rank
BHARATWIRE,2024-01-11,2024-01-25,384.0,373.85,-0.03226493580729162,rank
PRESTIGE,2023-11-13,2024-01-25,864.1,1180.1,0.3575165153338733,rank
VERTOZ,2024-01-25,2024-02-02,40.7,36.75,-0.10246116093366098,stop
RAMKY,2024-01-25,2024-02-05,899.45,805.05,-0.11031525326588476,stop
BRIGADE,2024-01-18,2024-02-09,729.32,776.69,0.058570792258542115,rank
IIFLCAPS,2023-12-28,2024-02-09,143.95,159.75,0.1031117592914208,rank
TITAGARH,2023-12-20,2024-02-09,1056.2,1023.95,-0.03634206064192391,rank
ITDC,2024-02-02,2024-02-13,790.0,650.0,-0.18214449367088603,stop
MOTILALOFS,2024-02-09,2024-02-20,479.0,440.5,-0.08588525156576199,stop
HBLENGINE,2023-08-17,2024-02-23,246.4,517.7,1.0884677731331167,rank
SHAREINDIA,2023-12-13,2024-03-01,359.4,379.74,0.05026426727879807,rank
NEULANDLAB,2024-02-23,2024-03-07,7210.0,6610.6,-0.08862747636615798,stop
AHLUCONT,2024-03-01,2024-03-12,1193.25,1091.1,-0.09108466800754245,stop
ACE,2024-03-07,2024-03-13,1391.0,1265.05,-0.09599490621854778,stop
AJMERA,2024-02-16,2024-03-13,29.16,26.33,-0.10246032338820299,stop
ANANTRAJ,2024-02-09,2024-03-14,344.0,281.0,-0.18803334593023258,stop
MONARCH,2024-01-18,2024-03-15,248.45,269.0,0.07622628697927158,rank
EMUDHRA,2024-03-15,2024-04-02,590.0,742.7,0.2512720072881358,rank
TRENT,2024-03-15,2024-04-02,2700.7,2600.0,-0.0430542451956899,rank
GANESHHOU,2024-02-23,2024-04-09,740.0,774.95,0.04095577641891901,rank
OFSS,2024-02-09,2024-04-09,7270.05,8593.0,0.17489141573991906,rank
SANGHVIMOV,2024-04-02,2024-04-16,675.5,614.95,-0.09509128860103622,stop
PNB,2024-03-15,2024-04-18,120.6,129.85,0.070249325456053,rank
ACE,2024-03-15,2024-04-18,1278.0,1447.8,0.12607686244131444,rank
VADILALIND,2024-04-02,2024-04-19,4485.5,3951.4,-0.1243502034109909,stop
NEULANDLAB,2024-04-18,2024-04-25,7550.0,7225.0,-0.04877946688741719,rank
SANGHVIMOV,2024-04-18,2024-05-03,674.63,663.9,-0.021800727658123686,rank
ZENTEC,2024-04-09,2024-05-09,1031.0,935.0,-0.09854663918525697,stop
MOTILALOFS,2024-04-25,2024-05-10,590.75,543.75,-0.08507423825645366,stop
TARIL,2024-04-09,2024-05-10,249.1,287.98,0.14915580818948215,rank
AJMERA,2024-03-15,2024-05-10,27.16,32.15,0.17663436487481587,rank
DOLATALGO,2024-05-17,2024-05-29,144.7,130.0,-0.10697187284035925,stop
KPIGREEN,2023-11-13,2024-05-31,237.77,591.33,1.4720837026117675,rank
SCHNEIDER,2024-01-11,2024-05-31,440.15,696.0,0.5718056662501421,rank
WEBELSOLAR,2024-04-18,2024-05-31,59.5,58.03,-0.0305488694117646,rank
SWSOLAR,2024-05-17,2024-05-31,784.85,711.95,-0.09831852258393314,stop
IIFLCAPS,2024-05-31,2024-06-05,195.6,178.35,-0.09365283665644164,stop
MAZDOCK,2024-05-31,2024-06-05,1654.0,1347.48,-0.19020118058041113,stop
GRSE,2024-05-31,2024-06-05,1415.0,1259.95,-0.11491050208480558,stop
ASTRAMICRO,2024-05-31,2024-06-05,858.9,723.0,-0.1632687076493189,stop
HAL,2024-05-17,2024-06-07,4644.95,4666.65,-0.0013472481189248375,rank
VESUVIUS,2024-05-17,2024-06-14,517.3,530.0,0.018412468586893604,rank
POLYCAB,2024-06-07,2024-07-01,6862.25,6750.0,-0.02225061022259467,rank
BRIGADE,2024-05-31,2024-07-08,928.91,1010.86,0.08170214309244184,rank
CEMPRO,2024-06-07,2024-07-08,431.0,482.3,0.11232144013921119,rank
ELECON,2024-07-08,2024-07-09,702.5,652.5,-0.07673897153024911,stop
IIFLCAPS,2024-06-07,2024-07-15,182.0,190.9,0.04261713241758258,rank
NBCC,2024-07-15,2024-07-22,127.0,113.33,-0.1129839372440945,stop
SEAMECLTD,2024-07-15,2024-07-23,1574.95,1488.0,-0.0608683501063525,rank
TRENT,2024-05-31,2024-07-23,3110.0,3473.47,0.11018020618327973,rank
JWL,2024-05-03,2024-07-30,415.75,631.95,0.5109175888153941,rank
360ONE,2024-07-30,2024-08-06,1077.5,1023.0,-0.05626802134570763,rank
NBCC,2024-07-23,2024-08-06,123.97,113.33,-0.09130402540937321,stop
HBLENGINE,2024-07-23,2024-08-06,626.0,575.95,-0.08546408378594239,stop
TEXRAIL,2024-07-08,2024-08-06,279.0,246.95,-0.12017733853046597,stop
ARROWGREEN,2024-08-06,2024-08-07,995.0,848.0,-0.15284459095477387,stop
ANTELOPUS,2024-08-06,2024-08-07,988.0,898.15,-0.09638746624493921,stop
MARINE,2024-08-06,2024-08-13,262.0,286.75,0.08790870515267168,rank
GRSE,2024-06-07,2024-08-13,1327.0,2030.0,0.5206015599095704,rank
KPIGREEN,2024-08-13,2024-08-16,729.97,668.13,-0.09019927781963644,stop
MAZDOCK,2024-06-07,2024-08-21,1593.0,2110.48,0.3169090485373509,rank
PITTIENG,2024-08-13,2024-08-21,1327.95,1347.15,0.00838075556308615,rank
PGEL,2024-06-14,2024-08-28,299.3,505.5,0.6788224173070498,rank
GRAVITA,2024-08-06,2024-09-04,1631.85,2250.0,0.3705427888592703,rank
ZENTEC,2024-07-23,2024-09-04,1444.8,1675.0,0.15238446497785163,rank
TIPSMUSIC,2024-08-13,2024-09-16,754.45,703.4,-0.07325080442706611,stop
SHAKTIPUMP,2024-07-01,2024-09-18,641.32,715.33,0.10872023010353637,rank
NPST,2024-08-21,2024-09-20,2939.95,2465.7,-0.16633684542254112,stop
SKYGOLD,2024-08-21,2024-09-20,273.0,247.99,-0.09705387578754576,stop
GRAVITA,2024-09-18,2024-09-24,2684.4,2420.0,-0.10389592460140062,stop
GOKULAGRO,2024-09-04,2024-09-25,132.6,143.98,0.07931686138763183,rank
PGEL,2024-09-25,2024-10-08,639.0,536.95,-0.16473688176838797,stop
ASALCBR,2024-09-25,2024-10-08,984.5,878.1,-0.11341868674454036,stop
MONARCH,2024-08-21,2024-10-10,384.5,375.3,-0.02977483042912865,rank
GEOJITFSL,2024-09-04,2024-10-23,142.26,123.98,-0.13371829171938687,stop
SYMPHONY,2024-10-10,2024-10-23,1834.0,1653.65,-0.10373883159760078,stop
CHOLAHLDNG,2024-09-25,2024-10-25,2016.05,1866.75,-0.07960303526698242,stop
DIXON,2024-10-24,2024-10-28,15310.0,14100.0,-0.08455082299150873,stop
TRENT,2024-08-28,2024-10-31,4660.0,4839.33,0.032261281967811195,rank
MONARCH,2024-11-07,2024-11-13,479.95,437.3,-0.09432204250442744,stop
CDSL,2024-08-13,2024-11-14,1295.0,1445.0,0.10914517760617759,rank
IIFLCAPS,2024-08-28,2024-11-14,279.0,314.95,0.1220900879928315,rank
SKIPPER,2024-10-10,2024-12-23,524.4,568.1,0.07684308333333356,rank
CHOICEIN,2024-09-25,2024-12-23,471.4,536.9,0.1321243786593127,rank
SKYGOLD,2024-10-10,2025-01-07,292.51,360.15,0.22386359902225572,rank
DIXON,2024-11-07,2025-01-14,15747.6,15900.0,0.0036286862760037675,rank
TARIL,2024-10-24,2025-01-28,434.5,432.5,-0.010566415420023012,rank
POKARNA,2025-02-03,2025-02-11,1345.0,1230.0,-0.09098061710037175,stop
CARTRADE,2025-02-03,2025-02-11,1750.0,1602.0,-0.09005576114285707,stop
ASALCBR,2025-02-03,2025-02-11,1399.05,1269.95,-0.09771507126264234,stop
V2RETAIL,2025-02-03,2025-02-12,195.29,166.52,-0.1524277808387524,stop
ACUTAAS,2025-02-03,2025-02-17,1206.13,1077.2,-0.11224619667863334,stop
BSE,2024-09-18,2025-02-17,1116.0,1699.83,0.5140199986290324,rank
SHAILY,2025-02-03,2025-02-18,1624.35,1393.0,-0.14756392587804346,stop
WEL,2025-02-03,2025-02-18,181.9,163.5,-0.10653946399120395,stop
SARDAEN,2025-03-19,2025-03-26,560.95,479.0,-0.15120721811213123,stop
MPSLTD,2025-03-19,2025-04-04,2944.95,2500.0,-0.15617497750386256,stop
AVANTIFEED,2025-03-19,2025-04-04,926.05,750.0,-0.19496058528157212,stop
TCPLPACK,2025-03-26,2025-04-07,4650.6,3665.0,-0.21665097299273217,stop
ASALCBR,2025-03-19,2025-04-07,1389.95,961.55,-0.31235702438936663,stop
PGEL,2025-03-19,2025-04-08,898.0,850.55,-0.05851408134743885,stop
CARTRADE,2025-03-19,2025-04-08,1714.75,1502.35,-0.1291153689167518,stop
BLUEJET,2025-02-03,2025-04-08,758.0,679.95,-0.10834245441952495,stop
ACUTAAS,2025-03-19,2025-04-11,1130.03,1085.25,-0.045380859578949106,rank
AAVAS,2025-04-11,2025-05-05,2060.0,1836.5,-0.11383615121359225,stop
PGEL,2025-04-11,2025-05-07,884.05,782.95,-0.11966591646400071,stop
CHAMBLFERT,2025-04-11,2025-05-14,642.5,657.6,0.01737014536964976,rank
NH,2025-04-11,2025-05-21,1730.0,1732.2,-0.004726942312138771,rank
BHARTIARTL,2025-04-11,2025-05-21,1760.0,1813.0,0.02394222556818182,rank
ASTRAZEN,2025-03-19,2025-05-21,8043.7,7923.0,-0.020906634136031887,rank
BAJFINANCE,2025-03-19,2025-05-21,870.0,910.0,0.039710563218390726,rank
VADILALIND,2025-05-21,2025-05-23,6778.0,5980.0,-0.12301950132782524,stop
GODFRYPHLP,2025-05-21,2025-05-28,2896.0,2747.17,-0.057074687662292845,rank
HCG,2025-04-11,2025-05-28,529.73,534.5,0.00295964076038735,rank
MAZDOCK,2025-05-14,2025-06-04,3099.0,3462.0,0.11044180638915768,rank
COROMANDEL,2025-04-11,2025-06-04,2029.2,2327.6,0.1401810311452789,rank
POWERINDIA,2025-05-21,2025-06-11,15970.0,17880.0,0.11289172949279913,rank
KRISHANA,2025-07-02,2025-07-07,98.2,87.2,-0.11733620366598774,stop
PARADEEP,2025-05-21,2025-07-09,152.99,161.0,0.04605169618929339,rank
BSE,2025-04-11,2025-07-09,1899.13,2500.0,0.308505736837394,rank
MCX,2025-07-02,2025-07-11,1814.0,1660.2,-0.09026805854465259,stop
GRSE,2025-07-02,2025-07-15,2997.0,2674.9,-0.1128212632298965,stop
BHARTIARTL,2025-07-09,2025-07-23,2035.0,1920.0,-0.06216349877149874,rank
HIRECT,2025-07-09,2025-07-23,681.2,665.1,-0.029484166324133865,rank
BLUEJET,2025-07-16,2025-07-24,969.8,816.0,-0.1636302907816044,stop
LUMAXTECH,2025-07-02,2025-07-28,1160.0,1025.0,-0.12167308189655168,stop
BANCOINDIA,2025-07-02,2025-07-28,669.45,613.75,-0.08869516207334383,stop
WEBELSOLAR,2025-07-23,2025-07-30,142.9,140.38,-0.02352006004198748,rank
STAR,2025-07-09,2025-08-06,866.0,816.5,-0.06280791166281752,rank
MANORAMA,2025-05-07,2025-08-06,1187.1,1425.9,0.19396633232246652,rank
ASHAPURMIN,2025-07-23,2025-08-14,558.6,504.95,-0.10145928293949169,stop
KRISHANA,2025-07-16,2025-09-26,96.98,109.08,0.11802950835223758,rank
CHOICEIN,2025-05-07,2025-10-06,619.95,783.55,0.25632027090894405,rank
ASHAPURMIN,2025-10-20,2025-10-24,669.85,601.0,-0.10815942524445765,stop
INDOTHAI,2025-10-20,2025-10-27,435.0,366.6,-0.16229034620689642,stop
GVTandD,2025-07-02,2025-10-28,2348.1,2844.1,0.20397810864102905,rank
SHAILY,2025-10-20,2025-11-04,2390.0,2291.1,-0.04712384104602507,rank
ECLERX,2025-10-28,2025-11-10,2349.55,2139.75,-0.09474973601327918,stop
BAJFINANCE,2025-10-20,2025-11-12,1081.5,1011.0,-0.07078770319001382,rank
TVSMOTOR,2025-10-20,2025-11-12,3699.0,3481.7,-0.06438466198972692,rank
GABRIEL,2025-10-28,2025-11-18,1241.5,1022.0,-0.18173403302456703,stop
ANANDRATHI,2025-10-20,2025-11-19,1574.5,1476.5,-0.06786008986979997,rank
HBLENGINE,2025-10-20,2025-11-26,940.6,885.0,-0.06474807038060815,rank
INDOTHAI,2025-11-26,2025-12-02,458.5,395.5,-0.1425723893129771,stop
TVSHLTD,2025-10-20,2025-12-17,14398.0,14227.0,-0.017796496527295425,rank
BSE,2025-12-10,2025-12-17,2715.8,2615.0,-0.04288477244274247,rank
VINCOFE,2025-11-04,2025-12-30,167.48,152.87,-0.09270267596130866,stop
CUPID,2025-12-17,2026-01-08,84.79,87.02,0.020151706333294106,rank
SJS,2025-11-12,2026-01-16,1770.5,1697.1,-0.047199845297938525,rank
PRICOLLTD,2025-11-19,2026-01-16,644.0,613.0,-0.05383925931677014,rank
SILVERTUC,2026-01-08,2026-01-22,162.5,140.0,-0.1436230153846153,stop
ASHAPURMIN,2025-11-19,2026-01-23,717.75,751.5,0.04074923510971784,rank
LUMAXTECH,2025-11-12,2026-01-23,1420.0,1399.3,-0.02048113119718309,rank
THANGAMAYL,2025-12-17,2026-02-01,3214.9,3276.0,0.012900396279822202,rank
MUTHOOTFIN,2025-10-20,2026-02-06,3332.8,3549.0,0.05849074081853112,rank
SHRIRAMFIN,2026-01-01,2026-02-06,996.2,994.0,-0.008186161413370807,rank
MCX,2025-10-28,2026-03-23,1863.9,2400.0,0.2799085787864155,rank
SBC,2025-11-12,2026-04-01,25.25,30.9,0.2164308158415842,rank
CCL,2026-04-09,2026-04-17,1104.5,1077.4,-0.030379994024445356,rank
THANGAMAYL,2026-04-09,2026-04-24,4040.0,3775.2,-0.07114287702970301,rank
LUMAXTECH,2026-04-09,2026-05-04,1691.7,1647.9,-0.03172700177336407,rank
SEAMECLTD,2026-04-09,2026-05-11,1522.5,1495.4,-0.023684033760262624,rank
SKYGOLD,2026-05-04,2026-05-18,459.7,441.45,-0.04545296269306065,rank
LUMAXTECH,2026-05-11,2026-05-18,1736.1,1600.0,-0.08391544265883288,rank
SBC,2026-04-09,2026-06-02,31.75,36.84,0.1533635137007876,rank
ANANDRATHI,2026-04-17,2026-06-02,1815.0,1756.7,-0.03791977393939394,rank
WHEELS,2026-05-18,2026-06-09,1495.1,1499.0,-0.00339810648117167,rank
MCX,2026-04-09,2026-06-09,2600.0,2852.0,0.0903514107692307,rank
SEAMECLTD,2026-06-02,2026-06-18,1638.0,1315.0,-0.20200132173382168,stop
VENUSREM,2026-06-09,2026-06-23,1696.1,1694.2,-0.00710450574848176,rank
BSE,2026-04-09,2026-06-23,3150.0,4051.2,0.27839024152380953,rank
BHAGYANGR,2026-06-23,2026-06-25,407.45,373.5,-0.08881491839489497,stop
POWERINDIA,2026-04-09,2026-07-08,26080.0,31795.0,0.21182960717024546,rank
LLOYDSME,2026-06-02,2026-07-08,1817.0,1745.0,-0.04537935883324151,rank
GVTandD,2026-04-09,2026-07-08,3762.0,4375.0,0.1559780369484316,rank
SATIN,2026-07-01,2026-07-15,247.01,265.0,0.06640372859398402,rank
GVPIL,2026-04-09,2026-07-15,443.1,805.0,0.8058615323854659,rank
VENUSREM,2026-07-15,2026-07-17,1959.0,1755.0,-0.10950189127105658,stop
JAYBARMARU,2026-07-08,2026-07-20,190.0,164.0,-0.14201328421052628,stop
SPARC,2026-06-23,2026-07-22,237.51,224.62,-0.059937259146983224,rank
JAYBARMARU,2026-07-22,2026-07-24,173.8,151.69,-0.13244404367088614,stop
CEMPRO,2026-07-15,2026-07-27,1610.0,1382.0,-0.14675749192546583,stop
ACUTAAS,2026-05-18,2026-07-29,2725.0,3329.0,0.21433246275229378,rank
THANGAMAYL,2026-07-08,2026-07-31,6373.0,5450.0,-0.14995307547465875,stop
LLOYDSME,2026-07-22,2026-08-12,1942.0,1976.5,0.011667759268795042,rank
PANAMAPET,2026-08-12,2026-08-13,555.6,490.0,-0.12335419366450684,stop
RPTECH,2026-07-15,2026-08-19,778.0,857.85,0.09602907538560412,rank
THYROCARE,2026-06-09,2026-08-19,542.0,620.0,0.1370582656826569,rank
AEGISLOG,2026-07-22,2026-09-02,1340.0,1202.0,-0.10835909104477615,stop
NETWEB,2026-08-19,2026-09-02,5324.9,5133.0,-0.04181333039118096,rank
TVSMOTOR,2026-08-12,2026-09-02,4400.0,4168.0,-0.05840238363636363,rank
TDPOWERSYS,2026-08-19,2026-09-04,790.0,723.0,-0.090293029113924,stop
RRKABEL,2026-08-12,2026-09-07,2835.0,2430.8,-0.14771178934744256,stop
