,2015,2016,2017,2018,2019,2020,2021,2022,2023,2024,2025,2026
rs_ibd,0.111,0.111,0.111,0.111,0.0,0.078,0.063,0.066,0.062,0.083,0.073,0.063
prox_high,0.111,0.111,0.111,0.111,0.117,0.133,0.13,0.117,0.119,0.119,0.107,0.105
np_yoy,0.111,0.111,0.111,0.111,0.077,0.047,0.047,0.055,0.059,0.066,0.061,0.058
sue,0.111,0.111,0.111,0.111,0.108,0.08,0.078,0.082,0.079,0.081,0.075,0.076
sales_yoy,0.111,0.111,0.111,0.111,0.0,0.0,0.0,0.0,0.0,0.0,0.029,0.031
ttm_cagr3,0.111,0.111,0.111,0.111,0.0,0.0,0.0,0.0,0.0,0.0,0.0,0.0
roe,0.111,0.111,0.111,0.111,0.0,0.0,0.0,0.0,0.0,0.0,0.0,0.0
ud_vol,0.111,0.111,0.111,0.111,0.0,0.0,0.0,0.0,0.0,0.0,0.0,0.0
group_rs,0.111,0.111,0.111,0.111,0.145,0.087,0.074,0.072,0.076,0.097,0.09,0.079
mom_12_1,0.0,0.0,0.0,0.0,0.077,0.095,0.091,0.089,0.081,0.098,0.087,0.083
ram,0.0,0.0,0.0,0.0,0.114,0.114,0.108,0.105,0.098,0.113,0.102,0.097
accel,0.0,0.0,0.0,0.0,0.0,0.033,0.026,0.036,0.047,0.044,0.039,0.038
streak,0.0,0.0,0.0,0.0,0.075,0.04,0.038,0.047,0.05,0.058,0.052,0.049
npm_chg,0.0,0.0,0.0,0.0,0.068,0.0,0.0,0.045,0.056,0.064,0.061,0.055
tight,0.0,0.0,0.0,0.0,0.0,0.072,0.066,0.053,0.052,0.0,0.0,0.038
vol60,0.0,0.0,0.0,0.0,0.116,0.126,0.129,0.107,0.102,0.075,0.066,0.081
max_ret21,0.0,0.0,0.0,0.0,0.104,0.095,0.101,0.081,0.076,0.054,0.045,0.057
ext50,0.0,0.0,0.0,0.0,0.0,0.0,0.0,0.0,0.0,0.0,0.0,0.0
inst_chg,0.0,0.0,0.0,0.0,0.0,0.0,0.0,0.0,0.0,0.0,0.072,0.052
days_since_ann,0.0,0.0,0.0,0.0,0.0,0.0,0.0,0.0,0.0,0.0,0.0,0.0
new_high,0.0,0.0,0.0,0.0,0.0,0.0,0.047,0.044,0.043,0.047,0.042,0.038
vol_surge,0.0,0.0,0.0,0.0,0.0,0.0,0.0,0.0,0.0,0.0,0.0,0.0
