date,momentum | M=none | stop=8%,momentum | M=none | stop=off,momentum | M=no_new | stop=8%,momentum | M=no_new | stop=off,momentum | M=cash | stop=8%,momentum | M=cash | stop=off,book_rules | M=none | stop=8%,book_rules | M=none | stop=off,book_rules | M=no_new | stop=8%,book_rules | M=no_new | stop=off,book_rules | M=cash | stop=8%,book_rules | M=cash | stop=off,blend_fixed | M=none | stop=8%,blend_fixed | M=none | stop=off,blend_fixed | M=no_new | stop=8%,blend_fixed | M=no_new | stop=off,blend_fixed | M=cash | stop=8%,blend_fixed | M=cash | stop=off,blend_wf | M=none | stop=8%,blend_wf | M=none | stop=off,blend_wf | M=no_new | stop=8%,blend_wf | M=no_new | stop=off,blend_wf | M=cash | stop=8%,blend_wf | M=cash | stop=off,Nifty 500 (price),Equal-weight liquid universe
2016,-27.4,-29.4,-28.4,-30.5,-17.0,-25.4,3.3,3.5,4.2,3.4,4.0,3.8,-11.2,-15.4,-10.0,-8.2,-6.4,-7.2,-11.2,-15.4,-10.0,-8.2,-6.4,-7.2,3.4,2.8
2017,148.6,153.7,153.3,154.7,61.2,57.2,90.3,91.1,82.3,86.6,36.8,37.1,88.1,102.3,80.3,81.5,29.1,38.2,88.1,102.3,80.3,81.5,29.1,38.2,35.9,51.9
2018,-21.2,-8.2,-15.6,-12.5,-32.2,-31.4,-16.2,-15.8,-21.3,-19.3,-18.5,-15.3,-41.2,-40.3,-32.1,-30.7,-27.6,-28.4,-41.2,-40.3,-32.1,-30.7,-27.6,-28.4,-3.4,-18.4
2019,-5.5,9.3,-1.8,1.4,-1.6,-0.9,8.2,7.0,6.5,6.0,8.2,7.7,3.7,5.2,11.7,10.4,4.7,6.4,-10.5,-7.5,-5.7,-1.2,-9.3,-7.5,7.7,-0.7
2020,164.2,160.7,166.5,121.6,71.9,60.4,43.3,51.6,48.2,53.6,37.3,43.5,49.5,52.5,69.9,73.2,67.4,75.2,40.6,41.3,50.5,53.4,47.9,50.0,16.7,22.2
2021,60.3,61.6,49.8,63.6,59.1,82.7,60.3,66.5,61.6,63.0,49.6,50.6,100.1,107.2,88.7,89.2,82.7,80.2,77.1,69.7,78.1,71.1,75.1,76.3,30.2,49.5
2022,-43.1,-37.9,-45.5,-44.5,-4.9,-12.4,-22.4,-25.2,-16.5,-16.7,0.0,0.5,-13.2,5.0,-29.2,-21.6,-17.4,-10.4,-30.6,-26.8,-33.5,-33.2,-19.3,-17.9,3.0,0.7
2023,56.2,58.9,48.3,53.1,42.8,37.0,46.2,57.1,56.4,57.3,55.0,59.1,73.7,81.4,64.1,56.7,57.2,58.2,81.3,82.6,57.1,55.7,53.4,54.3,25.8,51.5
2024,7.7,38.3,15.2,45.3,-11.6,-2.1,47.6,63.2,24.7,45.1,2.5,14.4,41.6,47.6,33.7,40.2,20.7,29.9,41.0,39.0,39.0,32.6,12.9,13.9,15.2,27.6
2025,-34.5,-28.0,-30.7,-23.8,-11.8,-19.4,-26.7,-23.9,-17.9,-17.5,-14.3,-10.2,-27.5,-26.6,-24.4,-16.8,-21.3,-18.2,-26.5,-28.5,-15.4,-15.4,-18.8,-17.9,6.7,-3.9
2026,56.2,36.5,50.1,49.1,31.8,32.2,20.3,16.0,15.9,15.8,25.4,27.3,20.7,16.2,24.0,19.0,19.3,18.5,9.0,10.8,17.3,15.3,15.3,13.0,-7.5,4.8
