factor,IC 2015-19,t 2015-19,Q5-Q1 2015-19,IC 2020-22,t 2020-22,Q5-Q1 2020-22,IC 2023-26,t 2023-26,Q5-Q1 2023-26,IC all,Q5 excess all
rs_ibd,0.029,1.2,1.0,0.012,0.4,1.5,0.036,1.8,1.7,0.027,0.77
mom_12_1,0.042,1.8,1.2,0.021,0.7,1.4,0.049,2.7,1.9,0.039,0.73
mom_6_1,0.027,1.4,0.8,0.02,0.8,1.2,0.022,1.2,1.1,0.024,0.54
ram,0.042,1.9,0.9,0.025,0.8,1.6,0.051,2.9,1.7,0.04,0.77
prox_high,0.04,1.5,0.6,0.033,1.0,1.0,0.045,2.2,0.9,0.04,0.37
new_high,0.013,1.0,0.0,0.012,0.6,0.3,0.017,1.5,0.4,0.014,0.23
trend,0.027,1.8,0.4,0.022,1.0,0.8,0.034,2.3,0.9,0.028,0.46
ud_vol,0.002,0.1,0.3,-0.005,-0.3,0.5,-0.021,-1.7,0.1,-0.007,0.19
vol_surge,-0.001,-0.1,-0.2,-0.016,-1.1,-0.7,0.007,0.8,0.2,-0.002,-0.14
vol60,0.038,1.4,-0.0,0.033,1.1,-0.3,0.025,1.0,-0.8,0.032,-0.26
max_ret21,0.035,2.0,0.3,0.019,1.1,-0.3,0.016,0.9,-0.7,0.025,-0.16
ext50,0.014,0.7,0.2,0.011,0.5,-0.4,-0.004,-0.2,-0.6,0.008,-0.06
tight,0.019,0.9,-0.1,0.021,1.1,-0.2,0.009,0.5,-0.6,0.016,-0.16
turnover,0.001,0.1,-0.3,-0.01,-0.5,-1.3,0.027,1.5,-0.1,0.006,-0.38
np_yoy,0.018,1.5,0.5,0.034,1.9,1.5,0.033,3.1,1.3,0.027,0.54
sales_yoy,0.014,1.1,0.4,0.025,1.3,0.9,0.033,3.4,1.1,0.023,0.49
accel,0.015,1.4,0.4,0.029,2.6,0.9,0.02,2.8,0.6,0.02,0.31
sue,0.032,2.3,0.5,0.032,1.6,1.3,0.044,4.3,1.2,0.036,0.42
streak,0.016,1.3,0.3,0.024,1.4,0.6,0.029,2.9,0.8,0.022,0.32
ttm_cagr3,0.004,0.2,-0.1,0.004,0.3,0.3,0.019,2.1,0.3,0.009,0.08
npm_chg,0.015,1.3,0.7,0.036,2.2,1.4,0.029,2.9,1.1,0.025,0.41
np_pos,0.026,1.9,0.2,0.011,0.7,-0.2,0.02,2.2,0.0,0.02,-0.06
roe,0.008,0.4,-0.2,-0.003,-0.1,-0.6,-0.0,-0.0,-0.4,0.002,-0.23
inst_chg,,,,,,,0.015,1.5,0.2,0.015,0.27
days_since_ann,-0.003,-0.4,0.0,-0.018,-1.5,-0.4,0.001,0.1,0.2,-0.006,-0.14
group_rs,0.04,1.7,1.2,0.035,1.1,1.8,0.04,2.2,1.5,0.039,0.61
