index,first,last,days,vol_from
CPSE,2014-03-05,2015-11-06,342,2014-03-05
ESG INDIA,2012-07-02,2013-10-03,312,
GSEC10 NSE INDEX,2014-05-14,2015-11-06,279,
GSECBM NSE INDEX,2014-05-14,2015-11-06,279,
INDIA VIX,2014-05-14,2026-10-01,2986,
LIX 15,2013-07-08,2015-11-06,504,2013-07-08
LIX15 MIDCAP,2014-05-08,2015-11-06,303,2014-05-08
NI15,2014-05-22,2015-11-06,293,2014-05-22
NIFTY 10 YR BENCHMARK G-SEC,2011-01-03,2026-10-01,3260,
NIFTY 10 YR BENCHMARK G-SEC (CLEAN PRICE),2015-11-09,2026-10-01,2685,
NIFTY 100,2005-01-03,2026-10-01,5351,2012-07-02
NIFTY 100 EQUAL WEIGHT,2013-06-10,2015-11-06,524,2013-06-10
NIFTY 11-15 YR G-SEC INDEX,2015-10-13,2026-10-01,2702,
NIFTY 15 YR AND ABOVE G-SEC INDEX,2015-10-13,2026-10-01,2702,
NIFTY 1D RATE INDEX,2011-01-03,2026-10-01,3002,
NIFTY 200,2005-01-03,2026-10-01,5351,2012-07-02
NIFTY 4-8 YR G-SEC INDEX,2015-10-13,2026-10-01,2702,
NIFTY 50,2005-01-03,2026-10-01,5351,2012-07-02
NIFTY 50 ARBITRAGE,2010-04-01,2026-10-01,3217,
NIFTY 50 FUTURES INDEX,2005-04-01,2026-10-01,4468,
NIFTY 50 FUTURES TR INDEX,2005-04-01,2026-10-01,4466,
NIFTY 500,2005-01-03,2026-10-01,5351,2012-07-02
NIFTY 500 SHARIAH,2012-07-02,2015-11-06,756,2012-07-02
NIFTY 8-13 YR G-SEC,2015-11-09,2026-10-01,2685,
NIFTY ADITYA BIRLA GROUP,2015-12-16,2024-04-26,2060,2015-12-16
NIFTY AI CATALYSTS,2026-09-15,2026-10-01,13,2026-09-15
NIFTY ALPHA 50,2005-01-03,2026-10-01,4726,2015-11-09
NIFTY ALPHA INDEX,2012-11-19,2015-11-06,662,2012-11-19
NIFTY ALPHA LOW-VOLATILITY 30,2005-04-01,2026-10-01,4205,2017-07-13
NIFTY ALPHA QUALITY LOW-VOLATILITY 30,2005-04-01,2026-10-01,4205,2017-07-13
NIFTY ALPHA QUALITY VALUE LOW-VOLATILITY 30,2005-04-01,2026-10-01,4205,2017-07-13
NIFTY AUTO,2005-01-03,2026-10-01,5351,2012-07-02
NIFTY BANK,2005-01-03,2026-10-01,5351,2012-07-02
NIFTY BHARAT BOND INDEX - APRIL 2025,2025-01-16,2025-04-15,59,
NIFTY BHARAT BOND INDEX - APRIL 2030,2025-01-16,2026-10-01,421,
NIFTY BHARAT BOND INDEX - APRIL 2031,2025-01-16,2026-10-01,421,
NIFTY BHARAT BOND INDEX - APRIL 2032,2025-01-16,2026-10-01,420,
NIFTY BHARAT BOND INDEX - APRIL 2033,2025-01-16,2026-10-01,420,
NIFTY CAPITAL GOODS,2005-04-01,2026-10-01,2005,2026-06-15
NIFTY CAPITAL MARKETS,2023-04-12,2026-10-01,508,2023-04-12
NIFTY CEMENT,2005-04-01,2026-10-01,2082,2026-02-17
NIFTY CHEMICALS,2005-04-01,2026-10-01,2313,2025-03-11
NIFTY COMMERCIAL & TRANSPORT SERVICES,2005-04-01,2026-10-01,2005,2026-06-15
NIFTY COMMODITIES,2005-01-03,2026-10-01,5351,2012-07-02
NIFTY COMPOSITE G-SEC INDEX,2015-10-13,2026-10-01,2702,
NIFTY CONGLOMERATE 50,2005-04-01,2026-10-01,2196,2025-09-02
NIFTY CONSTRUCTION,2005-04-01,2026-10-01,2005,2026-06-15
NIFTY CONSUMER DURABLES,2005-04-01,2026-10-01,3580,2016-07-07
NIFTY CONSUMER SERVICES,2026-06-15,2026-10-01,77,2026-06-15
NIFTY CONSUMPTION,2012-07-02,2015-11-06,756,2012-07-02
NIFTY CORE HOUSING,2005-04-01,2026-10-01,2766,2016-07-07
NIFTY CPSE,2009-01-01,2026-10-01,3730,2015-11-09
NIFTY DEFTY,2013-04-10,2015-11-06,564,
NIFTY DIVIDEND,2012-07-02,2015-11-06,753,
NIFTY DIVIDEND OPPORTUNITIES,2012-07-02,2015-11-06,756,2012-07-02
NIFTY DIVIDEND OPPORTUNITIES 50,2007-10-01,2026-10-01,4039,2015-11-09
NIFTY ENERGY,2005-01-03,2026-10-01,5351,2012-07-02
NIFTY EV & NEW AGE AUTOMOTIVE,2023-04-12,2026-10-01,581,2023-04-12
NIFTY FINANCE,2012-07-02,2015-11-06,756,2012-07-02
NIFTY FINANCIAL SERVICES,2005-01-03,2026-10-01,4726,2015-11-09
NIFTY FINANCIAL SERVICES 25/50,2005-01-03,2026-10-01,3509,2016-07-07
NIFTY FINANCIAL SERVICES EX-BANK,2005-04-01,2026-10-01,3078,2016-07-07
NIFTY FMCG,2005-01-03,2026-10-01,5351,2012-07-02
NIFTY FULL MIDCAP 100,2016-04-01,2018-03-28,491,2016-04-01
NIFTY FULL SMALLCAP 100,2016-04-01,2018-03-28,491,2016-04-01
NIFTY GROWTH SECTORS 15,2009-01-01,2026-10-01,3730,2015-11-09
NIFTY HEALTHCARE INDEX,2016-07-07,2026-10-01,1445,2016-07-07
NIFTY HIGH BETA,2012-11-19,2015-11-06,661,2012-11-19
NIFTY HIGH BETA 50,2005-01-03,2026-10-01,4726,2015-11-09
NIFTY HIGH DIVIDEND YIELD 15,2005-04-01,2026-10-01,1929,2026-10-01
NIFTY HOSPITALS,2026-06-15,2026-10-01,77,2026-06-15
NIFTY HOUSING,2005-04-01,2026-10-01,3055,2016-07-07
NIFTY HOUSING FINANCE,2026-06-15,2026-10-01,77,2026-06-15
NIFTY INDIA CONSUMPTION,2006-01-02,2026-10-01,4475,2015-11-09
NIFTY INDIA CORPORATE GROUP INDEX - ADITYA BIRLA GROUP,2005-04-01,2026-10-01,2531,2016-07-07
NIFTY INDIA CORPORATE GROUP INDEX - MAHINDRA GROUP,2005-04-01,2026-10-01,2531,2016-07-07
NIFTY INDIA CORPORATE GROUP INDEX - TATA GROUP,2005-04-01,2026-10-01,2531,2016-07-07
NIFTY INDIA CORPORATE GROUP INDEX - TATA GROUP 25% CAP,2005-04-01,2026-10-01,2531,2016-07-07
NIFTY INDIA DEFENCE,2022-01-19,2026-10-01,1159,2022-01-19
NIFTY INDIA DEFENCE EQUAL WEIGHT,2026-08-11,2026-10-01,37,2026-08-11
NIFTY INDIA DIGITAL,2005-04-01,2026-10-01,3114,2016-07-07
NIFTY INDIA FPI 150,2025-08-14,2026-10-01,279,2025-08-14
NIFTY INDIA INFRASTRUCTURE & LOGISTICS,2005-04-01,2026-10-01,2257,2025-06-05
NIFTY INDIA INTERNET,2025-05-05,2026-10-01,352,2025-05-05
NIFTY INDIA INTERNET & E-COMMERCE,2025-03-03,2025-05-02,39,2025-03-03
NIFTY INDIA MANUFACTURING,2005-04-01,2026-10-01,3194,2016-07-07
NIFTY INDIA NEW AGE CONSUMPTION,2005-04-01,2026-10-01,2410,2016-07-07
NIFTY INDIA RAILWAYS PSU,2023-04-12,2026-10-01,458,2023-04-12
NIFTY INDIA SELECT 5 CORPORATE GROUPS (MAATR),2005-04-01,2026-10-01,2395,2016-07-07
NIFTY INDIA TOURISM,2005-04-01,2026-10-01,2497,2016-07-07
NIFTY INFRASTRUCTURE,2005-01-03,2026-10-01,5351,2012-07-02
NIFTY INSURANCE,2026-06-15,2026-10-01,77,2026-06-15
NIFTY IPO,2023-04-12,2026-10-01,548,2023-04-12
NIFTY IT,2005-01-03,2026-10-01,5351,2012-07-02
NIFTY LARGEMIDCAP 250,2005-04-01,2026-10-01,4109,2017-11-30
NIFTY LOW VOLATILITY,2012-11-19,2015-11-06,662,2012-11-19
NIFTY LOW VOLATILITY 50,2005-01-03,2026-10-01,4726,2015-11-09
NIFTY MAHINDRA GROUP,2015-12-16,2024-04-26,2060,2015-12-16
NIFTY MEDIA,2005-12-30,2026-10-01,5101,2012-07-02
NIFTY METAL,2005-01-03,2026-10-01,5351,2012-07-02
NIFTY MICROCAP 250,2005-04-01,2026-10-01,3260,2016-07-07
NIFTY MIDCAP 100,2005-01-03,2026-10-01,5351,2012-07-02
NIFTY MIDCAP 150,2005-04-01,2026-10-01,4519,2016-04-01
NIFTY MIDCAP 50,2005-01-03,2026-10-01,5351,2012-07-02
NIFTY MIDCAP LIQUID 15,2009-01-01,2026-10-01,3730,2015-11-09
NIFTY MIDCAP SELECT,2005-10-03,2026-10-01,3047,2016-07-07
NIFTY MIDCAP150 MOMENTUM 50,2005-04-01,2026-10-01,2946,2016-07-07
NIFTY MIDCAP150 QUALITY 50,2005-04-01,2026-10-01,3448,2016-07-07
NIFTY MIDSMALL FINANCIAL SERVICES,2005-04-01,2026-10-01,2953,2016-07-07
NIFTY MIDSMALL HEALTHCARE,2005-04-01,2026-10-01,2953,2016-07-07
NIFTY MIDSMALL INDIA CONSUMPTION,2005-04-01,2026-10-01,2910,2016-07-07
NIFTY MIDSMALL IT & TELECOM,2005-04-01,2026-10-01,2953,2016-07-07
NIFTY MIDSMALLCAP 400,2005-04-01,2026-10-01,4519,2016-04-01
NIFTY MIDSMALLCAP400 50:50,2005-04-01,2026-10-01,2090,2026-02-05
NIFTY MIDSMALLCAP400 MOMENTUM QUALITY 100,2005-04-01,2026-10-01,2581,2016-07-07
NIFTY MNC,2005-01-03,2026-10-01,5351,2012-07-02
NIFTY MOBILITY,2005-04-01,2026-10-01,3118,2016-07-07
NIFTY NBFC,2005-04-01,2026-10-01,2005,2026-06-15
NIFTY NEXT 100,2010-10-01,2026-10-01,603,2026-08-05
NIFTY NEXT 50,2005-01-03,2026-10-01,5351,2012-07-02
NIFTY NON-CYCLICAL CONSUMER,2005-04-01,2026-10-01,3132,2016-07-07
NIFTY OIL & GAS,2005-04-01,2026-10-01,3580,2016-07-07
NIFTY PHARMA,2005-01-03,2026-10-01,5351,2012-07-02
NIFTY POWER,2005-04-01,2026-10-01,2005,2026-06-15
NIFTY PR 1X INVERSE,2014-09-08,2015-11-06,232,
NIFTY PR 2X LEVERAGE,2014-09-08,2015-11-06,232,
NIFTY PRIVATE BANK,2005-04-01,2026-10-01,4578,2016-01-05
NIFTY PSE,2005-01-03,2026-10-01,5351,2012-07-02
NIFTY PSU BANK,2005-01-03,2026-10-01,5351,2012-07-02
NIFTY QUALITY 30,2015-11-09,2018-07-13,661,2015-11-09
NIFTY QUALITY LOW-VOLATILITY 30,2005-04-01,2026-10-01,4205,2017-07-13
NIFTY REALTY,2006-12-29,2026-10-01,4851,2012-07-02
NIFTY REITS & INVITS,2023-04-12,2026-10-01,859,2023-04-12
NIFTY REITS & INVITS 90:10,2026-07-29,2026-10-01,46,2026-07-29
NIFTY REITS & REALTY,2026-03-04,2026-10-01,144,2026-03-04
NIFTY RETAIL,2026-06-15,2026-10-01,77,2026-06-15
NIFTY RURAL,2005-04-01,2026-10-01,2471,2016-07-07
NIFTY SERVICE SECTOR,2012-07-02,2015-11-06,756,2012-07-02
NIFTY SERVICES SECTOR,2005-01-03,2026-10-01,4726,2015-11-09
NIFTY SHARIAH,2012-07-02,2015-11-06,756,2012-07-02
NIFTY SHARIAH 25,2009-01-01,2026-10-01,3730,2015-11-09
NIFTY SHARIAH25,2014-05-13,2015-11-06,300,2014-05-13
NIFTY SMALL FINANCE BANKS & MICROFINANCE INSTITUTIONS,2026-06-19,2026-10-01,73,2026-06-19
NIFTY SMALLCAP 100,2005-01-03,2026-10-01,5351,2012-07-02
NIFTY SMALLCAP 250,2005-04-01,2026-10-01,4519,2016-04-01
NIFTY SMALLCAP 50,2005-04-01,2026-10-01,4519,2016-04-01
NIFTY SMALLCAP 500,2005-04-01,2026-10-01,2097,2026-01-01
NIFTY SMALLCAP250 MOMENTUM QUALITY 100,2005-04-01,2026-10-01,2615,2016-07-07
NIFTY SMALLCAP250 QUALITY 50,2005-04-01,2026-10-01,2801,2016-07-07
NIFTY SME EMERGE,2017-11-17,2026-10-01,2189,
NIFTY SUGAR & ETHANOL,2026-06-19,2026-10-01,73,2026-06-19
NIFTY TATA GROUP,2015-12-16,2024-04-26,2060,2015-12-16
NIFTY TATA GROUP 25% CAP,2015-12-16,2024-04-26,2060,2015-12-16
NIFTY TELECOMMUNICATIONS,2005-04-01,2026-10-01,2005,2026-06-15
NIFTY TOP 10 EQUAL WEIGHT,2006-03-02,2026-10-01,2262,2016-07-07
NIFTY TOP 15 EQUAL WEIGHT,2006-03-02,2026-10-01,2185,2016-07-07
NIFTY TOP 20 EQUAL WEIGHT,2006-03-02,2026-10-01,2180,2016-07-07
NIFTY TOTAL MARKET,2005-04-01,2026-10-01,3154,2016-07-07
NIFTY TOTAL MARKET MOMENTUM QUALITY 50,2005-04-01,2026-10-01,2213,2025-08-06
NIFTY TR 1X INVERSE,2014-06-30,2015-11-06,258,
NIFTY TR 2X LEVERAGE,2014-06-30,2015-11-06,258,
NIFTY TRANSPORTATION & LOGISTICS,2005-04-01,2026-10-01,3065,2016-07-07
NIFTY WAVES,2005-04-01,2026-10-01,2281,2025-05-02
NIFTY100 ALPHA 30,2005-04-01,2026-10-01,3719,2016-07-07
NIFTY100 ENHANCED ESG,2011-04-01,2026-10-01,2537,2018-03-28
NIFTY100 EQUAL WEIGHT,2005-01-03,2026-10-01,4726,2015-11-09
NIFTY100 ESG,2011-04-01,2026-10-01,2537,2018-03-28
NIFTY100 ESG SECTOR LEADERS,2016-07-07,2026-10-01,1552,2016-07-07
NIFTY100 ESG SECTOR LEADERS - OLD,2020-06-22,2020-06-22,1,2020-06-22
NIFTY100 LIQUID 15,2009-01-01,2026-10-01,3730,2015-11-09
NIFTY100 LOW VOLATILITY 30,2005-04-01,2026-10-01,4454,2016-07-11
NIFTY100 QUALITY 30,2009-10-01,2026-10-01,2837,2016-07-07
NIFTY200 ALPHA 30,2005-04-01,2026-10-01,2963,2016-07-07
NIFTY200 MOMENTUM 30,2005-04-01,2026-10-01,3437,2016-07-07
NIFTY200 QUALITY 30,2005-04-01,2026-10-01,4016,2018-04-18
NIFTY200 VALUE 30,2005-04-01,2026-10-01,2500,2016-07-07
NIFTY50 DIVIDEND POINTS,2012-04-23,2026-10-01,2906,
NIFTY50 EQUAL WEIGHT,2005-01-03,2026-10-01,4326,2017-04-18
NIFTY50 PR 1X INVERSE,2009-04-02,2026-10-01,3670,
NIFTY50 PR 2X LEVERAGE,2009-04-02,2026-10-01,3670,
NIFTY50 SHARIAH,2006-12-29,2026-10-01,4226,2015-11-09
NIFTY50 TR 1X INVERSE,2009-04-02,2026-10-01,3670,
NIFTY50 TR 2X LEVERAGE,2009-04-02,2026-10-01,3670,
NIFTY50 USD,2005-01-03,2026-10-01,4716,
NIFTY50 VALUE 20,2009-01-01,2026-10-01,3730,2015-11-09
NIFTY500 AHIMSA,2026-07-14,2026-10-01,57,2026-07-14
NIFTY500 EQUAL WEIGHT,2005-04-01,2026-10-01,2508,2016-07-07
NIFTY500 FLEXICAP QUALITY 30,2009-10-01,2026-10-01,1178,2025-04-08
NIFTY500 GROWTH 50,2005-04-01,2026-10-01,1953,2026-08-27
NIFTY500 HEALTHCARE,2005-04-01,2026-10-01,2238,2025-07-02
NIFTY500 LARGEMIDSMALL EQUAL-CAP WEIGHTED,2005-04-01,2026-10-01,2503,2016-07-07
NIFTY500 LOW VOLATILITY 50,2005-04-01,2026-10-01,2370,2016-07-07
NIFTY500 MOMENTUM 50,2005-04-01,2026-10-01,2506,2016-07-07
NIFTY500 MULTICAP 50:25:25,2005-04-01,2026-10-01,3365,2016-07-07
NIFTY500 MULTICAP INDIA MANUFACTURING 50:30:20,2005-04-01,2026-10-01,2563,2016-07-07
NIFTY500 MULTICAP INFRASTRUCTURE 50:30:20,2005-04-01,2026-10-01,2563,2016-07-07
NIFTY500 MULTICAP MOMENTUM QUALITY 50,2005-04-01,2026-10-01,2443,2016-07-07
NIFTY500 MULTIFACTOR MQVLV 50,2005-04-01,2026-10-01,2334,2025-02-07
NIFTY500 QUALITY 50,2005-04-01,2026-10-01,2370,2016-07-07
NIFTY500 SHARIAH,2006-12-29,2026-10-01,4226,2015-11-09
NIFTY500 VALUE 50,2005-04-01,2026-10-01,3888,2016-07-07
NSE GSECBM CLEAN PRICE INDEX,2015-03-18,2015-11-06,108,
NSE QUALITY 30,2015-03-19,2015-11-06,109,2015-03-19
NV 20,2014-03-28,2015-11-06,327,2014-03-28
