date,screen,market,symbol,rs,off_high,c_np,c_sales,a_cagr3,roe,industry,fwd21,fwd63,fwd126
2024-12-02,CAN SLIM (C+A+N+L),RALLY_ATTEMPT,360ONE,85.3875,-5.794238683127584,31.720430107526877,57.27272727272727,29.641255279199186,23.304347826086957,Stockbroking & Allied,11.541149746636403,-12.781757819325524,-6.168093657172802
2024-12-02,Top 10 composite,RALLY_ATTEMPT,360ONE,85.3875,-5.794238683127584,31.720430107526877,57.27272727272727,29.641255279199186,23.304347826086957,Stockbroking & Allied,11.541149746636403,-12.781757819325524,-6.168093657172802
2024-12-02,Top 10 composite,RALLY_ATTEMPT,ABSLAMC,84.14999999999999,-3.997367988155953,35.95505617977528,26.567164179104473,14.034506170824002,24.613442726412117,Asset Management Company,-4.472241261137766,-29.68928489833219,-13.690884167237838
2024-12-02,Top 10 composite,RALLY_ATTEMPT,ADFFOODS,80.4375,-1.9855072463768164,33.33333333333333,28.800000000000004,13.960384306101293,16.780045351473923,Packaged Foods,-12.553600473162795,-30.430282419044797,-22.36285672039037
2025-01-01,CAN SLIM (C+A+N+L),RALLY_ATTEMPT,360ONE,89.22222222222223,-2.697965094123911,31.720430107526877,57.27272727272727,29.641255279199186,23.304347826086957,Stockbroking & Allied,-21.113025769562157,-30.245946581029227,-2.451633116628804
2025-01-01,Top 10 composite,RALLY_ATTEMPT,360ONE,89.22222222222223,-2.697965094123911,31.720430107526877,57.27272727272727,29.641255279199186,23.304347826086957,Stockbroking & Allied,-21.113025769562157,-30.245946581029227,-2.451633116628804
2025-01-01,Top 10 composite,RALLY_ATTEMPT,ABBOTINDIA,53.77777777777777,-1.6413289210707394,14.696485623003186,9.303882195448466,20.232437941096727,32.46823465801568,Pharmaceuticals,-12.960171618634874,-1.5960999398735076,15.706003154558367
2025-01-01,Top 10 composite,RALLY_ATTEMPT,ABSLAMC,84.33333333333333,-8.290837308767895,35.95505617977528,26.567164179104473,14.034506170824002,24.613442726412117,Asset Management Company,-21.7100149476831,-22.409566517189837,-3.89237668161434
2025-01-01,Top 10 composite,RALLY_ATTEMPT,ACE,86.77777777777777,-8.389380530973456,28.37837837837838,12.481426448736999,60.05206638831553,26.666666666666668,Construction Vehicles,-16.69242658423493,-17.796883049974234,-23.49304482225657
2025-02-01,Top 10 composite,RALLY_ATTEMPT,AAVAS,53.30769230769231,-14.671921978827163,11.811023622047244,21.333333333333336,19.324021895809686,13.013517095149748,Housing Finance Company,-0.6425441193888326,1.7173990287812302,0.9534525642544311
2025-03-03,Top 10 composite,RALLY_ATTEMPT,ABBOTINDIA,84.48,-1.2147179016061105,16.077170418006425,12.317327766179531,20.232437941096727,32.46823465801568,Pharmaceuticals,-4.086289085110584,1.4316843335669072,-0.10758877677493617
2025-04-01,Top 10 composite,RALLY_ATTEMPT,AAVAS,92.4,-1.7520310844224563,11.811023622047244,21.333333333333336,19.324021895809686,13.013517095149748,Housing Finance Company,-15.380743510462358,-6.948539105007079,-20.327892428273543
2025-04-01,Top 10 composite,RALLY_ATTEMPT,ABBOTINDIA,60.72,-4.956119245304313,16.077170418006425,12.317327766179531,20.232437941096727,32.46823465801568,Pharmaceuticals,-0.5211425555775473,16.828286826307814,-1.1643248235371773
2025-05-02,Top 10 composite,RALLY_ATTEMPT,AADHARHFC,82.28571428571429,-8.900928792569651,17.156862745098046,18.573551263001487,30.1749587665344,16.853932584269664,Housing Finance Company,-6.127867459643166,7.8058623619371215,8.294392523364479
2025-05-02,Top 10 composite,RALLY_ATTEMPT,ABBOTINDIA,78.42857142857143,-3.6802151794965043,16.077170418006425,12.317327766179531,20.232437941096727,32.46823465801568,Pharmaceuticals,-0.3905614320585893,14.548413344182265,-5.630593978844589
2025-06-02,Top 10 composite,RALLY_ATTEMPT,AARTIPHARM,82.91250000000001,-3.813948463076,35.384615384615394,11.462450592885375,30.638050584450106,13.668341708542714,Pharmaceuticals,2.5161471496770504,-3.3192923336141433,-21.684919966301596
2025-06-02,Top 10 composite,RALLY_ATTEMPT,ABBOTINDIA,42.074999999999996,-4.056403110447215,27.874564459930305,11.535788742182064,20.95789214363546,33.40420505551619,Pharmaceuticals,13.26580624081033,4.982845940205838,-4.460055546479335
2025-07-01,Top 10 composite,CORRECTION,AADHARHFC,50.08235294117647,-10.23606811145511,21.287128712871283,20.3757225433526,27.021803813153067,14.312617702448211,Housing Finance Company,9.409355464539782,9.991377452037087,3.7723647337788213
2025-07-01,Top 10 composite,CORRECTION,AARTIPHARM,86.18823529411765,-3.8809899947340742,35.384615384615394,11.462450592885375,30.638050584450106,13.668341708542714,Pharmaceuticals,3.7089793458609632,-9.31353750068482,-18.45723990576891
2025-07-01,Top 10 composite,CORRECTION,AAVAS,36.10588235294117,-8.974932855863926,11.811023622047244,21.333333333333336,19.324021895809686,13.013517095149748,Housing Finance Company,-13.498893533316936,-19.65084829112368,-28.241947381362177
2025-07-01,Top 10 composite,CORRECTION,ABBOTINDIA,61.72941176470588,-6.310810810810807,27.874564459930305,11.535788742182064,20.95789214363546,33.40420505551619,Pharmaceuticals,1.5289196595990262,-15.505553151593832,-17.827780181739506
2025-07-01,Top 10 composite,CORRECTION,ABSLAMC,74.54117647058824,-13.297143170477598,9.615384615384626,17.21311475409837,11.42386158025852,24.979876576334853,Asset Management Company,11.326840374399193,0.11383759170249252,6.678472046546924
2025-08-01,Top 10 composite,CORRECTION,AADHARHFC,58.5,-7.0697674418604635,21.287128712871283,20.3757225433526,27.021803813153067,14.312617702448211,Housing Finance Company,3.1831831831831803,1.9419419419419492,-5.385385385385377
2025-08-01,Top 10 composite,CORRECTION,ABBOTINDIA,64.125,-9.202702702702704,27.874564459930305,11.535788742182064,20.95789214363546,33.40420505551619,Pharmaceuticals,-3.0361660961452652,-12.606042565858012,-19.333234112219078
2025-08-01,Top 10 composite,CORRECTION,ABSLAMC,79.875,-8.471788123046553,9.615384615384626,17.21311475409837,11.42386158025852,24.979876576334853,Asset Management Company,-0.13179966450994618,-6.5180924994009075,-1.3479511143062561
2025-08-01,Top 10 composite,CORRECTION,ACUTAAS,90.0,-5.934847275629396,142.3076923076923,36.888888888888886,30.49558803896213,12.213740458015266,Pharmaceuticals,8.924026224450454,41.48091014269186,53.3898958735056
2025-09-01,Top 10 composite,RALLY_ATTEMPT,AADHARHFC,80.66666666666666,-6.632558139534883,18.500000000000007,18.93408134642356,27.021803813153067,14.312617702448211,Housing Finance Company,1.6738069144166534,-3.347613828833318,-9.714057985453817
2025-09-01,Top 10 composite,RALLY_ATTEMPT,ABCAPITAL,86.77777777777777,-4.223666210670308,9.62772785622592,9.569929666781963,26.771561106958043,11.129026950541315,Investment Company,4.3920728441349866,27.03088734154615,14.818782360292815
2025-09-01,Top 10 composite,RALLY_ATTEMPT,ABDL,88.0,-4.233049277510171,409.09090909090907,21.767810026385213,479.8889997648997,12.637718729747247,Breweries & Distilleries,-1.789341328948657,15.794564271206113,-12.93161814488829
2025-09-01,Top 10 composite,RALLY_ATTEMPT,ACUTAAS,95.33333333333333,-2.173010380622842,193.33333333333331,16.94915254237288,30.49558803896213,12.213740458015266,Pharmaceuticals,-6.7770232031692075,23.32342954159592,48.875212224108665
2025-10-01,Top 10 composite,RALLY_ATTEMPT,ABCAPITAL,84.33333333333333,-0.5802387267904496,9.62772785622592,9.569929666781963,26.771561106958043,11.129026950541315,Investment Company,11.472402868100717,20.476905119226263,12.85642821410704
2025-10-01,Top 10 composite,RALLY_ATTEMPT,ABDL,91.66666666666667,-6.259946949602114,409.09090909090907,21.767810026385213,479.8889997648997,12.637718729747247,Breweries & Distilleries,28.994529334087904,9.41331824184115,-13.761554423693656
2025-10-01,Top 10 composite,RALLY_ATTEMPT,ACMESOLAR,83.1111111111111,-11.100832562442186,13000.0,64.83870967741936,59.3776225006988,5.564176457548215,Power Generation,-5.428373222337857,-16.590357266736046,-5.237599722511277
2025-10-01,Top 10 composite,RALLY_ATTEMPT,ACUTAAS,89.22222222222223,-9.723583611056652,193.33333333333331,16.94915254237288,30.49558803896213,12.213740458015266,Pharmaceuticals,31.045964531306545,26.623235613463624,69.08432862830259
2025-11-03,Top 10 composite,RALLY_ATTEMPT,ABCAPITAL,92.01176470588236,-0.4319332737563242,9.62772785622592,9.569929666781963,26.771561106958043,11.129026950541315,Investment Company,4.712041884816753,3.350785340314122,5.594614809274501
2025-11-03,Top 10 composite,RALLY_ATTEMPT,ABDL,95.50588235294117,-0.8841861139295637,409.09090909090907,21.767810026385213,479.8889997648997,12.637718729747247,Breweries & Distilleries,-9.805498683825675,-25.519157648435208,-13.944135712196537
2025-11-03,Top 10 composite,RALLY_ATTEMPT,ACUTAAS,94.34117647058822,-3.0938871641151833,193.33333333333331,16.94915254237288,30.49558803896213,12.213740458015266,Pharmaceuticals,-4.142730888201507,8.799160406539986,55.23088820150244
2025-11-03,Top 10 composite,RALLY_ATTEMPT,ADANIPORTS,62.89411764705882,-3.2998661311914312,6.565819118120375,20.714285714285708,30.709961914854624,17.76325298302526,Port & Port services,3.6685817124662456,5.959714819685735,22.32989548003046
2025-12-01,Top 10 composite,RALLY_ATTEMPT,360ONE,68.625,-9.764795144157823,28.57142857142858,26.93641618497109,20.64594641127091,14.366595895258316,Stockbroking & Allied,0.058858151854046525,-9.63592028924577,-11.30076515597409
2025-12-01,Top 10 composite,RALLY_ATTEMPT,3MINDIA,66.375,-5.905405405405406,21.705426356589143,-0.28571428571428914,53.24436482696553,27.154168607359107,Diversified,0.86169754416201,2.4701996265977355,-9.406864857101827
2025-12-01,Top 10 composite,RALLY_ATTEMPT,ABDL,95.625,-10.598450057405273,31.25,14.055299539170507,479.8889997648997,12.637718729747247,Breweries & Distilleries,-1.5089493538807397,-24.392005778954974,-8.877116943574936
2025-12-01,Top 10 composite,RALLY_ATTEMPT,ACUTAAS,91.125,-6.740273396424823,89.4736842105263,23.886639676113354,30.49558803896213,12.213740458015266,Pharmaceuticals,-3.884316157402179,23.570864810012402,86.9545608298568
2025-12-01,Top 10 composite,RALLY_ATTEMPT,ADANIPORTS,81.0,-1.1943189154293044,29.299627020306662,29.715579453799347,30.709961914854624,17.76325298302526,Port & Port services,-3.9660241751061753,-3.93335511270827,17.935315256452135
2026-01-01,Top 10 composite,RALLY_ATTEMPT,3MINDIA,76.24137931034483,-2.7027027027026973,21.705426356589143,-0.28571428571428914,53.24436482696553,27.154168607359107,Diversified,-4.194444444444445,-18.722222222222218,-3.486111111111112
2026-01-01,Top 10 composite,RALLY_ATTEMPT,ACUTAAS,89.89655172413794,-7.949526813880126,89.4736842105263,23.886639676113354,30.49558803896213,12.213740458015266,Pharmaceuticals,10.646561571852864,26.45647703906786,97.55540324423121
2026-02-01,Top 10 composite,CORRECTION,ACUTAAS,95.46428571428572,-7.251016260162602,89.4736842105263,23.886639676113354,30.49558803896213,12.213740458015266,Pharmaceuticals,20.084369692653283,49.32887744480359,78.63364926313483
2026-03-02,Top 10 composite,RALLY_ATTEMPT,3MINDIA,66.0,-6.192479621351565,21.705426356589143,-0.28571428571428914,53.24436482696553,27.154168607359107,Diversified,-17.63139453398739,-11.59074982480729,-7.932725998598455
2026-03-02,Top 10 composite,RALLY_ATTEMPT,ABSLAMC,81.93103448275862,-6.227263000214,20.535714285714278,7.415730337078652,11.42386158025852,24.979876576334853,Asset Management Company,8.067092651757202,19.14650844363306,21.211775445002278
2026-03-02,Top 10 composite,RALLY_ATTEMPT,ACUTAAS,95.58620689655173,-0.36818181818181195,135.55555555555557,42.90909090909092,30.49558803896213,12.213740458015266,Pharmaceuticals,0.9352616451480555,51.293398421460815,44.55495232446736
2026-04-01,Top 10 composite,RALLY_ATTEMPT,ABSLAMC,80.5813953488372,-13.869380344942906,20.535714285714278,7.415730337078652,11.42386158025852,24.979876576334853,Asset Management Company,18.105169735966275,28.766363434657215,
2026-04-01,Top 10 composite,RALLY_ATTEMPT,ACUTAAS,99.0,-11.488538029451956,135.55555555555557,42.90909090909092,30.49558803896213,12.213740458015266,Pharmaceuticals,13.918785643840303,50.71394880150939,
2026-05-04,Top 10 composite,RALLY_ATTEMPT,ABCAPITAL,72.6,-6.349851069591117,33.42541436464088,27.40645986568595,26.771561106958043,11.129026950541315,Investment Company,0.8385138065635234,22.69770131559925,
2026-05-04,Top 10 composite,RALLY_ATTEMPT,ABSLAMC,85.8,-5.408232886058684,20.535714285714278,7.415730337078652,11.42386158025852,24.979876576334853,Asset Management Company,-0.6251202154260449,-2.1157914983650716,
2026-05-04,Top 10 composite,RALLY_ATTEMPT,ACMESOLAR,84.7,-7.878507554733272,1.7857142857142794,42.40687679083095,59.3776225006988,5.564176457548215,Power Generation,10.14225941422595,24.217573221757327,
2026-05-04,Top 10 composite,RALLY_ATTEMPT,ACUTAAS,93.5,-1.2398523985239773,135.55555555555557,42.90909090909092,30.49558803896213,12.213740458015266,Pharmaceuticals,17.161111941413832,16.439994021820347,
2026-05-04,Top 10 composite,RALLY_ATTEMPT,ADANIPORTS,74.8,-0.3431316481756874,20.849880857823667,21.86087393269713,30.709961914854624,17.76325298302526,Port & Port services,3.511993572822214,-2.3872374612647684,
2026-06-01,CAN SLIM (C+A+N+L),CORRECTION,ACUTAAS,93.94897959183675,-5.307236284934591,112.6984126984127,40.58441558441559,62.476529962706564,21.5235792019347,Pharmaceuticals,18.172181920567088,8.701845042896416,
2026-06-01,Top 10 composite,CORRECTION,ABB,66.6734693877551,-10.16299137104506,275.57894736842104,5.780730897009967,108.13323730654227,21.286370597243494,Heavy Electrical Equipment,-1.2877979366773373,6.851654215581648,
2026-06-01,Top 10 composite,CORRECTION,ACUTAAS,93.94897959183675,-5.307236284934591,112.6984126984127,40.58441558441559,62.476529962706564,21.5235792019347,Pharmaceuticals,18.172181920567088,8.701845042896416,
2026-06-01,Top 10 composite,CORRECTION,ADANIENSOL,90.91836734693878,-5.1948051948051965,1.2605042016806678,16.752941176470593,23.158537475761086,9.41125575175994,Power Distribution,1.6638823922485946,5.673237554293364,
2026-06-01,Top 10 composite,CORRECTION,ADANIGREEN,88.89795918367346,-5.585644371941267,34.203655352480425,13.960299381711682,26.870799193547956,9.952416729276234,Power Generation,6.08887967378533,-9.392494298154686,
2026-06-01,Top 10 composite,CORRECTION,ADANIPORTS,69.70408163265306,-3.217929238115913,9.427720807145224,26.50801131008482,33.3449257218295,13.32027219958524,Port & Port services,3.627698345948982,-4.2612839921502665,
2026-06-01,Top 10 composite,CORRECTION,ADANIPOWER,94.95918367346938,-8.61526357199055,64.33243555213544,-0.09833532345296936,6.536492130267479,19.974744752606373,Integrated Power Utilities,-2.3417993973310347,-8.467498923805428,
2026-06-01,Top 10 composite,CORRECTION,ADFFOODS,64.65306122448979,-11.553124482015576,62.5,23.899371069182386,17.134499842861995,15.734265734265735,Packaged Foods,15.38605697151425,2.867316341829085,
2026-07-01,CAN SLIM (C+A+N+L),RALLY_ATTEMPT,ACUTAAS,94.05,-1.1772853185595622,112.6984126984127,40.58441558441559,62.476529962706564,21.5235792019347,Pharmaceuticals,-9.353889278206019,-7.383321653819208,
2026-07-01,Top 10 composite,RALLY_ATTEMPT,ACUTAAS,94.05,-1.1772853185595622,112.6984126984127,40.58441558441559,62.476529962706564,21.5235792019347,Pharmaceuticals,-9.353889278206019,-7.383321653819208,
2026-07-01,Top 10 composite,RALLY_ATTEMPT,ADANIENSOL,88.11,-5.783998018330438,1.2605042016806678,16.752941176470593,23.158537475761086,9.41125575175994,Power Distribution,9.044301301432878,-14.17115814381491,
2026-07-01,Top 10 composite,RALLY_ATTEMPT,ADANIGREEN,91.08,-1.4129736673089255,34.203655352480425,13.960299381711682,26.870799193547956,9.952416729276234,Power Generation,-11.485342019543976,-17.915309446254067,
2026-07-01,Top 10 composite,RALLY_ATTEMPT,ADANIPORTS,74.25,-1.7803050433119028,9.427720807145224,26.50801131008482,33.3449257218295,13.32027219958524,Port & Port services,-9.961043177145335,-1.417595498322699,
2026-07-01,Top 10 composite,RALLY_ATTEMPT,ADANIPOWER,90.09,-10.755310778914229,64.33243555213544,-0.09833532345296936,6.536492130267479,19.974744752606373,Integrated Power Utilities,-7.885920832231341,-13.470863087366657,
2026-07-01,Top 10 composite,RALLY_ATTEMPT,ADFFOODS,87.12,-3.7968749999999885,62.5,23.899371069182386,17.134499842861995,15.734265734265735,Packaged Foods,-14.779925288289753,-12.847165827513408,
2026-08-03,Top 10 composite,RALLY_ATTEMPT,3MINDIA,51.44117647058824,-5.456218774651589,21.705426356589143,-0.28571428571428914,53.24436482696553,27.154168607359107,Diversified,-7.342511472674174,,
2026-08-03,Top 10 composite,RALLY_ATTEMPT,AADHARHFC,33.970588235294116,-10.452930728241572,26.93877551020407,18.24729891956782,26.22286027608942,14.533881448083807,Housing Finance Company,-5.4943965089754965,,
2026-08-03,Top 10 composite,RALLY_ATTEMPT,ABB,64.05882352941177,-4.082276484320779,275.57894736842104,5.780730897009967,108.13323730654227,21.286370597243494,Heavy Electrical Equipment,-2.6970135508485704,,
2026-08-03,Top 10 composite,RALLY_ATTEMPT,ADANIENSOL,90.26470588235294,-7.937395192845164,1.2605042016806678,16.752941176470593,23.158537475761086,9.41125575175994,Power Distribution,-16.089860352155437,,
2026-08-03,Top 10 composite,RALLY_ATTEMPT,ADOR,85.41176470588236,-5.8672510958046376,88.88888888888889,2.9032258064516148,22.142586629864127,14.801444043321299,Other Industrial Products,13.137763586775764,,
2026-09-01,Top 10 composite,CORRECTION,360ONE,47.59615384615385,-5.711049991910699,16.140350877192986,34.57738748627881,22.716387025367514,12.3627490849939,Stockbroking & Allied,,,
2026-09-01,Top 10 composite,CORRECTION,ABB,63.77884615384616,-6.669190485204113,2.840909090909083,21.05442176870749,108.13323730654227,21.286370597243494,Heavy Electrical Equipment,,,
2026-09-01,Top 10 composite,CORRECTION,ACE,60.92307692307693,-8.54515050167225,21.42857142857142,20.552147239263796,33.865089038062536,20.636499254102436,Construction Vehicles,,,
