date,screen,n,r21,nifty500_21,r63,nifty500_63,r126,nifty500_126,hit21,med21,hit63,med63,hit126,med126
2024-12-02,"Universe (liquid, EW)",80,-0.11218238918532304,-1.5504130566630914,-19.567199331548217,-12.939960632076309,-3.7905288093253957,0.4319961814427842,,,,,,
2024-12-02,C+A (fundamentals only),1,11.541149746636403,-1.5504130566630914,-12.781757819325524,-12.939960632076309,-6.168093657172802,0.4319961814427842,100.0,11.541149746636403,100.0,-12.781757819325524,0.0,-6.168093657172802
2024-12-02,N+L (price only),12,1.8235369110436253,-1.5504130566630914,-22.16471010387662,-12.939960632076309,-12.135154874372326,0.4319961814427842,33.33333333333333,-3.2020826326535468,33.33333333333333,-29.478230235425634,8.333333333333332,-15.797926479346009
2024-12-02,CAN SLIM (C+A+N+L),1,11.541149746636403,-1.5504130566630914,-12.781757819325524,-12.939960632076309,-6.168093657172802,0.4319961814427842,100.0,11.541149746636403,100.0,-12.781757819325524,0.0,-6.168093657172802
2024-12-02,CAN SLIM (C+A+N+L) + M (cash in correction),0,0.0,-1.5504130566630914,0.0,-12.939960632076309,0.0,0.4319961814427842,,11.541149746636403,,-12.781757819325524,,-6.168093657172802
2024-12-02,CAN SLIM + I (inst. rising),1,11.541149746636403,-1.5504130566630914,-12.781757819325524,-12.939960632076309,-6.168093657172802,0.4319961814427842,100.0,11.541149746636403,100.0,-12.781757819325524,0.0,-6.168093657172802
2024-12-02,Top 10 composite,3,-1.8282306625547193,-1.5504130566630914,-24.30044171223417,-12.939960632076309,-14.073944848267004,0.4319961814427842,33.33333333333333,-4.472241261137766,33.33333333333333,-29.68928489833219,0.0,-13.690884167237838
2024-12-02,Top 10 composite + M (cash in correction),0,0.0,-1.5504130566630914,0.0,-12.939960632076309,0.0,0.4319961814427842,,-4.472241261137766,,-29.68928489833219,,-13.690884167237838
2025-01-01,"Universe (liquid, EW)",81,-8.925055488388931,-5.267816633899414,-11.916672504755727,-5.409486784865969,-0.33226811040482646,4.8067770374258245,,,,,,
2025-01-01,C+A (fundamentals only),1,-21.113025769562157,-5.267816633899414,-30.245946581029227,-5.409486784865969,-2.451633116628804,4.8067770374258245,0.0,-21.113025769562157,0.0,-30.245946581029227,0.0,-2.451633116628804
2025-01-01,N+L (price only),12,-13.18631350369111,-5.267816633899414,-13.891539838299614,-5.409486784865969,-11.597349966439713,4.8067770374258245,25.0,-17.11675958563781,25.0,-16.4154537104595,25.0,-11.436846099750131
2025-01-01,CAN SLIM (C+A+N+L),1,-21.113025769562157,-5.267816633899414,-30.245946581029227,-5.409486784865969,-2.451633116628804,4.8067770374258245,0.0,-21.113025769562157,0.0,-30.245946581029227,0.0,-2.451633116628804
2025-01-01,CAN SLIM (C+A+N+L) + M (cash in correction),0,0.0,-5.267816633899414,0.0,-5.409486784865969,0.0,4.8067770374258245,,-21.113025769562157,,-30.245946581029227,,-2.451633116628804
2025-01-01,CAN SLIM + I (inst. rising),1,-21.113025769562157,-5.267816633899414,-30.245946581029227,-5.409486784865969,-2.451633116628804,4.8067770374258245,0.0,-21.113025769562157,0.0,-30.245946581029227,0.0,-2.451633116628804
2025-01-01,Top 10 composite,4,-18.118909730028765,-5.267816633899414,-18.0121240220167,-5.409486784865969,-3.532762866485337,4.8067770374258245,0.0,-18.902726176898543,25.0,-20.103224783582036,25.0,-3.172004899121572
2025-01-01,Top 10 composite + M (cash in correction),0,0.0,-5.267816633899414,0.0,-5.409486784865969,0.0,4.8067770374258245,,-18.902726176898543,,-20.103224783582036,,-3.172004899121572
2025-02-01,"Universe (liquid, EW)",78,-11.656857366794526,-7.70975476965492,-5.608959968524376,0.43462647839029867,3.4025898335418616,5.0278591865812405,,,,,,
2025-02-01,C+A (fundamentals only),1,-3.966199384555269,-7.70975476965492,-10.535827675475018,0.43462647839029867,3.2384115664533697,5.0278591865812405,100.0,-3.966199384555269,0.0,-10.535827675475018,0.0,3.2384115664533697
2025-02-01,N+L (price only),6,-21.952965854032488,-7.70975476965492,-22.652722861145907,0.43462647839029867,-12.806064813657779,5.0278591865812405,16.666666666666664,-22.410875265955138,0.0,-28.565235632560835,16.666666666666664,-17.22052282148005
2025-02-01,CAN SLIM (C+A+N+L),0,,-7.70975476965492,,0.43462647839029867,,5.0278591865812405,,,,,,
2025-02-01,CAN SLIM (C+A+N+L) + M (cash in correction),0,0.0,-7.70975476965492,0.0,0.43462647839029867,0.0,5.0278591865812405,,,,,,
2025-02-01,CAN SLIM + I (inst. rising),0,,-7.70975476965492,,0.43462647839029867,,5.0278591865812405,,,,,,
2025-02-01,Top 10 composite,1,-0.6425441193888326,-7.70975476965492,1.7173990287812302,0.43462647839029867,0.9534525642544311,5.0278591865812405,100.0,-0.6425441193888326,100.0,1.7173990287812302,0.0,0.9534525642544311
2025-02-01,Top 10 composite + M (cash in correction),0,0.0,-7.70975476965492,0.0,0.43462647839029867,0.0,5.0278591865812405,,-0.6425441193888326,,1.7173990287812302,,0.9534525642544311
2025-03-03,"Universe (liquid, EW)",75,11.255211178608459,6.767117573296422,20.963233017342976,16.425381779619475,22.378226869107433,14.736932042348204,,,,,,
2025-03-03,C+A (fundamentals only),1,-6.754547312487224,6.767117573296422,8.80850194154914,16.425381779619475,6.0290210504802655,14.736932042348204,0.0,-6.754547312487224,0.0,8.80850194154914,0.0,6.0290210504802655
2025-03-03,N+L (price only),2,4.146801147460027,6.767117573296422,14.025269823098728,16.425381779619475,11.403523533907473,14.736932042348204,50.0,4.146801147460027,50.0,14.025269823098728,50.0,11.403523533907473
2025-03-03,CAN SLIM (C+A+N+L),0,,6.767117573296422,,16.425381779619475,,14.736932042348204,,,,,,
2025-03-03,CAN SLIM (C+A+N+L) + M (cash in correction),0,0.0,6.767117573296422,0.0,16.425381779619475,0.0,14.736932042348204,,,,,,
2025-03-03,CAN SLIM + I (inst. rising),0,,6.767117573296422,,16.425381779619475,,14.736932042348204,,,,,,
2025-03-03,Top 10 composite,1,-4.086289085110584,6.767117573296422,1.4316843335669072,16.425381779619475,-0.10758877677493617,14.736932042348204,0.0,-4.086289085110584,0.0,1.4316843335669072,0.0,-0.10758877677493617
2025-03-03,Top 10 composite + M (cash in correction),0,0.0,6.767117573296422,0.0,16.425381779619475,0.0,14.736932042348204,,-4.086289085110584,,1.4316843335669072,,-0.10758877677493617
2025-04-01,"Universe (liquid, EW)",75,0.1628612653212843,4.204169286807535,14.285264208966042,11.632713595861555,15.22605292834161,9.28751942859176,,,,,,
2025-04-01,C+A (fundamentals only),1,2.0435737206552895,4.204169286807535,38.10730169453358,11.632713595861555,18.13319822102124,9.28751942859176,0.0,2.0435737206552895,100.0,38.10730169453358,100.0,18.13319822102124
2025-04-01,N+L (price only),8,-10.038141983849663,4.204169286807535,4.74329860582028,11.632713595861555,5.467209698308344,9.28751942859176,0.0,-10.276003493396214,37.5,0.16917507314334612,62.5,9.72798074176845
2025-04-01,CAN SLIM (C+A+N+L),0,,4.204169286807535,,11.632713595861555,,9.28751942859176,,,,,,
2025-04-01,CAN SLIM (C+A+N+L) + M (cash in correction),0,0.0,4.204169286807535,0.0,11.632713595861555,0.0,9.28751942859176,,,,,,
2025-04-01,CAN SLIM + I (inst. rising),0,,4.204169286807535,,11.632713595861555,,9.28751942859176,,,,,,
2025-04-01,Top 10 composite,2,-7.950943033019953,4.204169286807535,4.939873860650367,11.632713595861555,-10.74610862590536,9.28751942859176,0.0,-7.950943033019953,50.0,4.939873860650367,0.0,-10.74610862590536
2025-04-01,Top 10 composite + M (cash in correction),0,0.0,4.204169286807535,0.0,11.632713595861555,0.0,9.28751942859176,,-7.950943033019953,,4.939873860650367,,-10.74610862590536
2025-05-02,"Universe (liquid, EW)",77,8.985802770096535,3.764882304825967,13.046397764935286,4.669408343179127,15.489238141851265,7.7451604107970695,,,,,,
2025-05-02,C+A (fundamentals only),1,7.672809843164163,3.764882304825967,11.971273168928565,4.669408343179127,14.136346834239855,7.7451604107970695,100.0,7.672809843164163,100.0,11.971273168928565,100.0,14.136346834239855
2025-05-02,N+L (price only),5,8.725490934606464,3.764882304825967,19.749068369853838,4.669408343179127,33.21528502918124,7.7451604107970695,60.0,8.48288712366383,100.0,11.57567793573049,100.0,32.99009512601745
2025-05-02,CAN SLIM (C+A+N+L),0,,3.764882304825967,,4.669408343179127,,7.7451604107970695,,,,,,
2025-05-02,CAN SLIM (C+A+N+L) + M (cash in correction),0,0.0,3.764882304825967,0.0,4.669408343179127,0.0,7.7451604107970695,,,,,,
2025-05-02,CAN SLIM + I (inst. rising),0,,3.764882304825967,,4.669408343179127,,7.7451604107970695,,,,,,
2025-05-02,Top 10 composite,2,-3.259214445850878,3.764882304825967,11.177137853059694,4.669408343179127,1.3318992722599452,7.7451604107970695,0.0,-3.259214445850878,100.0,11.177137853059694,50.0,1.3318992722599452
2025-05-02,Top 10 composite + M (cash in correction),0,0.0,3.764882304825967,0.0,4.669408343179127,0.0,7.7451604107970695,,-3.259214445850878,,11.177137853059694,,1.3318992722599452
2025-06-02,"Universe (liquid, EW)",80,3.4738710881012844,3.4200442313166546,1.0403353764217382,-0.5296809652061585,3.3658000680794347,4.325691388031272,,,,,,
2025-06-02,C+A (fundamentals only),0,,3.4200442313166546,,-0.5296809652061585,,4.325691388031272,,,,,,
2025-06-02,N+L (price only),9,4.213061278967505,3.4200442313166546,13.324383598061901,-0.5296809652061585,11.662426878157774,4.325691388031272,55.55555555555556,4.393717277486919,66.66666666666666,9.41963478575303,55.55555555555556,9.424083769633507
2025-06-02,CAN SLIM (C+A+N+L),0,,3.4200442313166546,,-0.5296809652061585,,4.325691388031272,,,,,,
2025-06-02,CAN SLIM (C+A+N+L) + M (cash in correction),0,0.0,3.4200442313166546,0.0,-0.5296809652061585,0.0,4.325691388031272,,,,,,
2025-06-02,CAN SLIM + I (inst. rising),0,,3.4200442313166546,,-0.5296809652061585,,4.325691388031272,,,,,,
2025-06-02,Top 10 composite,2,7.89097669524369,3.4200442313166546,0.8317768032958472,-0.5296809652061585,-13.072487756390466,4.325691388031272,50.0,7.89097669524369,50.0,0.8317768032958472,0.0,-13.072487756390466
2025-06-02,Top 10 composite + M (cash in correction),0,0.0,3.4200442313166546,0.0,-0.5296809652061585,0.0,4.325691388031272,,7.89097669524369,,0.8317768032958472,,-13.072487756390466
2025-07-01,"Universe (liquid, EW)",85,-0.6148050371584581,-2.4640648389084308,-2.1717576344621055,-3.7320906440487134,-1.1137731541873879,1.2453711447378613,,,,,,
2025-07-01,C+A (fundamentals only),0,,-2.4640648389084308,,-3.7320906440487134,,1.2453711447378613,,,,,,
2025-07-01,N+L (price only),15,1.5007868204625712,-2.4640648389084308,8.192334061214233,-3.7320906440487134,10.552527804824642,1.2453711447378613,73.33333333333333,0.5513740591633232,66.66666666666666,4.113247863247871,60.0,16.094871346052877
2025-07-01,CAN SLIM (C+A+N+L),0,,-2.4640648389084308,,-3.7320906440487134,,1.2453711447378613,,,,,,
2025-07-01,CAN SLIM (C+A+N+L) + M (cash in correction),0,0.0,-2.4640648389084308,0.0,-3.7320906440487134,0.0,1.2453711447378613,,,,,,
2025-07-01,CAN SLIM + I (inst. rising),0,,-2.4640648389084308,,-3.7320906440487134,,1.2453711447378613,,,,,,
2025-07-01,Top 10 composite,5,2.495040262216406,-2.4640648389084308,-6.87294477993255,-3.7320906440487134,-10.81522613770897,1.2453711447378613,80.0,3.7089793458609632,40.0,-9.31353750068482,40.0,-17.827780181739506
2025-07-01,Top 10 composite + M (cash in correction),0,0.0,-2.4640648389084308,0.0,-3.7320906440487134,0.0,1.2453711447378613,,3.7089793458609632,,-9.31353750068482,,-17.827780181739506
2025-08-01,"Universe (liquid, EW)",88,0.8776455664052257,0.8423875291362348,3.717694822603775,4.418344642349159,2.481146487051056,3.7986826117541783,,,,,,
2025-08-01,C+A (fundamentals only),0,,0.8423875291362348,,4.418344642349159,,3.7986826117541783,,,,,,
2025-08-01,N+L (price only),12,2.0849733633393135,0.8423875291362348,9.012608303976739,4.418344642349159,1.3730581286834707,3.7986826117541783,50.0,0.6308603227150711,50.0,9.853509048455777,41.66666666666667,-4.343700913969012
2025-08-01,CAN SLIM (C+A+N+L),0,,0.8423875291362348,,4.418344642349159,,3.7986826117541783,,,,,,
2025-08-01,CAN SLIM (C+A+N+L) + M (cash in correction),0,0.0,0.8423875291362348,0.0,4.418344642349159,0.0,3.7986826117541783,,,,,,
2025-08-01,CAN SLIM + I (inst. rising),0,,0.8423875291362348,,4.418344642349159,,3.7986826117541783,,,,,,
2025-08-01,Top 10 composite,4,2.2348109117446056,0.8423875291362348,6.074679254843723,4.418344642349159,6.830831315398723,3.7986826117541783,50.0,1.525691759336617,25.0,-2.288075278729479,25.0,-3.3666682498458167
2025-08-01,Top 10 composite + M (cash in correction),0,0.0,0.8423875291362348,0.0,4.418344642349159,0.0,3.7986826117541783,,1.525691759336617,,-2.288075278729479,,-3.3666682498458167
2025-09-01,"Universe (liquid, EW)",81,1.146544585936211,0.09047462858073896,1.8884654770054095,4.881227285034706,-3.141877118136708,-1.3373074662481166,,,,,,
2025-09-01,C+A (fundamentals only),0,,0.09047462858073896,,4.881227285034706,,-1.3373074662481166,,,,,,
2025-09-01,N+L (price only),13,3.8071826126132744,0.09047462858073896,8.614628648686711,4.881227285034706,-0.06882846813102436,-1.3373074662481166,53.84615384615385,1.6738069144166534,61.53846153846154,9.864507600793115,53.84615384615385,0.14552651493102697
2025-09-01,CAN SLIM (C+A+N+L),0,,0.09047462858073896,,4.881227285034706,,-1.3373074662481166,,,,,,
2025-09-01,CAN SLIM (C+A+N+L) + M (cash in correction),0,0.0,0.09047462858073896,0.0,4.881227285034706,0.0,-1.3373074662481166,,,,,,
2025-09-01,CAN SLIM + I (inst. rising),0,,0.09047462858073896,,4.881227285034706,,-1.3373074662481166,,,,,,
2025-09-01,Top 10 composite,4,-0.6251211933915561,0.09047462858073896,15.700316831378716,4.881227285034706,10.262079613514842,-1.3373074662481166,50.0,-0.05776720726600182,75.0,19.558996906401017,50.0,2.552362187419499
2025-09-01,Top 10 composite + M (cash in correction),0,0.0,0.09047462858073896,0.0,4.881227285034706,0.0,-1.3373074662481166,,-0.05776720726600182,,19.558996906401017,,2.552362187419499
2025-10-01,"Universe (liquid, EW)",81,2.253293502439082,3.8485190790420676,0.10899027982452045,5.105917141698257,-2.0734106349222143,-3.450757360990575,,,,,,
2025-10-01,C+A (fundamentals only),0,,3.8485190790420676,,5.105917141698257,,-3.450757360990575,,,,,,
2025-10-01,N+L (price only),12,3.432494232300419,3.8485190790420676,1.4197959780164622,5.105917141698257,-2.600341948748061,-3.450757360990575,41.66666666666667,-0.9838582028244003,41.66666666666667,-1.064325747943523,41.66666666666667,-9.499577073102467
2025-10-01,CAN SLIM (C+A+N+L),0,,3.8485190790420676,,5.105917141698257,,-3.450757360990575,,,,,,
2025-10-01,CAN SLIM (C+A+N+L) + M (cash in correction),0,0.0,3.8485190790420676,0.0,5.105917141698257,0.0,-3.450757360990575,,,,,,
2025-10-01,CAN SLIM + I (inst. rising),0,,3.8485190790420676,,5.105917141698257,,-3.450757360990575,,,,,,
2025-10-01,Top 10 composite,4,16.521130877789325,3.8485190790420676,9.980775426948748,5.105917141698257,15.735400674051174,-3.450757360990575,75.0,20.23346610109431,75.0,14.945111680533707,50.0,3.809414245797882
2025-10-01,Top 10 composite + M (cash in correction),0,0.0,3.8485190790420676,0.0,5.105917141698257,0.0,-3.450757360990575,,20.23346610109431,,14.945111680533707,,3.809414245797882
2025-11-03,"Universe (liquid, EW)",85,-3.36267409155535,-0.3964604148555151,-2.693856860148903,-1.5304043980227444,6.183748900917328,-4.262579428576229,,,,,,
2025-11-03,C+A (fundamentals only),0,,-0.3964604148555151,,-1.5304043980227444,,-4.262579428576229,,,,,,
2025-11-03,N+L (price only),11,-2.9714895491869218,-0.3964604148555151,-3.7638753966727108,-1.5304043980227444,17.433668069860264,-4.262579428576229,36.36363636363637,-4.142730888201507,45.45454545454545,-3.6553524804177617,90.9090909090909,15.523861766319257
2025-11-03,CAN SLIM (C+A+N+L),0,,-0.3964604148555151,,-1.5304043980227444,,-4.262579428576229,,,,,,
2025-11-03,CAN SLIM (C+A+N+L) + M (cash in correction),0,0.0,-0.3964604148555151,0.0,-1.5304043980227444,0.0,-4.262579428576229,,,,,,
2025-11-03,CAN SLIM + I (inst. rising),0,,-0.3964604148555151,,-1.5304043980227444,,-4.262579428576229,,,,,,
2025-11-03,Top 10 composite,4,-1.3919014936860457,-0.3964604148555151,-1.852374270473841,-1.5304043980227444,17.302815694652715,-4.262579428576229,50.0,-0.2370745878676308,75.0,4.655250079999929,75.0,13.96225514465248
2025-11-03,Top 10 composite + M (cash in correction),0,0.0,-0.3964604148555151,0.0,-1.5304043980227444,0.0,-4.262579428576229,,-0.2370745878676308,,4.655250079999929,,13.96225514465248
2025-12-01,"Universe (liquid, EW)",88,-1.0506711760225587,-0.21277084913962074,-4.05617921431833,-4.541758891752313,5.935506570205413,-7.3100790261867,,,,,,
2025-12-01,C+A (fundamentals only),0,,-0.21277084913962074,,-4.541758891752313,,-7.3100790261867,,,,,,
2025-12-01,N+L (price only),12,2.4250061878832128,-0.21277084913962074,-2.7395851180009925,-4.541758891752313,11.875741463382992,-7.3100790261867,50.0,-0.5298186814334971,58.333333333333336,-3.307884642731879,66.66666666666666,-1.2570882674410921
2025-12-01,CAN SLIM (C+A+N+L),0,,-0.21277084913962074,,-4.541758891752313,,-7.3100790261867,,,,,,
2025-12-01,CAN SLIM (C+A+N+L) + M (cash in correction),0,0.0,-0.21277084913962074,0.0,-4.541758891752313,0.0,-7.3100790261867,,,,,,
2025-12-01,CAN SLIM + I (inst. rising),0,,-0.21277084913962074,,-4.541758891752313,,-7.3100790261867,,,,,,
2025-12-01,Top 10 composite,5,-1.6877467980746075,-0.21277084913962074,-2.3840433488597754,-4.541758891752313,15.061025825931617,-7.3100790261867,40.0,-1.5089493538807397,60.0,-3.93335511270827,40.0,-8.877116943574936
2025-12-01,Top 10 composite + M (cash in correction),0,0.0,-0.21277084913962074,0.0,-4.541758891752313,0.0,-7.3100790261867,,-1.5089493538807397,,-3.93335511270827,,-8.877116943574936
2026-01-01,"Universe (liquid, EW)",87,-3.726533243931979,-4.485864434922449,-8.289016118184302,-10.9291057339013,12.173230224594462,-3.4647243465477096,,,,,,
2026-01-01,C+A (fundamentals only),0,,-4.485864434922449,,-10.9291057339013,,-3.4647243465477096,,,,,,
2026-01-01,N+L (price only),12,-5.7211033986794595,-4.485864434922449,-11.182148132756735,-10.9291057339013,12.663677841966889,-3.4647243465477096,50.0,-5.329068100124301,50.0,-9.823419679414279,58.333333333333336,7.2642039660274715
2026-01-01,CAN SLIM (C+A+N+L),0,,-4.485864434922449,,-10.9291057339013,,-3.4647243465477096,,,,,,
2026-01-01,CAN SLIM (C+A+N+L) + M (cash in correction),0,0.0,-4.485864434922449,0.0,-10.9291057339013,0.0,-3.4647243465477096,,,,,,
2026-01-01,CAN SLIM + I (inst. rising),0,,-4.485864434922449,,-10.9291057339013,,-3.4647243465477096,,,,,,
2026-01-01,Top 10 composite,2,3.2260585637042096,-4.485864434922449,3.867127408422821,-10.9291057339013,47.03464606656005,-3.4647243465477096,100.0,3.2260585637042096,50.0,3.867127408422821,50.0,47.03464606656005
2026-01-01,Top 10 composite + M (cash in correction),0,0.0,-4.485864434922449,0.0,-10.9291057339013,0.0,-3.4647243465477096,,3.2260585637042096,,3.867127408422821,,47.03464606656005
2026-02-01,"Universe (liquid, EW)",84,1.0754990269234868,0.9935297837806889,14.91325433004686,2.665481418582738,22.94857225285846,4.945093824769042,,,,,,
2026-02-01,C+A (fundamentals only),0,,0.9935297837806889,,2.665481418582738,,4.945093824769042,,,,,,
2026-02-01,N+L (price only),7,0.4673577000844065,0.9935297837806889,7.724084001281862,2.665481418582738,22.566810261154327,4.945093824769042,42.857142857142854,-2.8940383830134753,57.14285714285714,5.3899550837076315,57.14285714285714,11.024908125765599
2026-02-01,CAN SLIM (C+A+N+L),0,,0.9935297837806889,,2.665481418582738,,4.945093824769042,,,,,,
2026-02-01,CAN SLIM (C+A+N+L) + M (cash in correction),0,0.0,0.9935297837806889,0.0,2.665481418582738,0.0,4.945093824769042,,,,,,
2026-02-01,CAN SLIM + I (inst. rising),0,,0.9935297837806889,,2.665481418582738,,4.945093824769042,,,,,,
2026-02-01,Top 10 composite,1,20.084369692653283,0.9935297837806889,49.32887744480359,2.665481418582738,78.63364926313483,4.945093824769042,100.0,20.084369692653283,100.0,49.32887744480359,100.0,78.63364926313483
2026-02-01,Top 10 composite + M (cash in correction),0,0.0,0.9935297837806889,0.0,2.665481418582738,0.0,4.945093824769042,,20.084369692653283,,49.32887744480359,,78.63364926313483
2026-03-02,"Universe (liquid, EW)",87,-3.848789796239309,-7.189978958615695,11.995201656497677,-2.9000326239985608,20.454136365337593,1.8313229797753072,,,,,,
2026-03-02,C+A (fundamentals only),0,,-7.189978958615695,,-2.9000326239985608,,1.8313229797753072,,,,,,
2026-03-02,N+L (price only),8,-2.764157476986398,-7.189978958615695,14.828540328953954,-2.9000326239985608,33.67300802453933,1.8313229797753072,75.0,1.4774830393227911,75.0,20.17259740736661,62.5,30.985433537968817
2026-03-02,CAN SLIM (C+A+N+L),0,,-7.189978958615695,,-2.9000326239985608,,1.8313229797753072,,,,,,
2026-03-02,CAN SLIM (C+A+N+L) + M (cash in correction),0,0.0,-7.189978958615695,0.0,-2.9000326239985608,0.0,1.8313229797753072,,,,,,
2026-03-02,CAN SLIM + I (inst. rising),0,,-7.189978958615695,,-2.9000326239985608,,1.8313229797753072,,,,,,
2026-03-02,Top 10 composite,3,-2.8763467456940446,-7.189978958615695,19.61638568009553,-2.9000326239985608,19.278000590290393,1.8313229797753072,66.66666666666666,0.9352616451480555,66.66666666666666,19.14650844363306,66.66666666666666,21.211775445002278
2026-03-02,Top 10 composite + M (cash in correction),0,0.0,-7.189978958615695,0.0,-2.9000326239985608,0.0,1.8313229797753072,,0.9352616451480555,,19.14650844363306,,21.211775445002278
2026-04-01,"Universe (liquid, EW)",86,16.626019802325068,8.947153471553815,27.54755442810665,11.935906836110565,,,,,,,,
2026-04-01,C+A (fundamentals only),0,,8.947153471553815,,11.935906836110565,,,,,,,,
2026-04-01,N+L (price only),10,19.41982298911335,8.947153471553815,34.27978984413224,11.935906836110565,,,80.0,17.050401602074196,90.0,31.663089249596,,
2026-04-01,CAN SLIM (C+A+N+L),0,,8.947153471553815,,11.935906836110565,,,,,,,,
2026-04-01,CAN SLIM (C+A+N+L) + M (cash in correction),0,0.0,8.947153471553815,0.0,11.935906836110565,,,,,,,,
2026-04-01,CAN SLIM + I (inst. rising),0,,8.947153471553815,,11.935906836110565,,,,,,,,
2026-04-01,Top 10 composite,2,16.01197768990329,8.947153471553815,39.740156118083306,11.935906836110565,,,100.0,16.01197768990329,100.0,39.740156118083306,,
2026-04-01,Top 10 composite + M (cash in correction),0,0.0,8.947153471553815,0.0,11.935906836110565,,,,16.01197768990329,,39.740156118083306,,
2026-05-04,"Universe (liquid, EW)",90,1.6885596644945007,-1.65960382379029,8.721429908374636,4.257853990779981,,,,,,,,
2026-05-04,C+A (fundamentals only),0,,-1.65960382379029,,4.257853990779981,,,,,,,,
2026-05-04,N+L (price only),15,5.726275235197161,-1.65960382379029,9.526667648516998,4.257853990779981,,,73.33333333333333,2.296524417069956,66.66666666666666,14.162923529085546,,
2026-05-04,CAN SLIM (C+A+N+L),0,,-1.65960382379029,,4.257853990779981,,,,,,,,
2026-05-04,CAN SLIM (C+A+N+L) + M (cash in correction),0,0.0,-1.65960382379029,0.0,4.257853990779981,,,,,,,,
2026-05-04,CAN SLIM + I (inst. rising),0,,-1.65960382379029,,4.257853990779981,,,,,,,,
2026-05-04,Top 10 composite,5,6.205751703919895,-1.65960382379029,11.770447919909417,4.257853990779981,,,100.0,3.511993572822214,60.0,16.439994021820347,,
2026-05-04,Top 10 composite + M (cash in correction),0,0.0,-1.65960382379029,0.0,4.257853990779981,,,,3.511993572822214,,16.439994021820347,,
2026-06-01,"Universe (liquid, EW)",98,5.416492939795589,3.0025024567752467,7.957567375731521,4.860515332283022,,,,,,,,
2026-06-01,C+A (fundamentals only),1,18.172181920567088,3.0025024567752467,8.701845042896416,4.860515332283022,,,100.0,18.172181920567088,100.0,8.701845042896416,,
2026-06-01,N+L (price only),13,11.292174478565851,3.0025024567752467,16.961802670899,4.860515332283022,,,69.23076923076923,12.203060758337148,69.23076923076923,13.398726912240445,,
2026-06-01,CAN SLIM (C+A+N+L),1,18.172181920567088,3.0025024567752467,8.701845042896416,4.860515332283022,,,100.0,18.172181920567088,100.0,8.701845042896416,,
2026-06-01,CAN SLIM (C+A+N+L) + M (cash in correction),0,0.0,3.0025024567752467,0.0,4.860515332283022,,,,18.172181920567088,,8.701845042896416,,
2026-06-01,CAN SLIM + I (inst. rising),1,18.172181920567088,3.0025024567752467,8.701845042896416,4.860515332283022,,,100.0,18.172181920567088,100.0,8.701845042896416,,
2026-06-01,Top 10 composite,7,5.901300281436554,3.0025024567752467,0.2818251343557332,4.860515332283022,,,57.14285714285714,3.627698345948982,42.857142857142854,2.867316341829085,,
2026-06-01,Top 10 composite + M (cash in correction),0,0.0,3.0025024567752467,0.0,4.860515332283022,,,,3.627698345948982,,2.867316341829085,,
2026-07-01,"Universe (liquid, EW)",100,0.08737134009672731,1.0466582870543473,-2.1795811061806862,-4.372902843371207,,,,,,,,
2026-07-01,C+A (fundamentals only),1,-9.353889278206019,1.0466582870543473,-7.383321653819208,-4.372902843371207,,,0.0,-9.353889278206019,0.0,-7.383321653819208,,
2026-07-01,N+L (price only),18,-5.453000720679146,1.0466582870543473,-1.7265241262391287,-4.372902843371207,,,16.666666666666664,-7.794035134641774,50.0,-4.654875344656018,,
2026-07-01,CAN SLIM (C+A+N+L),1,-9.353889278206019,1.0466582870543473,-7.383321653819208,-4.372902843371207,,,0.0,-9.353889278206019,0.0,-7.383321653819208,,
2026-07-01,CAN SLIM (C+A+N+L) + M (cash in correction),0,0.0,1.0466582870543473,0.0,-4.372902843371207,,,,-9.353889278206019,,-7.383321653819208,,
2026-07-01,CAN SLIM + I (inst. rising),1,-9.353889278206019,1.0466582870543473,-7.383321653819208,-4.372902843371207,,,0.0,-9.353889278206019,0.0,-7.383321653819208,,
2026-07-01,Top 10 composite,6,-7.403636548997258,1.0466582870543473,-11.200902276181827,-4.372902843371207,,,16.666666666666664,-9.657466227675677,16.666666666666664,-13.159014457440033,,
2026-07-01,Top 10 composite + M (cash in correction),0,0.0,1.0466582870543473,0.0,-4.372902843371207,,,,-9.657466227675677,,-13.159014457440033,,
2026-08-03,"Universe (liquid, EW)",102,-0.8273692702786386,-1.9449351653268332,,,,,,,,,,
2026-08-03,C+A (fundamentals only),1,1.8579129765113667,-1.9449351653268332,,,,,100.0,1.8579129765113667,,,,
2026-08-03,N+L (price only),13,2.3750073271746395,-1.9449351653268332,,,,,53.84615384615385,3.497409326424883,,,,
2026-08-03,CAN SLIM (C+A+N+L),0,,-1.9449351653268332,,,,,,,,,,
2026-08-03,CAN SLIM (C+A+N+L) + M (cash in correction),0,0.0,-1.9449351653268332,,,,,,,,,,
2026-08-03,CAN SLIM + I (inst. rising),0,,-1.9449351653268332,,,,,,,,,,
2026-08-03,Top 10 composite,5,-3.6972036595755826,-1.9449351653268332,,,,,20.0,-5.4943965089754965,,,,
2026-08-03,Top 10 composite + M (cash in correction),0,0.0,-1.9449351653268332,,,,,,-5.4943965089754965,,,,
2026-09-01,"Universe (liquid, EW)",104,,,,,,,,,,,,
2026-09-01,C+A (fundamentals only),1,,,,,,,,,,,,
2026-09-01,N+L (price only),14,,,,,,,,,,,,
2026-09-01,CAN SLIM (C+A+N+L),0,,,,,,,,,,,,
2026-09-01,CAN SLIM (C+A+N+L) + M (cash in correction),0,,,,,,,,,,,,
2026-09-01,CAN SLIM + I (inst. rising),0,,,,,,,,,,,,
2026-09-01,Top 10 composite,3,,,,,,,,,,,,
2026-09-01,Top 10 composite + M (cash in correction),0,,,,,,,,,,,,
