type,period,n,before 3m %,1m %,1m beat %,3m %,3m beat %,6m %,6m beat %,12m %,12m beat %,12m n,12m mean %
CFO resigns,2016-22,165,0.1,-1.2,46.1,-3.9,40.6,-4.1,42.9,-8.1,42.6,162,4.1
CFO resigns,2023-26,61,-0.5,0.3,50.0,0.8,54.5,-3.6,43.8,-6.0,39.5,38,-4.6
QIP,2016-22,252,7.1,-0.7,46.0,-0.3,49.2,-2.3,46.2,-4.0,46.0,252,2.2
QIP,2023-26,168,8.7,-0.5,47.9,-1.8,46.0,-6.0,41.1,-4.3,44.4,133,9.9
auditor resigns,2016-22,46,3.2,0.4,50.0,-0.8,50.0,-0.1,50.0,11.0,56.5,46,12.2
auditor resigns,2023-26,177,-1.9,-0.8,43.0,1.2,53.5,4.1,57.5,0.5,51.2,121,7.6
bonus issue,2016-22,242,15.5,1.8,57.3,-1.7,48.3,-2.7,46.7,-1.9,49.2,242,4.2
bonus issue,2023-26,163,11.1,-0.1,49.7,-1.3,46.2,-0.3,49.0,-5.4,45.7,127,4.6
buyback,2016-22,188,5.0,-1.6,41.5,-4.1,36.7,-5.1,37.4,-2.6,46.8,188,6.1
buyback,2023-26,88,6.3,-1.6,44.2,-4.8,38.1,-8.9,31.9,-14.2,31.8,66,-9.9
credit rating DOWNGRADE,2016-22,55,-5.2,0.3,52.7,-2.5,41.8,-5.7,41.8,1.4,52.7,55,20.3
credit rating DOWNGRADE,2023-26,5,4.7,-5.5,40.0,4.6,80.0,7.1,75.0,26.5,100.0,3,18.4
credit rating UPGRADE,2016-22,401,5.9,0.7,52.4,3.0,58.6,2.8,54.6,8.3,57.6,401,24.2
credit rating UPGRADE,2023-26,53,6.8,0.4,50.0,3.7,60.0,8.0,76.3,14.0,60.0,25,16.4
demerger,2016-22,20,18.7,-5.6,20.0,-0.3,50.0,-0.7,50.0,4.0,60.0,20,10.6
demerger,2023-26,16,-1.6,0.2,50.0,-5.7,31.2,-1.4,42.9,7.3,61.5,13,-0.4
exchange query: price/volume spurt,2016-22,3318,7.9,-3.0,39.6,-4.1,42.0,-4.8,43.1,-6.4,44.4,3312,14.0
exchange query: price/volume spurt,2023-26,2450,4.7,-2.3,41.2,-4.2,41.2,-3.9,43.1,-3.3,46.3,1654,14.0
preferential issue,2016-22,459,3.8,-1.4,43.7,-0.8,48.2,-0.2,49.8,-5.6,44.2,457,32.6
preferential issue,2023-26,323,9.2,0.5,52.3,0.0,50.3,0.9,52.5,0.1,50.2,227,17.7
stock split,2016-22,197,11.0,1.8,56.3,4.4,60.2,5.0,56.6,2.8,52.8,197,18.5
stock split,2023-26,156,13.8,-0.0,49.7,1.7,52.9,2.7,53.5,-0.4,50.0,126,17.8
