type x size,n,before 3m %,1m %,1m beat %,3m %,3m beat %,6m %,6m beat %,12m %,12m beat %,12m n,12m mean %
CFO resigns / Large,10,11.7,-2.0,30.0,1.5,60.0,4.0,50.0,14.0,70.0,10,12.2
CFO resigns / Micro,141,-0.1,0.7,51.8,-0.6,48.6,-3.8,46.6,-6.0,43.0,121,3.1
CFO resigns / Mid,24,-1.2,-1.4,34.8,-1.6,39.1,-2.5,36.4,-8.1,38.1,21,6.6
CFO resigns / Small,51,-0.7,-2.0,42.9,-5.8,30.6,-7.7,35.4,-17.8,35.4,48,-3.3
QIP / Large,85,8.7,-1.6,36.5,-2.0,44.6,-2.7,43.4,-7.1,43.9,82,-1.5
QIP / Micro,122,9.1,1.2,53.7,2.4,55.8,-2.8,44.6,-0.1,50.0,108,13.3
QIP / Mid,102,5.9,0.0,50.0,-3.0,41.2,-5.1,42.6,-7.6,41.8,91,1.6
QIP / Small,111,7.5,-1.0,44.1,-1.3,48.6,-4.1,46.6,-2.9,45.2,104,4.0
auditor resigns / Large,8,13.5,-7.2,25.0,0.3,50.0,17.6,75.0,16.9,75.0,8,24.0
auditor resigns / Micro,187,-1.4,-0.7,46.4,1.1,54.2,2.3,56.6,2.1,53.3,137,11.4
auditor resigns / Mid,9,-3.1,-1.0,50.0,-2.2,37.5,-11.4,25.0,-27.4,14.3,7,-25.0
auditor resigns / Small,19,-1.1,-0.5,31.6,-2.4,47.1,3.2,52.9,9.5,53.3,15,-6.5
bonus issue / Large,71,4.1,0.2,57.7,0.9,52.1,3.4,52.2,7.9,63.2,68,11.0
bonus issue / Micro,191,20.2,0.8,53.2,-1.1,46.7,-4.3,44.2,-8.8,42.2,166,-0.2
bonus issue / Mid,59,8.9,3.5,61.0,0.2,50.8,4.4,57.6,1.0,50.0,58,9.3
bonus issue / Small,84,11.7,-0.1,48.8,-4.0,42.9,-2.4,43.8,-6.6,45.5,77,4.8
buyback / Large,35,4.2,-1.2,42.9,-0.5,42.9,-5.3,41.2,-6.0,38.2,34,-4.0
buyback / Micro,124,5.9,-1.7,41.8,-5.0,39.2,-6.7,35.1,-2.6,48.6,107,10.2
buyback / Mid,32,7.6,-0.2,43.8,-4.2,34.4,-6.1,22.6,-8.0,38.7,31,-2.3
buyback / Small,85,4.2,-1.6,42.4,-4.7,32.9,-3.4,39.8,-7.3,39.0,82,-4.7
credit rating DOWNGRADE / Large,8,-8.7,3.5,75.0,1.4,50.0,-6.9,37.5,-9.6,50.0,8,7.2
credit rating DOWNGRADE / Micro,41,-0.5,0.3,51.2,-1.6,43.9,-5.0,45.0,9.5,57.5,40,24.0
credit rating DOWNGRADE / Mid,4,-22.0,-2.8,25.0,-12.6,0.0,-14.6,25.0,-27.4,25.0,4,-14.4
credit rating DOWNGRADE / Small,7,4.8,-1.1,42.9,6.0,71.4,7.5,57.1,14.4,66.7,6,36.0
credit rating UPGRADE / Large,33,5.3,1.5,60.6,-1.1,41.9,-0.4,50.0,11.9,66.7,30,11.1
credit rating UPGRADE / Micro,219,3.3,0.7,51.8,3.9,59.8,7.2,59.8,11.7,58.2,201,30.9
credit rating UPGRADE / Mid,62,6.3,-0.4,50.0,1.0,52.5,0.4,54.1,3.9,56.7,60,11.2
credit rating UPGRADE / Small,140,9.3,0.7,51.4,4.6,63.8,2.4,54.0,6.6,55.6,135,21.5
demerger / Large,5,0.7,-1.1,40.0,-7.5,0.0,-12.4,0.0,-19.3,25.0,4,-17.4
demerger / Micro,18,17.4,-3.6,22.2,1.4,55.6,-3.4,47.1,8.5,56.2,16,5.2
demerger / Mid,4,18.5,-4.0,25.0,5.7,50.0,-0.1,50.0,5.6,50.0,4,19.2
demerger / Small,9,-11.3,1.5,55.6,-8.4,33.3,2.1,66.7,13.1,88.9,9,12.9
exchange query: price/volume spurt / Large,58,1.4,0.2,51.7,1.3,56.9,-2.5,44.8,-3.6,48.2,56,24.1
exchange query: price/volume spurt / Micro,4273,8.4,-3.1,39.0,-5.2,39.8,-5.7,41.8,-6.5,43.6,3578,14.6
exchange query: price/volume spurt / Mid,325,2.5,-0.5,47.5,-1.7,45.7,-2.0,46.1,-5.2,44.4,302,6.9
exchange query: price/volume spurt / Small,1112,1.4,-1.9,42.6,-1.7,46.5,-1.6,46.8,-0.1,49.9,1030,13.5
preferential issue / Large,100,-1.4,-2.7,41.0,-2.4,46.0,-2.1,46.9,-11.6,38.5,96,-2.7
preferential issue / Micro,504,8.0,-0.5,47.4,0.5,51.3,1.5,52.6,-1.3,49.2,425,42.8
preferential issue / Mid,64,4.3,1.1,53.1,0.3,50.0,0.6,51.7,-3.5,49.1,55,4.3
preferential issue / Small,114,6.0,-0.5,48.2,-2.4,41.8,-1.6,45.9,-8.5,39.8,108,7.0
stock split / Large,26,4.9,2.0,57.7,0.7,53.8,0.8,53.8,-1.1,48.0,25,12.2
stock split / Micro,203,15.0,0.5,51.0,3.5,53.3,4.7,53.7,-0.0,50.0,178,20.5
stock split / Mid,38,8.8,1.2,57.9,2.2,65.8,4.3,57.9,10.6,60.5,38,16.3
stock split / Small,86,13.5,1.1,55.8,5.4,62.8,5.5,58.3,4.9,52.4,82,16.0
