,n,before 3m median excess %,1m n,1m median excess %,1m beat %,3m n,3m median excess %,3m beat %,6m n,6m median excess %,6m beat %,12m n,12m median excess %,12m beat %,12m mean excess %,12m doubled %,same-size stocks doubled %,split
all events,474,10.8,466,0.4,51.3,439,-0.1,49.7,400,4.1,54.0,347,-0.1,49.9,28.5,11.8,8.1,all
Non Promoter,184,9.6,181,-0.2,49.2,172,-2.7,42.4,160,-1.4,49.4,138,-8.6,42.8,30.9,10.1,8.1,allottee
Promoter,112,8.0,111,0.3,50.5,101,0.0,50.5,85,5.5,55.3,70,5.8,57.1,26.6,14.3,8.2,allottee
Promoter & Non Promoter,178,15.9,174,0.6,54.0,166,3.9,56.6,155,7.4,58.1,139,4.3,53.2,27.0,12.2,8.0,allottee
non-promoter only,184,9.6,181,-0.2,49.2,172,-2.7,42.4,160,-1.4,49.4,138,-8.6,42.8,30.9,10.1,8.1,promoter money
promoter in,290,12.1,285,0.6,52.6,267,2.1,54.3,240,6.2,57.1,209,4.6,54.5,26.9,12.9,8.1,promoter money
Acquisition of assets,3,16.4,3,-6.2,33.3,3,-9.9,0.0,2,-4.2,50.0,1,37.1,100.0,37.1,0.0,4.0,consideration
Cash,411,12.1,404,0.6,52.7,381,0.6,52.0,345,4.6,54.5,299,-1.0,49.5,20.0,12.3,8.3,consideration
Convention of loan,9,11.6,9,-1.8,44.4,8,-3.1,25.0,8,-14.2,37.5,8,-21.0,25.0,-17.0,0.0,5.5,consideration
Other,51,0.2,50,-0.9,42.0,47,-2.6,38.3,45,0.9,53.3,39,4.4,56.4,102.3,10.3,7.2,consideration
Large,10,5.6,10,0.8,50.0,10,3.6,60.0,6,-15.2,33.3,5,-39.7,20.0,-26.3,0.0,2.4,size
Mid,20,5.3,20,3.0,65.0,18,1.5,55.6,17,0.5,58.8,13,14.2,84.6,24.3,0.0,5.7,size
Small,41,10.3,41,-3.6,41.5,39,-3.3,33.3,38,-1.7,44.7,34,-0.4,50.0,9.4,8.8,6.0,size
Micro,397,11.5,395,0.4,51.6,372,0.4,50.8,339,5.1,55.2,295,-2.8,48.8,31.8,12.5,8.5,size
<5%,157,7.9,157,-1.1,46.5,144,-1.5,43.8,131,-1.6,48.9,114,-1.3,49.1,8.0,7.9,8.2,dilution band
5-15%,182,13.3,181,-0.2,48.6,175,-0.0,49.7,157,4.8,53.5,143,-2.8,48.3,20.8,11.9,9.2,dilution band
>15%,90,10.4,90,3.1,61.1,86,5.7,59.3,80,8.8,65.0,62,3.5,54.8,27.4,14.5,7.4,dilution band
discount >10%,105,31.8,104,-1.4,43.3,102,-1.8,45.1,95,3.2,52.6,87,9.1,59.8,17.1,10.3,7.2,price vs market
discount 0-10%,73,12.2,73,0.4,53.4,71,0.8,52.1,69,4.6,52.2,62,-5.6,43.5,9.5,8.1,8.8,price vs market
premium,163,2.0,163,2.1,57.1,162,1.2,53.7,154,5.8,57.8,130,-1.8,48.5,25.2,14.6,9.0,price vs market
non-promoter only / dilution 5-15%,70,14.5,70,0.1,50.0,68,-3.7,44.1,63,0.9,50.8,59,-9.6,37.3,-1.9,5.1,8.7,promoter x dilution
non-promoter only / dilution <5%,66,3.4,66,-2.7,40.9,60,-1.7,43.3,57,-7.3,43.9,49,-2.8,46.9,1.0,8.2,8.6,promoter x dilution
non-promoter only / dilution >15%,28,13.6,28,2.4,57.1,28,-2.6,42.9,26,4.8,61.5,17,-10.3,47.1,27.8,17.6,8.2,promoter x dilution
promoter in / dilution 5-15%,112,13.2,111,-0.5,47.7,107,0.7,53.3,94,5.9,55.3,84,12.2,56.0,36.8,16.7,9.5,promoter x dilution
promoter in / dilution <5%,91,11.4,91,0.3,50.5,84,-1.1,44.0,74,1.1,52.7,65,0.2,50.8,13.2,7.7,7.9,promoter x dilution
promoter in / dilution >15%,62,9.6,62,4.2,62.9,58,8.4,67.2,54,13.7,66.7,45,4.6,57.8,27.2,13.3,7.2,promoter x dilution
