feature,bucket,n discover,n check,hit % discover,hit % check,lift discover,lift check,median 12m % discover,median 12m % check,fell 30%+ % discover,fell 30%+ % check
prox_high,"(0.0, 0.6]",27852.0,21881.0,21.19,11.66,1.41,0.82,5.1,-3.49,47.73,34.12
prox_high,"(0.6, 0.75]",42126.0,45755.0,14.26,11.36,0.95,0.8,0.3,-3.24,40.88,32.88
prox_high,"(0.75, 0.85]",45784.0,44813.0,14.04,13.82,0.93,0.98,4.77,2.43,32.5,27.14
prox_high,"(0.85, 0.95]",58324.0,51178.0,14.27,16.49,0.95,1.16,8.91,11.03,26.41,21.71
prox_high,"(0.95, 1.01]",21763.0,20987.0,13.19,17.21,0.88,1.22,10.67,16.27,24.75,17.93
trend,"(-0.5, 0.5]",136163.0,132540.0,14.28,12.45,0.95,0.88,4.29,1.82,36.97,27.85
trend,"(0.5, 1.5]",59638.0,51999.0,16.91,18.26,1.12,1.29,10.0,10.65,26.49,24.23
ext50,Q1 low,39055.0,36849.0,14.38,13.4,0.95,0.95,-0.09,0.81,39.8,30.14
ext50,Q2,39164.0,36917.0,14.05,13.01,0.93,0.92,4.72,3.07,33.56,26.38
ext50,Q3,39181.0,36918.0,14.07,12.87,0.93,0.91,7.43,5.07,31.24,24.31
ext50,Q4,39164.0,36917.0,14.84,13.95,0.98,0.99,9.14,5.82,30.49,24.24
ext50,Q5 high,39283.0,36978.0,18.04,17.52,1.2,1.24,9.16,6.04,33.9,29.13
vol60,Q1 low,39053.0,36853.0,7.17,6.85,0.48,0.48,8.2,7.19,20.64,15.45
vol60,Q2,39164.0,36920.0,11.75,10.97,0.78,0.78,8.28,5.65,28.5,22.22
vol60,Q3,39178.0,36918.0,15.69,15.51,1.04,1.1,6.28,3.51,34.4,27.57
vol60,Q4,39164.0,36920.0,19.24,18.74,1.28,1.32,4.84,3.42,39.99,31.26
vol60,Q5 high,39283.0,36980.0,21.5,18.63,1.43,1.32,-0.08,-1.23,45.37,37.64
mom_6_1,Q1 low,39039.0,36847.0,13.27,11.4,0.88,0.81,0.19,-0.5,39.85,31.6
mom_6_1,Q2,39143.0,36902.0,13.47,11.29,0.89,0.8,4.81,3.37,33.1,25.49
mom_6_1,Q3,39159.0,36912.0,13.53,12.47,0.9,0.88,7.55,6.24,30.42,23.88
mom_6_1,Q4,39143.0,36902.0,15.17,15.36,1.01,1.09,8.89,6.9,30.7,24.38
mom_6_1,Q5 high,39269.0,36970.0,19.92,20.21,1.32,1.43,9.29,5.49,34.91,28.8
mom_12_1,Q1 low,38622.0,36243.0,13.84,10.67,0.92,0.75,1.26,-0.16,38.66,30.84
mom_12_1,Q2,38729.0,36310.0,14.16,11.48,0.94,0.81,5.22,4.01,33.26,23.6
mom_12_1,Q3,38730.0,36303.0,13.41,12.18,0.89,0.86,8.38,5.27,30.22,23.87
mom_12_1,Q4,38729.0,36310.0,14.73,15.39,0.98,1.09,7.73,6.24,30.47,24.99
mom_12_1,Q5 high,38862.0,36361.0,19.3,21.04,1.28,1.49,7.98,6.86,35.9,30.13
ud_vol,Q1 low,39055.0,36859.0,11.6,11.41,0.77,0.81,3.71,3.03,32.56,25.57
ud_vol,Q2,39164.0,36922.0,13.16,12.95,0.87,0.91,5.0,4.59,33.61,25.64
ud_vol,Q3,39182.0,36926.0,14.76,14.19,0.98,1.0,5.69,4.79,34.31,26.03
ud_vol,Q4,39164.0,36922.0,16.91,15.42,1.12,1.09,7.69,4.13,34.11,27.51
ud_vol,Q5 high,39284.0,36985.0,18.94,16.79,1.26,1.19,9.16,4.25,34.38,29.44
tight,Q1 low,38963.0,36779.0,19.51,18.06,1.29,1.28,2.46,1.53,42.12,33.47
tight,Q2,39070.0,36830.0,16.95,15.9,1.12,1.12,4.7,2.78,37.58,30.03
tight,Q3,39077.0,36832.0,15.33,14.65,1.02,1.04,6.11,3.88,33.71,26.59
tight,Q4,39070.0,36830.0,13.28,12.4,0.88,0.88,7.21,5.15,30.43,24.24
tight,Q5 high,39194.0,36896.0,10.4,9.72,0.69,0.69,8.35,6.57,25.2,19.61
new_high,"(-0.5, 0.5]",163465.0,154522.0,14.77,13.26,0.98,0.94,5.22,2.7,34.98,27.46
new_high,"(0.5, 1.5]",32384.0,30092.0,16.61,18.44,1.1,1.3,10.17,12.04,27.79,23.62
vol_surge,Q1 low,39026.0,36838.0,16.99,15.17,1.13,1.07,5.64,2.2,35.52,29.67
vol_surge,Q2,39132.0,36891.0,14.87,13.76,0.99,0.97,5.86,4.21,33.77,26.16
vol_surge,Q3,39154.0,36898.0,13.71,13.47,0.91,0.95,6.34,5.34,32.46,24.71
vol_surge,Q4,39132.0,36891.0,14.5,13.78,0.96,0.97,6.36,5.14,33.19,25.52
vol_surge,Q5 high,39255.0,36958.0,15.35,14.58,1.02,1.03,6.36,3.67,34.04,28.05
max_ret21,Q1 low,38913.0,36744.0,10.21,9.12,0.68,0.64,7.18,5.7,26.09,19.46
max_ret21,Q2,39034.0,36793.0,13.68,12.46,0.91,0.88,7.27,5.6,30.65,23.23
max_ret21,Q3,39030.0,36794.0,15.88,15.86,1.05,1.12,7.18,4.47,33.76,28.14
max_ret21,Q4,39030.0,36792.0,16.44,15.82,1.09,1.12,4.58,3.63,37.1,29.35
max_ret21,Q5 high,39153.0,36856.0,19.19,17.42,1.27,1.23,3.13,0.42,41.36,33.59
group_rs,Q1 low,22747.0,30822.0,10.56,7.81,0.7,0.55,-0.94,-0.37,36.33,26.88
group_rs,Q2,23246.0,30871.0,13.05,10.83,0.87,0.77,3.53,2.0,34.19,26.83
group_rs,Q3,23101.0,31146.0,15.38,13.28,1.02,0.94,9.16,5.55,31.22,26.05
group_rs,Q4,22965.0,30728.0,16.18,16.03,1.07,1.13,5.49,5.82,34.52,27.53
group_rs,Q5 high,23199.0,30916.0,17.15,19.51,1.14,1.38,8.14,4.93,32.82,29.04
rs,Q1 low,38592.0,36007.0,12.87,9.82,0.85,0.69,0.9,-0.24,38.4,30.0
rs,Q2,38701.0,36071.0,12.96,10.71,0.86,0.76,4.31,3.39,32.8,23.38
rs,Q3,38704.0,36065.0,13.4,12.74,0.89,0.9,8.21,6.14,30.1,23.79
rs,Q4,38701.0,36071.0,15.31,15.67,1.02,1.11,8.09,5.63,31.63,25.55
rs,Q5 high,38831.0,36130.0,20.92,21.09,1.39,1.49,9.67,6.29,35.51,31.32
size_pct,Q1 low,39055.0,36859.0,21.14,17.65,1.4,1.25,8.37,1.08,35.77,31.82
size_pct,Q2,39164.0,36922.0,18.41,14.25,1.22,1.01,5.28,1.28,36.64,31.2
size_pct,Q3,39182.0,36926.0,15.91,13.68,1.06,0.97,6.66,1.44,34.39,29.24
size_pct,Q4,39164.0,36922.0,12.7,14.97,0.84,1.06,5.13,6.9,33.18,24.75
size_pct,Q5 high,39284.0,36985.0,7.28,10.23,0.48,0.72,5.44,8.98,29.02,17.2
value_cr,"(0.0, 1.0]",32365.0,16354.0,20.16,19.47,1.34,1.38,7.54,2.8,37.16,30.82
value_cr,"(1.0, 5.0]",71655.0,55793.0,17.43,16.38,1.16,1.16,5.8,3.7,35.46,29.55
value_cr,"(5.0, 25.0]",45754.0,57710.0,15.17,14.39,1.01,1.02,7.24,2.24,32.2,28.5
value_cr,"(25.0, 100.0]",27145.0,32218.0,7.73,11.9,0.51,0.84,2.61,6.92,31.6,23.87
value_cr,"(100.0, inf]",18930.0,22539.0,7.79,7.43,0.52,0.53,8.03,6.02,28.72,17.2
ret6,"(-inf, 0.0]",74096.0,71249.0,13.1,10.63,0.87,0.75,1.1,-0.61,41.28,29.09
ret6,"(0.0, 0.25]",57442.0,57195.0,11.09,12.69,0.74,0.9,6.11,6.87,29.86,22.88
ret6,"(0.25, 0.5]",32063.0,29957.0,15.79,17.37,1.05,1.23,10.3,7.97,27.71,25.42
ret6,"(0.5, 1.0]",22491.0,19653.0,22.9,20.46,1.52,1.45,13.03,8.68,28.97,29.66
ret6,"(1.0, inf]",9696.0,6505.0,33.39,28.35,2.21,2.0,17.36,9.78,31.14,34.8
np_yoy,"(100.0, inf]",27952.0,22087.0,17.12,20.05,1.14,1.42,2.96,7.25,35.74,29.09
np_yoy,"(-inf, 0.0]",73340.0,70152.0,17.27,12.7,1.15,0.9,7.3,1.64,34.97,29.36
np_yoy,"(0.0, 25.0]",37035.0,39596.0,10.31,10.4,0.68,0.74,6.48,3.04,30.52,22.65
np_yoy,"(25.0, 50.0]",22688.0,24186.0,11.46,14.17,0.76,1.0,5.46,7.3,31.64,23.2
np_yoy,"(50.0, 100.0]",34834.0,28593.0,16.25,18.18,1.08,1.28,5.61,7.3,34.65,27.79
sales_yoy,"(-inf, 0.0]",59815.0,48542.0,21.32,13.44,1.41,0.95,17.72,-0.26,29.66,30.66
sales_yoy,"(0.0, 10.0]",40663.0,41057.0,13.18,10.8,0.87,0.76,8.61,1.9,30.84,24.99
sales_yoy,"(10.0, 20.0]",34952.0,38661.0,11.27,12.43,0.75,0.88,2.04,6.18,33.31,24.38
sales_yoy,"(20.0, 40.0]",30898.0,33813.0,11.71,15.47,0.78,1.09,-2.78,8.43,39.26,24.56
sales_yoy,"(40.0, inf]",28768.0,22475.0,13.12,22.45,0.87,1.59,-3.26,10.16,41.05,29.57
sales_accel,"(0.0, 10.0]",44081.0,46812.0,11.99,11.95,0.8,0.84,4.74,3.05,31.87,24.91
sales_accel,"(-inf, -10.0]",47215.0,46489.0,17.11,17.65,1.13,1.25,7.62,6.6,36.92,28.23
sales_accel,"(-10.0, 0.0]",46899.0,52636.0,13.62,10.49,0.9,0.74,7.02,3.15,34.61,25.19
sales_accel,"(10.0, inf]",56435.0,38486.0,17.08,17.4,1.13,1.23,5.59,4.44,31.8,29.69
np_accel,"(0.0, 25.0]",30784.0,33653.0,12.62,11.39,0.84,0.8,6.86,4.68,30.65,22.83
np_accel,"(-inf, -25.0]",57875.0,53372.0,15.33,14.96,1.02,1.06,4.06,2.75,36.11,28.87
np_accel,"(-25.0, 0.0]",49576.0,50438.0,13.75,12.72,0.91,0.9,5.02,3.59,35.19,27.24
np_accel,"(25.0, inf]",57115.0,46845.0,17.18,16.69,1.14,1.18,8.35,6.17,31.87,26.9
sales_min2,"(-inf, 0.0]",84009.0,66271.0,20.16,13.6,1.34,0.96,14.71,-0.58,29.89,30.7
sales_min2,"(25.0, inf]",28228.0,29619.0,11.89,20.24,0.79,1.43,-6.3,10.67,45.01,27.39
sales_min2,"(0.0, 15.0]",61629.0,63904.0,11.28,11.61,0.75,0.82,4.64,4.3,32.42,23.93
sales_min2,"(15.0, 25.0]",21230.0,24754.0,10.36,14.6,0.69,1.03,-2.25,10.3,37.99,23.28
np_min2,"(-inf, 0.0]",100506.0,93369.0,17.12,12.95,1.14,0.91,7.87,1.88,33.67,28.83
np_min2,"(0.0, 25.0]",38710.0,41047.0,9.92,11.36,0.66,0.8,5.93,4.72,30.81,22.4
np_min2,"(25.0, 50.0]",18795.0,18999.0,10.85,15.63,0.72,1.1,3.38,9.65,34.96,22.93
np_min2,"(50.0, inf]",37838.0,31199.0,17.03,20.39,1.13,1.44,2.82,7.39,36.59,29.1
sales_streak,"(-0.5, 0.5]",120349.0,110490.0,16.98,12.03,1.13,0.85,11.43,1.41,30.56,27.4
sales_streak,"(0.5, 1.5]",26229.0,19838.0,13.55,16.23,0.9,1.15,1.24,4.75,33.2,27.27
sales_streak,"(1.5, 3.5]",27660.0,20348.0,12.31,18.03,0.82,1.27,-2.36,7.73,37.01,27.01
sales_streak,"(3.5, inf]",21611.0,33938.0,9.86,17.41,0.65,1.23,-7.23,12.15,48.41,24.64
opm,"(25.0, inf]",49121.0,44465.0,10.85,14.3,0.72,1.01,0.69,7.83,35.0,22.38
opm,"(15.0, 25.0]",55714.0,44992.0,14.58,11.85,0.97,0.84,9.2,5.0,29.65,23.36
opm,"(-inf, 5.0]",25296.0,24314.0,19.1,15.72,1.27,1.11,7.64,-1.19,36.66,35.42
opm,"(5.0, 10.0]",27227.0,32040.0,18.59,16.03,1.23,1.13,6.91,1.98,36.47,31.58
opm,"(10.0, 15.0]",38491.0,38803.0,16.07,14.11,1.07,1.0,7.08,3.98,34.47,26.68
opm_chg,"(-inf, -3.0]",48025.0,43002.0,15.3,14.38,1.02,1.02,4.07,3.54,35.85,28.96
opm_chg,"(-3.0, 0.0]",43012.0,45854.0,12.84,11.63,0.85,0.82,4.3,1.75,34.65,26.69
opm_chg,"(0.0, 3.0]",47545.0,51675.0,14.7,13.17,0.98,0.93,8.63,4.24,31.68,25.76
opm_chg,"(3.0, 6.0]",24341.0,20425.0,15.83,15.24,1.05,1.08,10.23,7.87,29.84,23.53
opm_chg,"(6.0, inf]",32173.0,23592.0,17.81,19.6,1.18,1.39,4.64,7.0,35.5,28.44
opm_chg_q,"(-inf, -2.0]",57379.0,46728.0,14.53,13.66,0.96,0.97,4.82,1.34,34.41,29.81
opm_chg_q,"(-2.0, 0.0]",40161.0,42581.0,13.3,11.36,0.88,0.8,3.51,3.18,35.59,26.09
opm_chg_q,"(0.0, 2.0]",40452.0,46825.0,14.71,13.84,0.98,0.98,8.69,6.22,33.01,25.16
opm_chg_q,"(2.0, inf]",57844.0,48480.0,17.09,17.37,1.13,1.23,7.53,5.98,32.49,26.25
npm_chg,"(-inf, -2.0]",51637.0,51603.0,15.89,13.09,1.05,0.93,5.36,3.67,34.86,28.17
npm_chg,"(-2.0, 0.0]",34924.0,37726.0,13.19,10.95,0.87,0.77,3.34,2.16,36.36,25.97
npm_chg,"(0.0, 2.0]",40846.0,41942.0,13.58,13.97,0.9,0.99,7.18,3.02,31.66,26.46
npm_chg,"(2.0, 5.0]",30142.0,26665.0,15.35,15.65,1.02,1.11,10.06,7.96,30.85,23.72
npm_chg,"(5.0, inf]",37547.0,26612.0,17.21,19.39,1.14,1.37,5.65,6.12,34.44,29.16
record_sales,"(-0.5, 0.5]",142631.0,129025.0,16.49,14.65,1.09,1.04,8.21,2.53,33.17,28.38
record_sales,"(0.5, 1.5]",52465.0,55523.0,11.3,12.97,0.75,0.92,0.81,7.79,35.37,23.24
record_np,"(-0.5, 0.5]",160936.0,152574.0,15.35,14.22,1.02,1.0,6.17,3.03,34.08,27.61
record_np,"(0.5, 1.5]",34160.0,31974.0,13.9,13.81,0.92,0.98,6.0,9.63,32.25,23.12
ttm_cagr3,"(-inf, 0.0]",55580.0,44075.0,18.44,15.33,1.22,1.08,9.02,1.77,32.79,30.1
ttm_cagr3,"(40.0, inf]",31057.0,40669.0,16.61,15.67,1.1,1.11,-0.02,6.07,41.29,27.34
ttm_cagr3,"(0.0, 15.0]",43135.0,33767.0,12.56,10.64,0.83,0.75,7.99,4.18,28.25,23.18
ttm_cagr3,"(15.0, 25.0]",25353.0,20554.0,11.38,12.76,0.76,0.9,5.72,6.74,31.91,21.43
ttm_cagr3,"(25.0, 40.0]",20081.0,23347.0,13.94,15.41,0.92,1.09,6.96,7.83,33.26,23.78
roe,"(-inf, 0.0]",19878.0,13577.0,18.09,22.43,1.2,1.58,4.01,5.54,37.98,35.11
roe,"(0.0, 10.0]",51060.0,53182.0,17.74,16.55,1.18,1.17,7.23,1.94,34.85,30.84
roe,"(10.0, 15.0]",40140.0,42671.0,16.4,11.6,1.09,0.82,9.0,3.4,33.17,25.38
roe,"(15.0, 20.0]",33372.0,33190.0,12.98,12.21,0.86,0.86,7.64,4.77,32.0,22.65
roe,"(20.0, 30.0]",27999.0,25197.0,11.45,11.39,0.76,0.8,3.92,6.88,32.57,22.51
roe,"(30.0, inf]",12392.0,13823.0,11.12,14.22,0.74,1.0,0.12,4.07,32.82,25.73
sue,"(0.0, 1.0]",60935.0,62310.0,13.96,15.0,0.93,1.06,5.02,3.34,34.06,27.16
sue,"(-inf, 0.0]",69828.0,67533.0,17.08,12.56,1.13,0.89,7.68,1.95,34.47,28.79
sue,"(2.0, inf]",27945.0,23108.0,13.17,15.6,0.87,1.1,5.45,8.62,32.86,24.3
sue,"(1.0, 2.0]",33142.0,29235.0,14.48,15.13,0.96,1.07,6.74,8.49,31.69,22.76
streak,"(-0.5, 0.5]",103756.0,102288.0,15.13,11.86,1.0,0.84,6.85,2.15,33.79,27.26
streak,"(0.5, 1.5]",33463.0,27747.0,16.6,15.08,1.1,1.07,8.05,4.1,31.57,27.16
streak,"(1.5, 3.5]",34801.0,26796.0,15.43,18.38,1.02,1.3,5.51,8.03,31.84,25.41
streak,"(3.5, inf]",23829.0,27783.0,12.17,17.46,0.81,1.23,-0.4,8.53,39.82,26.33
inst_chg,"(-0.5, 0.5]",,78171.0,,6.11,,0.43,,-9.02,,35.5
inst_chg,"(2.0, inf]",,7492.0,,6.77,,0.48,,-5.78,,36.03
inst_chg,"(-inf, -0.5]",,21255.0,,8.11,,0.57,,-9.5,,39.57
inst_chg,"(0.5, 2.0]",,19537.0,,5.26,,0.37,,-6.57,,33.9
days_since_ann,"(-0.5, 14.0]",31021.0,29913.0,14.77,14.21,0.98,1.0,6.25,5.52,33.78,24.94
days_since_ann,"(14.0, 30.0]",32845.0,31605.0,14.09,13.51,0.93,0.95,5.81,3.77,34.32,27.46
days_since_ann,"(30.0, 60.0]",58353.0,57986.0,14.96,13.98,0.99,0.99,6.12,4.07,33.93,27.62
days_since_ann,"(60.0, inf]",73630.0,65110.0,15.73,14.6,1.04,1.03,6.12,3.74,33.46,26.71
