reaction band,period,n,before 3m %,1m %,1m beat %,3m %,3m beat %,6m %,6m beat %,12m %,12m beat %,12m n,12m mean %
< -10%,2016-22,202,3.9,-1.4,44.1,-4.6,34.8,-9.2,31.3,-12.9,37.2,199,-5.2
< -10%,2023-26,294,8.9,-0.8,46.6,0.2,50.2,1.1,51.2,-3.7,45.3,212,8.4
-10..-3%,2016-22,1742,2.6,-0.6,45.9,-1.5,45.0,-3.3,43.5,-4.9,42.3,1737,3.3
-10..-3%,2023-26,2357,3.0,-0.2,48.7,0.0,50.1,-1.2,48.0,-1.8,47.4,1656,8.5
-3..+3%,2016-22,4973,0.9,-0.1,48.9,-0.2,48.8,0.0,50.2,-0.1,49.7,4965,6.6
-3..+3%,2023-26,5748,1.3,0.1,50.3,-0.0,49.8,0.5,51.2,1.2,51.7,4118,10.6
+3..+10%,2016-22,1650,3.5,0.2,50.9,1.3,53.6,1.9,54.0,2.5,52.7,1649,13.0
+3..+10%,2023-26,2181,3.9,0.8,55.5,1.3,53.6,2.1,53.6,2.4,53.2,1536,13.9
+10..+20%,2016-22,326,6.5,0.3,51.8,0.3,50.6,0.2,50.6,0.6,51.5,326,5.9
+10..+20%,2023-26,498,9.4,2.1,57.2,4.2,58.0,4.9,58.2,5.6,56.2,324,18.2
> +20%,2016-22,38,2.5,2.4,57.9,7.9,68.4,4.3,52.6,-2.1,50.0,38,13.4
> +20%,2023-26,92,12.0,1.8,54.3,2.4,53.7,3.6,54.4,11.4,61.0,59,31.4
